0.64,-0.43,-0.6,0.98,-0.12,1.34,17.31,38.78,10.66,1.0
0.64,-0.43,-0.6,0.98,-0.12,1.34,17.31,38.78,10.66,1.0
0.63,-0.44,-0.64,1.46,0.12,1.65,16.77,38.51,9.16,1.0
0.64,-0.44,-0.66,-0.73,-1.16,2.14,16.77,38.51,9.16,1.0
0.63,-0.42,-0.65,-1.59,-1.59,1.83,16.77,38.51,9.16,1.0
0.63,-0.42,-0.65,-1.59,-1.59,1.83,16.77,38.51,9.16,1.0
0.64,-0.39,-0.66,-1.34,-2.38,1.53,17.3,38.92,9.09,1.0
0.64,-0.38,-0.65,-0.18,-2.93,0.98,17.3,38.92,9.09,1.0
0.64,-0.4,-0.64,3.66,-3.6,0.0,17.3,38.92,9.09,1.0
0.64,-0.4,-0.64,3.66,-3.6,0.0,17.3,38.92,9.09,1.0
0.65,-0.43,-0.6,5.74,-2.62,-0.24,17.3,38.92,9.09,1.0
0.64,-0.43,-0.61,5.68,-2.14,-0.43,17.15,38.68,10.19,1.0
0.64,-0.43,-0.61,5.68,-2.14,-0.43,17.15,38.68,10.19,1.0
0.64,-0.43,-0.61,5.68,-2.14,-0.43,17.15,38.68,10.19,1.0
0.64,-0.43,-0.61,5.68,-2.14,-0.43,17.15,38.68,10.19,1.0
0.64,-0.42,-0.62,5.43,-1.95,-0.73,17.15,38.68,10.19,1.0
0.63,-0.44,-0.63,1.34,-2.44,0.12,17.15,38.68,10.19,1.0
0.63,-0.43,-0.63,-0.92,-2.5,0.43,17.44,38.75,8.87,1.0
0.64,-0.41,-0.62,-1.71,-1.89,-0.12,17.44,38.75,8.87,1.0
0.64,-0.41,-0.62,-1.71,-1.89,-0.12,17.44,38.75,8.87,1.0
0.64,-0.44,-0.6,4.15,-1.77,0.73,17.63,38.45,9.12,1.0
0.64,-0.45,-0.61,4.58,-1.16,1.16,17.63,38.45,9.12,1.0
0.64,-0.45,-0.61,4.58,-1.16,1.16,17.63,38.45,9.12,1.0
0.64,-0.44,-0.61,1.04,0.18,2.01,17.63,38.45,9.12,1.0
0.64,-0.43,-0.62,0.31,0.18,2.56,17.29,39.18,9.39,1.0
0.64,-0.42,-0.66,0.67,0.43,4.03,17.29,39.18,9.39,1.0
0.64,-0.4,-0.62,2.14,0.55,3.48,17.29,39.18,9.39,1.0
0.64,-0.42,-0.63,4.15,0.67,3.66,17.63,38.33,10.13,1.0
0.63,-0.43,-0.62,3.72,1.16,3.91,17.63,38.33,10.13,1.0
0.63,-0.43,-0.62,3.72,1.16,3.91,17.63,38.33,10.13,1.0
0.64,-0.43,-0.63,1.83,1.46,3.97,17.63,38.33,10.13,1.0
0.64,-0.43,-0.63,1.83,1.46,3.97,17.63,38.33,10.13,1.0
0.65,-0.41,-0.63,-0.92,1.46,3.91,17.63,38.33,10.13,1.0
0.65,-0.41,-0.63,-0.92,1.46,3.91,17.63,38.33,10.13,1.0
0.66,-0.42,-0.64,-1.83,1.22,4.03,17.26,39.18,9.45,1.0
0.65,-0.41,-0.64,-1.83,1.22,4.03,17.26,39.18,9.45,1.0
0.65,-0.41,-0.64,-1.83,1.22,4.03,17.26,39.18,9.45,1.0
0.65,-0.42,-0.65,-1.71,-0.06,3.91,17.26,39.18,9.45,1.0
0.66,-0.4,-0.63,-1.59,-0.24,3.42,17.83,38.53,10.47,1.0
0.65,-0.4,-0.63,3.3,0.12,1.77,17.83,38.53,10.47,1.0
0.65,-0.41,-0.63,2.81,0.18,1.53,17.26,39.54,9.99,1.0
0.66,-0.4,-0.63,1.1,-0.12,1.4,17.26,39.54,9.99,1.0
0.65,-0.41,-0.63,0.31,-0.12,1.34,17.26,39.54,9.99,1.0
0.65,-0.41,-0.63,0.31,-0.12,1.34,17.26,39.54,9.99,1.0
0.66,-0.41,-0.64,-1.71,-0.49,1.46,17.26,39.54,9.99,1.0
0.66,-0.41,-0.63,-1.95,-0.18,1.34,17.7,39.55,10.0,1.0
0.65,-0.4,-0.62,-1.22,-0.06,1.04,17.7,39.55,10.0,1.0
0.66,-0.4,-0.62,0.43,0.24,0.85,17.7,39.55,10.0,1.0
0.66,-0.4,-0.62,0.43,0.24,0.85,17.7,39.55,10.0,1.0
0.65,-0.41,-0.62,-0.06,0.12,1.28,17.7,39.55,10.0,1.0
0.65,-0.41,-0.63,-0.43,0.06,1.65,17.55,38.55,9.23,1.0
0.65,-0.41,-0.63,-0.67,0.24,2.01,17.55,38.55,9.23,1.0
0.65,-0.41,-0.63,-0.67,0.24,2.01,17.55,38.55,9.23,1.0
0.65,-0.4,-0.64,0.67,-0.67,1.53,17.72,39.21,9.47,1.0
0.65,-0.4,-0.64,0.67,-0.67,1.53,17.72,39.21,9.47,1.0
0.64,-0.39,-0.63,0.55,-0.24,1.46,17.72,39.21,9.47,1.0
0.64,-0.39,-0.63,0.85,-0.31,1.22,17.72,39.21,9.47,1.0
0.64,-0.39,-0.63,0.85,-0.31,1.22,17.72,39.21,9.47,1.0
0.65,-0.4,-0.61,1.65,-0.18,1.1,17.72,39.21,9.47,1.0
0.65,-0.4,-0.61,1.65,-0.18,1.1,17.72,39.21,9.47,1.0
0.64,-0.39,-0.61,2.44,-0.06,1.22,17.54,39.04,9.66,1.0
0.64,-0.39,-0.63,3.54,-0.06,1.59,17.54,39.04,9.66,1.0
0.64,-0.39,-0.64,4.52,-0.37,1.71,17.54,39.04,9.66,1.0
0.64,-0.39,-0.64,4.52,-0.37,1.71,17.54,39.04,9.66,1.0
0.64,-0.39,-0.64,4.52,-0.37,1.71,17.54,39.04,9.66,1.0
0.64,-0.42,-0.63,3.48,-1.65,2.01,17.64,38.84,10.69,1.0
0.64,-0.42,-0.63,3.48,-1.65,2.01,17.64,38.84,10.69,1.0
0.65,-0.41,-0.63,1.1,-1.89,2.56,17.64,38.84,10.69,1.0
0.65,-0.41,-0.63,1.1,-1.89,2.56,17.64,38.84,10.69,1.0
0.65,-0.4,-0.62,1.46,-1.46,2.5,17.64,38.84,10.69,1.0
0.65,-0.4,-0.62,2.01,-1.34,2.62,17.82,38.7,9.05,1.0
0.65,-0.4,-0.62,2.01,-1.34,2.62,17.82,38.7,9.05,1.0
0.65,-0.39,-0.62,4.82,-0.24,3.05,17.82,38.7,9.05,1.0
0.65,-0.39,-0.62,4.82,-0.24,3.05,17.82,38.7,9.05,1.0
0.66,-0.42,-0.65,5.49,-0.55,2.38,17.66,38.45,9.91,1.0
0.67,-0.41,-0.63,0.79,-0.98,3.97,17.66,38.45,9.91,1.0
0.67,-0.41,-0.63,0.79,-0.98,3.97,17.66,38.45,9.91,1.0
0.67,-0.39,-0.64,0.12,-1.1,4.09,17.66,38.45,9.91,1.0
0.68,-0.39,-0.63,2.14,-0.37,3.17,17.37,38.93,10.64,1.0
0.68,-0.39,-0.65,4.09,-0.24,3.3,17.37,38.93,10.64,1.0
0.68,-0.39,-0.65,4.09,-0.24,3.3,17.37,38.93,10.64,1.0
0.68,-0.39,-0.65,4.09,-0.24,3.3,17.37,38.93,10.64,1.0
0.68,-0.4,-0.65,3.66,0.0,2.62,18.08,39.47,9.16,1.0
0.67,-0.4,-0.64,2.32,0.0,2.32,18.08,39.47,9.16,1.0
0.66,-0.37,-0.64,-3.23,-0.61,2.32,18.08,39.47,9.16,1.0
0.66,-0.37,-0.64,-3.23,-0.61,2.32,18.08,39.47,9.16,1.0
0.66,-0.37,-0.64,-3.23,-0.61,2.32,18.08,39.47,9.16,1.0
0.66,-0.37,-0.64,-3.23,-0.61,2.32,18.08,39.47,9.16,1.0
0.66,-0.37,-0.65,-3.6,-1.16,1.53,18.08,39.47,9.16,1.0
0.66,-0.35,-0.63,0.67,-1.16,-0.49,17.59,38.38,9.29,1.0
0.66,-0.38,-0.62,2.56,-1.16,-0.85,17.59,38.38,9.29,1.0
0.65,-0.38,-0.62,3.97,-1.1,-1.1,17.75,38.51,9.02,1.0
0.65,-0.38,-0.62,3.97,-1.1,-1.1,17.75,38.51,9.02,1.0
0.65,-0.38,-0.62,3.97,-1.1,-1.1,17.75,38.51,9.02,1.0
0.65,-0.39,-0.63,3.42,-0.92,-1.16,17.75,38.51,9.02,1.0
0.65,-0.39,-0.63,3.42,-0.92,-1.16,17.75,38.51,9.02,1.0
0.65,-0.39,-0.63,3.42,-0.92,-1.16,17.75,38.51,9.02,1.0
0.64,-0.38,-0.63,-0.55,-1.1,0.73,17.87,39.31,10.22,1.0
0.64,-0.38,-0.63,-0.55,-1.1,0.73,17.87,39.31,10.22,1.0
0.65,-0.36,-0.63,0.31,-0.55,-0.06,17.87,39.31,10.22,1.0
0.65,-0.38,-0.61,7.51,-0.18,0.55,17.57,39.16,10.25,1.0
0.65,-0.4,-0.62,8.54,0.73,0.67,17.57,39.16,10.25,1.0
0.65,-0.4,-0.62,8.54,0.73,0.67,17.57,39.16,10.25,1.0
0.65,-0.42,-0.64,6.84,1.28,0.98,17.57,39.16,10.25,1.0
0.66,-0.39,-0.65,1.65,1.22,1.28,17.6,38.79,9.86,1.0
0.66,-0.39,-0.65,1.65,1.22,1.28,17.6,38.79,9.86,1.0
0.66,-0.39,-0.65,1.65,1.22,1.28,17.6,38.79,9.86,1.0
0.66,-0.39,-0.65,1.65,1.22,1.28,17.6,38.79,9.86,1.0
0.65,-0.38,-0.65,0.67,1.22,1.71,17.6,38.79,9.86,1.0
0.66,-0.4,-0.65,0.43,0.55,2.32,17.6,38.79,9.86,1.0
0.66,-0.4,-0.65,0.43,0.55,2.32,17.6,38.79,9.86,1.0
0.66,-0.4,-0.64,0.18,-0.06,2.5,17.6,38.79,9.86,1.0
0.67,-0.38,-0.62,1.28,0.24,2.5,17.27,38.56,10.62,1.0
0.67,-0.39,-0.65,5.98,1.46,2.32,17.27,38.56,10.62,1.0
0.67,-0.39,-0.65,5.98,1.46,2.32,17.27,38.56,10.62,1.0
0.66,-0.34,-0.69,3.91,-0.12,0.92,17.25,38.06,9.69,1.0
0.67,-0.36,-0.69,2.56,-0.85,0.55,17.25,38.06,9.69,1.0
0.67,-0.36,-0.69,2.56,-0.85,0.55,17.25,38.06,9.69,1.0
0.67,-0.38,-0.65,-2.08,-2.32,0.55,17.25,38.06,9.69,1.0
0.68,-0.35,-0.62,2.38,-1.65,-0.92,17.64,39.5,10.66,1.0
0.68,-0.35,-0.62,2.38,-1.65,-0.92,17.64,39.5,10.66,1.0
0.68,-0.39,-0.63,3.17,-1.28,-1.22,17.64,39.5,10.66,1.0
0.67,-0.42,-0.63,1.53,-1.16,0.06,17.64,39.5,10.66,1.0
0.67,-0.42,-0.63,1.53,-1.16,0.06,17.64,39.5,10.66,1.0
0.65,-0.37,-0.63,0.55,-0.79,0.06,17.88,38.89,10.68,1.0
0.65,-0.37,-0.63,0.55,-0.79,0.06,17.88,38.89,10.68,1.0
0.66,-0.4,-0.65,0.12,-0.24,-0.73,17.88,38.89,10.68,1.0
0.66,-0.38,-0.65,-1.28,-0.43,-0.31,17.88,38.89,10.68,1.0
0.66,-0.37,-0.63,-0.43,-0.49,0.98,17.97,37.79,10.22,1.0
0.65,-0.4,-0.62,2.38,0.43,2.08,17.97,37.79,10.22,1.0
0.66,-0.38,-0.63,2.99,0.73,1.95,17.97,37.79,10.22,1.0
0.65,-0.38,-0.64,3.3,0.37,2.44,17.94,38.99,9.86,1.0
0.65,-0.38,-0.64,3.3,0.37,2.44,17.94,38.99,9.86,1.0
0.63,-0.35,-0.64,5.92,0.98,2.5,17.94,38.99,9.86,1.0
0.65,-0.34,-0.64,6.59,1.04,2.38,17.41,38.72,10.19,1.0
0.65,-0.34,-0.64,6.59,1.04,2.38,17.41,38.72,10.19,1.0
0.65,-0.34,-0.64,7.87,1.59,1.53,17.41,38.72,10.19,1.0
0.65,-0.34,-0.64,7.87,1.59,1.53,17.41,38.72,10.19,1.0
0.65,-0.34,-0.64,7.87,1.59,1.53,17.41,38.72,10.19,1.0
0.65,-0.35,-0.62,8.61,1.71,1.53,17.41,38.72,10.19,1.0
0.65,-0.35,-0.61,9.46,2.08,1.53,17.41,38.72,10.19,1.0
0.64,-0.34,-0.61,10.62,2.56,1.46,17.41,38.72,10.19,1.0
0.65,-0.31,-0.65,15.69,3.6,0.18,17.69,38.38,11.23,1.0
0.65,-0.31,-0.65,15.69,3.6,0.18,17.69,38.38,11.23,1.0
0.65,-0.31,-0.65,15.69,3.6,0.18,17.69,38.38,11.23,1.0
0.67,-0.38,-0.68,17.33,1.1,-0.24,17.69,38.38,11.23,1.0
0.66,-0.4,-0.68,14.65,0.37,0.55,17.85,38.33,10.67,1.0
0.66,-0.41,-0.67,5.92,-0.12,2.26,17.85,38.33,10.67,1.0
0.67,-0.41,-0.68,1.16,-0.24,3.11,17.85,38.33,10.67,1.0
0.67,-0.41,-0.68,1.16,-0.24,3.11,17.85,38.33,10.67,1.0
0.68,-0.36,-0.66,-6.23,0.98,4.21,17.72,37.82,12.34,1.0
0.68,-0.35,-0.67,-5.25,1.4,4.39,17.72,37.82,12.34,1.0
0.67,-0.33,-0.68,0.55,1.53,3.66,17.72,37.82,12.34,1.0
0.67,-0.33,-0.68,0.55,1.53,3.66,17.72,37.82,12.34,1.0
0.66,-0.34,-0.68,2.08,1.22,3.66,17.77,37.84,9.9,1.0
0.66,-0.34,-0.63,3.91,0.92,3.11,17.77,37.84,9.9,1.0
0.66,-0.35,-0.65,4.88,0.73,3.05,17.77,37.84,9.9,1.0
0.65,-0.34,-0.65,4.03,0.18,2.87,18.05,38.38,10.46,1.0
0.65,-0.33,-0.66,1.46,-0.37,2.81,18.05,38.38,10.46,1.0
0.65,-0.32,-0.67,0.73,-0.92,2.81,18.05,38.38,10.46,1.0
0.65,-0.32,-0.67,0.73,-0.92,2.81,18.05,38.38,10.46,1.0
0.65,-0.3,-0.66,1.83,-1.1,2.26,18.05,38.38,10.46,1.0
0.65,-0.28,-0.65,4.21,-1.04,1.83,18.04,37.88,11.35,1.0
0.65,-0.28,-0.66,10.74,-0.85,0.31,18.04,37.88,11.35,1.0
0.64,-0.28,-0.66,14.53,-0.85,-0.43,18.04,37.88,11.35,1.0
0.64,-0.28,-0.66,14.53,-0.85,-0.43,18.04,37.88,11.35,1.0
0.64,-0.28,-0.66,21.42,-1.04,-0.79,18.04,37.88,11.35,1.0
0.64,-0.31,-0.65,23.5,-1.22,-0.55,18.04,37.88,11.35,1.0
0.64,-0.43,-0.63,19.29,-1.04,1.53,18.44,37.3,11.55,1.0
0.63,-0.43,-0.63,9.16,-0.55,5.98,18.44,37.3,11.55,1.0
0.63,-0.4,-0.63,5.55,0.61,7.08,18.44,37.3,11.55,1.0
0.62,-0.31,-0.64,4.21,1.22,8.12,18.41,38.0,10.45,1.0
0.62,-0.31,-0.64,4.21,1.22,8.12,18.41,38.0,10.45,1.0
0.63,-0.25,-0.65,13.55,3.66,8.36,18.41,38.0,10.45,1.0
0.63,-0.25,-0.66,17.52,3.85,8.73,18.41,38.0,10.45,1.0
0.62,-0.23,-0.67,21.42,3.78,8.91,18.85,37.34,11.77,1.0
0.62,-0.27,-0.65,28.14,4.03,9.16,18.85,37.34,11.77,1.0
0.62,-0.27,-0.65,28.14,4.03,9.16,18.85,37.34,11.77,1.0
0.63,-0.29,-0.66,27.65,4.76,8.48,18.85,37.34,11.77,1.0
0.63,-0.29,-0.66,25.21,4.52,8.54,18.85,37.34,11.77,1.0
0.64,-0.33,-0.69,11.72,3.23,11.17,18.08,37.44,11.0,1.0
0.64,-0.3,-0.69,-0.43,2.26,13.12,18.08,37.44,11.0,1.0
0.65,-0.26,-0.69,-5.86,1.83,13.12,18.08,37.44,11.0,1.0
0.65,-0.26,-0.69,-7.02,2.26,12.51,18.08,37.44,11.0,1.0
0.67,-0.22,-0.7,-7.02,2.62,11.78,18.42,37.32,12.6,1.0
0.67,-0.22,-0.7,-7.02,2.62,11.78,18.42,37.32,12.6,1.0
0.68,-0.19,-0.69,-1.16,3.05,10.25,18.42,37.32,12.6,1.0
0.69,-0.21,-0.69,5.8,3.6,8.0,18.42,37.32,12.6,1.0
0.68,-0.22,-0.69,7.26,3.97,6.77,18.42,37.32,12.6,1.0
1.42,0.27,-0.15,-52.86,46.75,-13.31,26.9,14.23,9.46,2.0
1.21,0.31,0.04,-61.34,50.42,-12.33,26.9,14.23,9.46,2.0
1.09,0.34,0.12,-61.34,50.42,-12.33,26.9,14.23,9.46,2.0
0.87,0.53,0.34,-77.33,41.38,-3.6,26.9,14.23,9.46,2.0
0.6,0.76,0.71,-67.02,34.48,-1.77,27.86,13.88,10.19,2.0
0.6,0.76,0.71,-67.02,34.48,-1.77,27.86,13.88,10.19,2.0
0.4,0.86,0.98,-39.06,18.74,2.08,27.86,13.88,10.19,2.0
0.4,0.86,0.98,-39.06,18.74,2.08,27.86,13.88,10.19,2.0
0.19,0.93,1.22,-21.91,11.11,3.91,27.86,13.88,10.19,2.0
0.19,0.93,1.22,-21.91,11.11,3.91,27.86,13.88,10.19,2.0
-0.3,0.83,1.69,5.92,0.06,9.34,27.86,13.88,10.19,2.0
-0.3,0.83,1.69,12.02,-2.08,10.31,27.66,14.43,10.9,2.0
-0.8,0.5,1.75,3.66,-3.78,14.83,27.66,14.43,10.9,2.0
-0.8,0.5,1.75,3.66,-3.78,14.83,27.66,14.43,10.9,2.0
-0.22,0.69,1.34,21.61,-23.93,19.53,27.09,14.1,10.22,2.0
0.47,0.72,0.93,73.91,-41.38,10.68,27.09,14.1,10.22,2.0
0.47,0.72,0.93,73.91,-41.38,10.68,27.09,14.1,10.22,2.0
0.47,0.72,0.93,73.91,-41.38,10.68,27.09,14.1,10.22,2.0
0.71,0.55,0.7,96.44,-63.72,6.1,27.09,14.1,10.22,2.0
1.17,0.34,0.24,122.31,-75.01,2.62,27.45,14.04,9.05,2.0
1.76,0.46,-0.37,111.94,-63.11,-7.02,27.45,14.04,9.05,2.0
1.76,0.46,-0.37,111.94,-63.11,-7.02,27.45,14.04,9.05,2.0
1.76,0.46,-0.37,111.94,-63.11,-7.02,27.45,14.04,9.05,2.0
1.76,0.46,-0.37,111.94,-63.11,-7.02,27.45,14.04,9.05,2.0
1.76,0.46,-0.37,111.94,-63.11,-7.02,27.45,14.04,9.05,2.0
1.76,0.46,-0.37,111.94,-63.11,-7.02,27.45,14.04,9.05,2.0
1.76,0.46,-0.37,111.94,-63.11,-7.02,27.45,14.04,9.05,2.0
1.91,0.3,-0.59,105.04,-49.13,-10.56,27.45,14.04,9.05,2.0
1.73,0.2,-0.62,-12.94,19.53,-12.94,27.42,14.04,8.23,2.0
1.73,0.2,-0.62,-12.94,19.53,-12.94,27.42,14.04,8.23,2.0
1.44,0.36,-0.27,-53.1,50.96,-13.31,27.42,14.04,8.23,2.0
1.35,0.44,-0.09,-65.25,62.38,-12.82,27.42,14.04,8.23,2.0
0.68,0.35,0.92,-56.52,56.27,-0.79,27.31,14.18,9.28,2.0
-0.27,0.84,1.46,-36.56,13.92,27.16,27.66,13.94,9.81,2.0
-0.27,0.84,1.46,-36.56,13.92,27.16,27.66,13.94,9.81,2.0
-0.36,0.99,1.59,7.2,-2.14,25.15,27.66,13.94,9.81,2.0
-0.36,0.99,1.59,7.2,-2.14,25.15,27.66,13.94,9.81,2.0
-0.36,0.99,1.59,7.2,-2.14,25.15,27.66,13.94,9.81,2.0
-0.39,1.01,1.63,34.06,-7.32,22.58,27.19,13.99,10.22,2.0
-0.39,1.01,1.63,34.06,-7.32,22.58,27.19,13.99,10.22,2.0
-0.39,1.01,1.63,34.06,-7.32,22.58,27.19,13.99,10.22,2.0
-0.32,0.42,1.38,63.05,-15.08,23.62,27.19,13.99,10.22,2.0
-0.32,0.42,1.38,63.05,-15.08,23.62,27.19,13.99,10.22,2.0
-0.32,0.42,1.38,63.05,-15.08,23.62,27.19,13.99,10.22,2.0
-0.23,0.12,1.06,54.57,-15.75,26.12,27.19,13.99,10.22,2.0
-0.23,0.12,1.06,54.57,-15.75,26.12,27.19,13.99,10.22,2.0
-0.23,0.12,1.06,54.57,-15.75,26.12,27.19,13.99,10.22,2.0
0.03,0.2,0.95,43.09,-15.69,30.27,26.76,13.68,9.94,2.0
0.03,0.2,0.95,43.09,-15.69,30.27,26.76,13.68,9.94,2.0
0.81,0.85,0.43,77.39,-33.39,31.13,26.76,13.68,9.94,2.0
0.81,0.85,0.43,77.39,-33.39,31.13,26.76,13.68,9.94,2.0
0.81,0.85,0.43,77.39,-33.39,31.13,26.76,13.68,9.94,2.0
1.52,0.31,-0.38,22.22,1.95,-20.94,27.06,13.65,8.23,2.0
1.52,0.31,-0.38,22.22,1.95,-20.94,27.06,13.65,8.23,2.0
1.24,0.2,-0.1,-81.42,35.03,-19.47,27.06,13.65,8.23,2.0
0.84,0.7,0.57,-114.38,29.11,-9.46,27.69,13.62,10.22,2.0
0.84,0.7,0.57,-114.38,29.11,-9.46,27.69,13.62,10.22,2.0
0.24,0.77,1.2,-77.88,2.5,-2.32,27.69,13.62,10.22,2.0
0.24,0.77,1.2,-77.88,2.5,-2.32,27.69,13.62,10.22,2.0
-0.26,0.71,1.66,-7.93,-9.52,6.84,27.38,14.36,10.01,2.0
-0.26,0.71,1.66,-7.93,-9.52,6.84,27.38,14.36,10.01,2.0
-0.26,0.71,1.66,-7.93,-9.52,6.84,27.38,14.36,10.01,2.0
-0.26,0.71,1.66,-7.93,-9.52,6.84,27.38,14.36,10.01,2.0
-0.6,0.48,1.84,31.92,-7.69,9.34,27.38,14.36,10.01,2.0
-0.6,0.48,1.84,30.58,-4.7,13.43,27.38,14.36,10.01,2.0
-0.6,0.48,1.84,30.58,-4.7,13.43,27.38,14.36,10.01,2.0
-0.17,0.46,1.23,18.25,-4.58,23.93,27.15,13.84,10.4,2.0
-0.17,0.46,1.23,18.25,-4.58,23.93,27.15,13.84,10.4,2.0
-0.17,0.46,1.23,18.25,-4.58,23.93,27.15,13.84,10.4,2.0
0.26,0.51,0.94,25.88,-10.01,24.66,27.15,13.84,10.4,2.0
0.26,0.51,0.94,25.88,-10.01,24.66,27.15,13.84,10.4,2.0
1.21,0.71,0.16,97.72,-48.4,6.59,27.27,13.59,8.9,2.0
1.62,0.57,-0.33,105.53,-47.85,-1.4,27.27,13.59,8.9,2.0
1.7,0.23,-0.61,56.52,-20.51,-13.79,27.55,13.94,7.58,2.0
1.7,0.23,-0.61,56.52,-20.51,-13.79,27.55,13.94,7.58,2.0
1.5,0.3,-0.45,-64.76,22.52,-5.74,27.55,13.94,7.58,2.0
1.21,0.68,0.16,-91.98,43.46,-4.82,26.93,13.83,8.4,2.0
1.0,0.92,0.53,-84.78,42.36,-6.35,26.93,13.83,8.4,2.0
0.87,0.85,0.69,-56.76,36.8,-9.64,26.93,13.83,8.4,2.0
0.87,0.85,0.69,-56.76,36.8,-9.64,26.93,13.83,8.4,2.0
0.47,0.52,1.42,-44.13,27.04,-4.46,27.4,13.62,9.77,2.0
-0.01,0.56,1.6,-39.79,23.44,-0.85,27.4,13.62,9.77,2.0
-0.27,0.74,1.73,-39.79,23.44,-0.85,27.4,13.62,9.77,2.0
-0.72,0.81,1.75,14.04,1.71,-7.57,27.28,14.11,9.68,2.0
-0.72,0.81,1.75,14.04,1.71,-7.57,27.28,14.11,9.68,2.0
-0.7,0.53,1.55,40.59,-1.83,-6.04,27.28,14.11,9.68,2.0
-0.7,0.53,1.55,40.59,-1.83,-6.04,27.28,14.11,9.68,2.0
-0.41,0.14,1.16,38.27,-5.55,-1.22,27.28,14.11,9.68,2.0
-0.41,0.14,1.16,38.27,-5.55,-1.22,27.28,14.11,9.68,2.0
-0.04,0.23,0.99,31.19,-12.02,8.97,27.28,14.11,9.68,2.0
0.16,0.4,0.94,42.91,-23.38,16.24,26.94,13.87,9.19,2.0
0.16,0.4,0.94,42.91,-23.38,16.24,26.94,13.87,9.19,2.0
0.96,0.86,0.5,82.76,-38.88,17.33,26.94,13.87,9.19,2.0
1.61,0.74,-0.14,138.67,-39.86,-2.87,26.94,13.87,9.19,2.0
1.61,0.74,-0.14,138.67,-39.86,-2.87,26.94,13.87,9.19,2.0
1.61,0.74,-0.14,138.67,-39.86,-2.87,26.94,13.87,9.19,2.0
1.61,0.74,-0.14,138.67,-39.86,-2.87,26.94,13.87,9.19,2.0
1.63,0.25,-0.52,13.67,26.92,-26.25,27.06,14.88,8.81,2.0
1.63,0.25,-0.52,13.67,26.92,-26.25,27.06,14.88,8.81,2.0
1.52,0.42,-0.47,-52.92,46.81,-26.43,27.06,14.88,8.81,2.0
1.29,0.14,-0.14,-76.66,59.14,-23.99,27.33,14.97,8.03,2.0
0.59,0.71,0.94,-99.43,33.69,5.49,26.78,13.94,10.63,2.0
0.59,0.71,0.94,-99.43,33.69,5.49,26.78,13.94,10.63,2.0
0.02,1.37,1.6,-67.93,20.94,4.7,26.78,13.94,10.63,2.0
-0.25,1.47,1.76,24.54,6.1,-8.73,26.78,13.94,10.63,2.0
-0.25,1.47,1.76,24.54,6.1,-8.73,26.78,13.94,10.63,2.0
-0.25,1.47,1.76,24.54,6.1,-8.73,26.78,13.94,10.63,2.0
-0.25,1.47,1.76,24.54,6.1,-8.73,26.78,13.94,10.63,2.0
-0.25,1.47,1.76,24.54,6.1,-8.73,26.78,13.94,10.63,2.0
-0.55,1.23,1.85,55.85,2.87,-16.91,26.78,13.94,10.63,2.0
-0.77,0.94,1.88,67.14,1.83,-22.71,26.78,13.94,10.63,2.0
-0.77,0.94,1.88,67.14,1.83,-22.71,26.78,13.94,10.63,2.0
-0.51,0.07,1.42,29.6,0.06,-10.01,26.92,14.73,9.48,2.0
-0.51,0.07,1.42,29.6,0.06,-10.01,26.92,14.73,9.48,2.0
-0.51,0.07,1.42,29.6,0.06,-10.01,26.92,14.73,9.48,2.0
-0.51,0.07,1.42,29.6,0.06,-10.01,26.92,14.73,9.48,2.0
0.0,0.23,1.23,25.88,0.31,-4.64,26.92,14.73,9.48,2.0
0.0,0.23,1.23,25.88,0.31,-4.64,26.92,14.73,9.48,2.0
0.0,0.23,1.23,25.88,0.31,-4.64,26.92,14.73,9.48,2.0
0.0,0.23,1.23,25.88,0.31,-4.64,26.92,14.73,9.48,2.0
0.0,0.23,1.23,25.88,0.31,-4.64,26.92,14.73,9.48,2.0
1.07,0.47,0.17,98.14,-36.13,11.29,27.6,15.03,8.91,2.0
1.41,0.4,-0.52,67.99,-45.53,3.11,26.77,14.76,7.96,2.0
1.6,0.39,-0.71,45.72,-40.83,-0.55,26.77,14.76,7.96,2.0
1.6,0.39,-0.71,45.72,-40.83,-0.55,26.77,14.76,7.96,2.0
1.45,0.17,-0.55,-40.83,-14.89,2.99,26.62,14.59,8.9,2.0
1.24,0.71,0.31,-98.08,13.12,9.58,26.62,14.59,8.9,2.0
1.24,0.71,0.31,-98.08,13.12,9.58,26.62,14.59,8.9,2.0
1.24,0.71,0.31,-98.08,13.12,9.58,26.62,14.59,8.9,2.0
1.24,0.71,0.31,-98.08,13.12,9.58,26.62,14.59,8.9,2.0
1.24,0.71,0.31,-98.08,13.12,9.58,26.62,14.59,8.9,2.0
1.24,0.71,0.31,-98.08,13.12,9.58,26.62,14.59,8.9,2.0
-0.23,0.97,1.93,-81.97,1.95,0.73,27.76,14.54,8.35,2.0
-0.48,1.0,2.02,-30.76,4.76,-3.91,27.38,13.99,10.42,2.0
-0.83,0.91,1.99,-3.23,6.96,-5.31,27.38,13.99,10.42,2.0
-0.67,0.23,1.58,26.86,12.02,-3.17,27.38,13.99,10.42,2.0
-0.67,0.23,1.58,26.86,12.02,-3.17,27.38,13.99,10.42,2.0
0.5,0.57,0.84,67.14,-18.43,19.47,26.77,14.16,9.5,2.0
1.36,0.28,-0.1,117.55,-30.09,6.23,26.94,14.38,8.85,2.0
1.81,0.2,-1.02,60.55,-9.28,-4.7,26.94,14.38,8.85,2.0
1.81,0.2,-1.02,60.55,-9.28,-4.7,26.94,14.38,8.85,2.0
1.81,0.2,-1.02,60.55,-9.28,-4.7,26.94,14.38,8.85,2.0
1.81,0.2,-1.02,60.55,-9.28,-4.7,26.94,14.38,8.85,2.0
1.81,0.2,-1.02,60.55,-9.28,-4.7,26.94,14.38,8.85,2.0
1.77,0.28,-0.98,-27.65,2.2,-10.8,26.94,14.38,8.85,2.0
1.82,0.37,-1.0,-64.58,9.28,-16.24,26.64,15.0,8.9,2.0
1.82,0.37,-1.0,-64.58,9.28,-16.24,26.64,15.0,8.9,2.0
1.82,0.37,-1.0,-64.58,9.28,-16.24,26.64,15.0,8.9,2.0
1.71,0.53,-0.74,-93.14,16.85,-20.75,26.64,15.0,8.9,2.0
1.45,0.72,-0.05,-104.19,35.52,-31.8,26.64,15.0,8.9,2.0
0.3,0.72,1.36,-48.03,19.84,-33.51,27.09,14.65,9.53,2.0
0.3,0.72,1.36,-48.03,19.84,-33.51,27.09,14.65,9.53,2.0
0.3,0.72,1.36,-48.03,19.84,-33.51,27.09,14.65,9.53,2.0
-0.36,0.86,2.03,-42.91,13.67,-27.77,27.66,15.3,11.0,2.0
-0.36,0.86,2.03,-42.91,13.67,-27.77,27.66,15.3,11.0,2.0
-0.82,0.68,2.07,14.65,26.98,-23.99,27.66,15.3,11.0,2.0
-0.79,0.2,1.63,48.1,30.4,-7.02,27.66,15.3,11.0,2.0
-0.79,0.2,1.63,48.1,30.4,-7.02,27.66,15.3,11.0,2.0
0.02,0.24,1.08,69.52,26.49,13.92,27.6,14.87,10.96,2.0
0.48,0.36,0.73,86.18,9.95,21.36,27.6,14.87,10.96,2.0
0.48,0.36,0.73,86.18,9.95,21.36,27.6,14.87,10.96,2.0
0.48,0.36,0.73,86.18,9.95,21.36,27.6,14.87,10.96,2.0
1.21,0.7,-0.03,123.23,-21.55,11.29,27.0,15.05,9.48,2.0
1.21,0.7,-0.03,123.23,-21.55,11.29,27.0,15.05,9.48,2.0
1.21,0.7,-0.03,123.23,-21.55,11.29,27.0,15.05,9.48,2.0
1.21,0.7,-0.03,123.23,-21.55,11.29,27.0,15.05,9.48,2.0
1.21,0.7,-0.03,123.23,-21.55,11.29,27.0,15.05,9.48,2.0
1.21,0.7,-0.03,123.23,-21.55,11.29,27.0,15.05,9.48,2.0
1.49,0.36,-0.5,109.25,-30.33,-12.94,27.0,15.05,9.48,2.0
1.49,0.36,-0.5,109.25,-30.33,-12.94,27.0,15.05,9.48,2.0
1.49,0.36,-0.5,109.25,-30.33,-12.94,27.0,15.05,9.48,2.0
1.7,0.22,-0.92,84.59,-29.17,-22.71,27.0,15.05,9.48,2.0
1.66,0.18,-0.87,25.51,-15.99,-30.7,27.19,15.09,8.33,2.0
1.66,0.18,-0.87,25.51,-15.99,-30.7,27.19,15.09,8.33,2.0
1.44,-0.0,-0.59,-48.4,13.67,-21.0,27.19,15.09,8.33,2.0
1.16,0.6,0.02,-107.12,30.15,1.53,27.33,15.91,9.51,2.0
-0.29,0.74,1.6,-6.65,-36.01,-2.5,26.89,15.16,10.25,2.0
-0.29,0.74,1.6,-6.65,-36.01,-2.5,26.89,15.16,10.25,2.0
-0.65,0.52,1.81,19.41,-35.1,-2.2,27.51,14.75,9.16,2.0
-0.65,0.52,1.81,19.41,-35.1,-2.2,27.51,14.75,9.16,2.0
-0.65,0.52,1.81,19.41,-35.1,-2.2,27.51,14.75,9.16,2.0
-0.65,0.52,1.81,19.41,-35.1,-2.2,27.51,14.75,9.16,2.0
-0.45,0.28,1.52,48.83,-31.13,9.83,27.51,14.75,9.16,2.0
-0.45,0.28,1.52,48.83,-31.13,9.83,27.51,14.75,9.16,2.0
-0.45,0.28,1.52,48.83,-31.13,9.83,27.51,14.75,9.16,2.0
-0.28,0.18,1.33,59.69,-30.46,16.17,27.51,14.75,9.16,2.0
-0.28,0.18,1.33,59.69,-30.46,16.17,27.51,14.75,9.16,2.0
-0.28,0.18,1.33,59.69,-30.46,16.17,27.51,14.75,9.16,2.0
-0.28,0.18,1.33,59.69,-30.46,16.17,27.51,14.75,9.16,2.0
-0.28,0.18,1.33,59.69,-30.46,16.17,27.51,14.75,9.16,2.0
-0.28,0.18,1.33,59.69,-30.46,16.17,27.51,14.75,9.16,2.0
0.2,0.21,0.82,69.76,-47.06,35.1,27.8,15.04,9.36,2.0
0.59,0.26,0.72,70.01,-55.3,40.34,27.8,15.04,9.36,2.0
0.59,0.26,0.72,70.01,-55.3,40.34,27.8,15.04,9.36,2.0
1.29,0.57,0.09,79.96,-67.38,31.13,27.7,14.37,7.19,2.0
1.69,0.48,-0.37,22.77,-37.05,16.66,27.7,14.37,7.19,2.0
1.69,0.48,-0.37,22.77,-37.05,16.66,27.7,14.37,7.19,2.0
1.69,0.37,-0.34,-29.05,-8.06,10.56,27.54,14.17,6.19,2.0
0.55,0.84,1.0,-51.45,-4.82,-4.27,27.32,14.34,7.04,2.0
0.29,0.88,1.25,-31.13,-10.19,-6.65,27.32,14.34,7.04,2.0
0.29,0.88,1.25,-31.13,-10.19,-6.65,27.32,14.34,7.04,2.0
0.29,0.88,1.25,-31.13,-10.19,-6.65,27.32,14.34,7.04,2.0
-0.56,0.91,2.04,19.78,-10.56,-19.17,27.23,13.95,8.48,2.0
-0.78,0.65,2.13,40.71,-7.14,-22.4,27.23,13.95,8.48,2.0
-0.78,0.65,2.13,40.71,-7.14,-22.4,27.23,13.95,8.48,2.0
-0.78,0.65,2.13,40.71,-7.14,-22.4,27.23,13.95,8.48,2.0
-0.78,0.65,2.13,40.71,-7.14,-22.4,27.23,13.95,8.48,2.0
-0.78,0.65,2.13,40.71,-7.14,-22.4,27.23,13.95,8.48,2.0
-0.81,-0.14,1.77,41.38,30.64,6.04,27.23,13.95,8.48,2.0
-0.81,-0.14,1.77,41.38,30.64,6.04,27.23,13.95,8.48,2.0
-0.81,-0.14,1.77,41.38,30.64,6.04,27.23,13.95,8.48,2.0
-0.81,-0.14,1.77,41.38,30.64,6.04,27.23,13.95,8.48,2.0
-0.81,-0.14,1.77,41.38,30.64,6.04,27.23,13.95,8.48,2.0
-0.81,-0.14,1.77,41.38,30.64,6.04,27.23,13.95,8.48,2.0
-0.81,-0.14,1.77,41.38,30.64,6.04,27.23,13.95,8.48,2.0
-0.62,-0.15,1.49,16.66,26.61,16.48,27.51,14.32,7.58,2.0
-0.62,-0.15,1.49,16.66,26.61,16.48,27.51,14.32,7.58,2.0
0.06,0.42,1.27,43.64,23.86,28.69,27.51,14.32,7.58,2.0
0.52,0.57,0.86,67.14,16.05,27.22,27.51,14.32,7.58,2.0
1.37,0.35,-0.19,113.1,-9.4,-0.67,27.08,14.07,7.74,2.0
1.37,0.35,-0.19,113.1,-9.4,-0.67,27.08,14.07,7.74,2.0
1.59,0.34,-0.61,-0.73,9.28,-8.18,26.87,14.44,6.34,2.0
1.59,0.34,-0.61,-0.73,9.28,-8.18,26.87,14.44,6.34,2.0
0.88,0.59,0.21,-109.92,-16.48,32.96,27.23,13.51,7.84,2.0
0.88,0.59,0.21,-109.92,-16.48,32.96,27.23,13.51,7.84,2.0
0.6,0.75,0.46,-100.46,-28.93,33.26,27.23,13.51,7.84,2.0
0.6,0.75,0.46,-100.46,-28.93,33.26,27.23,13.51,7.84,2.0
0.6,0.75,0.46,-100.46,-28.93,33.26,27.23,13.51,7.84,2.0
0.6,0.75,0.46,-100.46,-28.93,33.26,27.23,13.51,7.84,2.0
0.46,0.79,0.54,-73.24,-53.34,28.14,27.23,13.51,7.84,2.0
0.07,1.04,1.13,-48.52,-75.26,15.75,27.23,13.51,7.84,2.0
-0.57,1.15,1.75,14.83,-86.12,-9.52,26.45,13.62,7.52,2.0
-0.57,1.15,1.75,14.83,-86.12,-9.52,26.45,13.62,7.52,2.0
-0.98,0.77,2.09,83.37,-59.69,-18.31,26.45,13.62,7.52,2.0
-0.51,-0.15,1.68,40.47,-21.79,0.92,26.84,14.2,6.32,2.0
-0.02,0.34,1.49,16.3,-1.28,17.46,26.84,14.2,6.32,2.0
-0.02,0.34,1.49,16.3,-1.28,17.46,26.84,14.2,6.32,2.0
0.65,0.68,1.13,46.75,-1.28,15.81,26.23,14.17,4.94,2.0
0.81,0.76,0.98,66.65,-3.42,10.56,26.23,14.17,4.94,2.0
0.81,0.76,0.98,66.65,-3.42,10.56,26.23,14.17,4.94,2.0
1.08,0.62,0.58,101.87,-4.03,-4.58,26.23,14.17,4.94,2.0
1.22,0.51,0.4,107.06,-1.34,-10.5,26.89,13.54,5.29,2.0
1.22,0.51,0.4,107.06,-1.34,-10.5,26.89,13.54,5.29,2.0
1.22,0.51,0.4,107.06,-1.34,-10.5,26.89,13.54,5.29,2.0
1.58,0.26,-0.12,58.11,17.4,-16.42,26.89,13.54,5.29,2.0
1.67,0.34,-0.41,6.1,33.39,-11.9,26.89,13.54,5.29,2.0
1.67,0.34,-0.41,6.1,33.39,-11.9,26.89,13.54,5.29,2.0
1.55,0.45,-0.53,-33.2,46.45,-6.71,26.92,14.45,6.15,2.0
1.47,0.4,-0.57,-61.83,51.39,-3.66,26.92,14.45,6.15,2.0
1.13,0.51,-0.15,-85.75,31.31,3.23,26.92,14.45,6.15,2.0
0.94,0.5,0.1,-83.07,31.19,6.9,27.27,14.56,7.47,2.0
0.84,0.58,0.28,-79.22,23.32,8.06,27.27,14.56,7.47,2.0
0.84,0.58,0.28,-79.22,23.32,8.06,27.27,14.56,7.47,2.0
0.57,0.8,0.81,-49.74,-3.36,3.85,27.27,14.56,7.47,2.0
0.38,0.81,1.37,-36.74,-10.8,2.32,27.27,14.56,7.47,2.0
-0.1,0.78,1.56,-24.78,-18.25,1.04,26.56,13.56,7.56,2.0
-0.84,0.72,2.08,24.41,-23.56,-8.06,26.56,13.56,7.56,2.0
-0.95,0.58,2.12,43.7,-17.76,-11.17,26.56,13.56,7.56,2.0
-0.95,0.58,2.12,43.7,-17.76,-11.17,26.56,13.56,7.56,2.0
-0.84,0.12,1.9,57.19,-3.72,10.56,26.73,14.77,6.35,2.0
-0.47,0.17,1.65,32.78,7.02,6.53,26.73,14.77,6.35,2.0
-0.06,0.42,1.46,28.44,14.95,10.86,26.73,14.77,6.35,2.0
-0.06,0.42,1.46,28.44,14.95,10.86,26.73,14.77,6.35,2.0
0.38,0.4,1.01,50.9,9.16,13.55,26.98,14.01,6.71,2.0
0.57,0.4,0.82,63.29,0.92,14.22,26.98,14.01,6.71,2.0
0.57,0.4,0.82,63.29,0.92,14.22,26.98,14.01,6.71,2.0
0.57,0.4,0.82,63.29,0.92,14.22,26.98,14.01,6.71,2.0
0.77,0.37,0.68,82.09,-13.79,9.4,26.98,14.01,6.71,2.0
1.18,0.37,0.3,85.57,-16.78,4.39,26.98,14.01,6.71,2.0
1.36,0.37,0.04,83.31,-16.36,-0.24,27.03,14.33,5.33,2.0
1.36,0.37,0.04,83.31,-16.36,-0.24,27.03,14.33,5.33,2.0
1.36,0.37,0.04,83.31,-16.36,-0.24,27.03,14.33,5.33,2.0
1.5,0.43,-0.42,57.43,-8.91,-7.51,27.03,14.33,5.33,2.0
1.62,0.33,-0.8,-52.73,16.05,-8.67,27.39,15.11,6.2,2.0
1.38,0.28,-0.61,-81.91,17.64,-4.15,27.39,15.11,6.2,2.0
1.3,0.42,-0.44,-105.77,18.37,0.12,27.39,15.11,6.2,2.0
0.92,0.8,0.23,-95.83,4.15,9.64,27.01,14.45,7.31,2.0
0.79,0.77,0.44,-73.61,-7.08,11.47,27.01,14.45,7.31,2.0
0.27,1.01,1.46,-58.35,-18.31,9.64,27.01,14.45,7.31,2.0
0.27,1.01,1.46,-58.35,-18.31,9.64,27.01,14.45,7.31,2.0
0.27,1.01,1.46,-58.35,-18.31,9.64,27.01,14.45,7.31,2.0
0.0,1.22,1.84,-39.67,-23.19,-3.66,27.01,14.45,7.31,2.0
-0.34,1.38,2.25,35.89,-26.0,-13.18,27.06,13.82,7.31,2.0
-0.96,0.79,2.58,81.48,-19.9,-20.94,27.06,13.82,7.31,2.0
-0.96,0.79,2.58,81.48,-19.9,-20.94,27.06,13.82,7.31,2.0
-0.43,-0.15,1.45,-10.5,32.65,20.69,26.66,13.7,7.71,2.0
-0.43,-0.15,1.45,-10.5,32.65,20.69,26.66,13.7,7.71,2.0
-0.06,0.53,1.14,-24.35,32.04,34.18,26.66,13.7,7.71,2.0
-0.06,0.53,1.14,-24.35,32.04,34.18,26.66,13.7,7.71,2.0
0.14,0.72,0.89,-0.98,23.56,35.83,26.66,13.7,7.71,2.0
0.46,0.65,0.31,69.27,-3.42,34.67,27.0,13.73,6.95,2.0
0.46,0.65,0.31,69.27,-3.42,34.67,27.0,13.73,6.95,2.0
0.46,0.65,0.31,69.27,-3.42,34.67,27.0,13.73,6.95,2.0
0.8,0.46,-0.15,106.38,-34.12,30.7,27.0,13.73,6.95,2.0
1.02,0.48,-0.27,104.74,-46.75,25.51,27.0,13.73,6.95,2.0
1.91,0.43,-0.57,61.04,-55.91,-4.82,26.7,14.18,4.04,2.0
2.0,0.13,-0.6,15.38,-39.98,-3.6,26.7,14.18,4.04,2.0
2.0,0.13,-0.6,15.38,-39.98,-3.6,26.7,14.18,4.04,2.0
2.0,0.13,-0.6,15.38,-39.98,-3.6,26.7,14.18,4.04,2.0
1.51,0.31,-0.26,-92.16,-1.16,2.87,26.7,14.18,4.04,2.0
1.51,0.31,-0.26,-92.16,-1.16,2.87,26.7,14.18,4.04,2.0
1.36,0.45,0.05,-100.22,4.39,7.87,26.6,13.94,5.4,2.0
1.36,0.45,0.05,-100.22,4.39,7.87,26.6,13.94,5.4,2.0
1.36,0.45,0.05,-100.22,4.39,7.87,26.6,13.94,5.4,2.0
1.36,0.45,0.05,-100.22,4.39,7.87,26.6,13.94,5.4,2.0
1.36,0.45,0.05,-100.22,4.39,7.87,26.6,13.94,5.4,2.0
1.36,0.45,0.05,-100.22,4.39,7.87,26.6,13.94,5.4,2.0
1.02,0.98,0.62,-60.67,6.71,22.64,26.6,13.94,5.4,2.0
1.02,0.98,0.62,-60.67,6.71,22.64,26.6,13.94,5.4,2.0
0.38,0.89,0.77,-66.22,-1.46,11.11,26.34,13.76,5.54,2.0
-0.44,1.59,2.23,-101.62,-17.03,-23.62,26.34,13.76,5.54,2.0
-0.91,-0.1,1.92,37.66,19.35,-59.02,26.14,14.23,6.86,2.0
-0.91,-0.1,1.92,37.66,19.35,-59.02,26.14,14.23,6.86,2.0
-0.17,0.32,1.32,-32.96,37.48,-19.84,27.17,14.05,6.96,2.0
-0.17,0.32,1.32,-32.96,37.48,-19.84,27.17,14.05,6.96,2.0
0.01,0.42,1.15,11.47,29.36,-9.4,27.17,14.05,6.96,2.0
0.01,0.42,1.15,11.47,29.36,-9.4,27.17,14.05,6.96,2.0
0.01,0.42,1.15,11.47,29.36,-9.4,27.17,14.05,6.96,2.0
0.28,0.34,0.77,36.74,21.3,-5.86,27.17,14.05,6.96,2.0
-0.77,0.33,-0.97,-6.1,21.61,18.31,15.14,31.09,17.57,0.0
-0.72,0.32,-0.86,-29.91,0.92,41.38,15.14,31.09,17.57,0.0
-0.4,0.32,-0.8,-20.02,-24.84,63.6,14.98,31.23,17.37,0.0
-0.4,0.32,-0.8,-20.02,-24.84,63.6,14.98,31.23,17.37,0.0
0.05,0.22,-0.81,-10.5,-32.78,69.89,14.98,31.23,17.37,0.0
1.04,0.05,-0.63,16.72,-78.37,77.21,16.77,31.14,17.31,0.0
1.04,0.05,-0.63,16.72,-78.37,77.21,16.77,31.14,17.31,0.0
2.09,-0.15,-0.27,25.7,-50.48,27.04,16.77,31.14,17.31,0.0
1.61,-0.21,-0.2,18.31,-1.59,-12.08,17.46,31.24,16.81,0.0
1.61,-0.21,-0.2,18.31,-1.59,-12.08,17.46,31.24,16.81,0.0
1.36,-0.01,-0.49,4.27,40.89,-44.68,17.46,31.24,16.81,0.0
1.21,0.14,-0.69,4.64,57.31,-57.07,17.46,31.24,16.81,0.0
1.21,0.14,-0.69,4.64,57.31,-57.07,17.46,31.24,16.81,0.0
0.64,0.35,-1.11,15.62,75.44,-77.51,16.16,31.23,17.02,0.0
0.64,0.35,-1.11,15.62,75.44,-77.51,16.16,31.23,17.02,0.0
0.42,0.38,-1.14,17.82,71.66,-78.49,16.16,31.23,17.02,0.0
-0.28,0.48,-1.22,25.15,36.5,-63.17,16.16,31.23,17.02,0.0
-0.28,0.48,-1.22,25.15,36.5,-63.17,16.16,31.23,17.02,0.0
-0.28,0.48,-1.22,25.15,36.5,-63.17,16.16,31.23,17.02,0.0
-0.68,0.49,-1.25,13.43,19.96,-53.59,14.95,29.87,17.97,0.0
-0.89,0.49,-1.21,-33.33,-41.2,-20.51,14.95,29.87,17.97,0.0
-0.89,0.49,-1.21,-33.33,-41.2,-20.51,14.95,29.87,17.97,0.0
-0.85,0.53,-1.13,-53.04,-81.67,-3.11,14.95,29.87,17.97,0.0
-0.85,0.53,-1.13,-53.04,-81.67,-3.11,14.95,29.87,17.97,0.0
-0.76,0.48,-1.03,-53.83,-95.21,3.42,15.37,30.97,17.81,0.0
-0.76,0.48,-1.03,-53.83,-95.21,3.42,15.37,30.97,17.81,0.0
0.62,-0.03,-0.71,-62.5,-115.6,24.78,15.37,30.97,17.81,0.0
1.09,-0.08,-0.59,-63.42,-123.66,27.53,18.01,31.31,17.04,0.0
1.09,-0.08,-0.59,-63.42,-123.66,27.53,18.01,31.31,17.04,0.0
2.2,-0.28,0.15,-10.31,-113.16,8.91,18.01,31.31,17.04,0.0
1.75,-0.74,0.18,6.71,-14.83,-42.6,18.75,32.56,17.09,0.0
1.66,-0.63,-0.03,-12.08,44.31,-56.4,18.75,32.56,17.09,0.0
1.37,-0.08,-0.54,-8.0,68.18,-56.64,18.75,32.56,17.09,0.0
1.37,-0.08,-0.54,-8.0,68.18,-56.64,18.75,32.56,17.09,0.0
1.18,0.05,-0.74,7.75,95.46,-57.01,18.75,32.56,17.09,0.0
0.54,0.05,-1.09,64.15,102.36,-53.96,17.03,32.19,17.52,0.0
0.32,0.11,-1.13,77.82,95.46,-41.32,17.03,32.19,17.52,0.0
0.32,0.11,-1.13,77.82,95.46,-41.32,17.03,32.19,17.52,0.0
-0.3,0.44,-1.21,76.29,79.53,-18.37,17.03,32.19,17.52,0.0
-0.47,0.45,-1.23,51.21,51.39,8.0,15.25,30.75,17.71,0.0
-0.47,0.45,-1.23,51.21,51.39,8.0,15.25,30.75,17.71,0.0
-0.7,0.51,-1.23,-18.55,7.08,41.26,15.25,30.75,17.71,0.0
-0.59,0.53,-1.18,-34.79,-22.09,51.64,15.27,31.31,17.44,0.0
-0.24,0.4,-1.05,-40.83,-29.79,53.83,15.27,31.31,17.44,0.0
-0.24,0.4,-1.05,-40.83,-29.79,53.83,15.27,31.31,17.44,0.0
0.27,0.24,-0.84,-13.67,-62.81,58.9,15.27,31.31,17.44,0.0
0.97,0.07,-0.59,-2.08,-74.4,59.69,15.27,31.31,17.44,0.0
0.97,0.07,-0.59,-2.08,-74.4,59.69,15.27,31.31,17.44,0.0
1.35,-0.03,-0.44,8.06,-84.29,57.62,17.3,31.93,16.32,0.0
1.68,-0.15,-0.25,20.08,-89.9,43.64,17.3,31.93,16.32,0.0
1.99,-0.39,0.1,21.48,-77.76,32.78,17.3,31.93,16.32,0.0
1.84,-0.39,0.15,16.97,-2.26,-10.99,17.3,31.93,16.32,0.0
1.84,-0.39,0.15,16.97,-2.26,-10.99,17.3,31.93,16.32,0.0
1.62,-0.28,-0.18,14.53,23.5,-23.8,17.76,31.65,17.19,0.0
1.51,-0.14,-0.41,17.03,68.18,-40.89,17.76,31.65,17.19,0.0
1.2,0.14,-0.84,22.77,84.41,-48.4,17.76,31.65,17.19,0.0
1.2,0.14,-0.84,22.77,84.41,-48.4,17.76,31.65,17.19,0.0
1.0,0.22,-1.0,34.91,99.98,-59.02,17.76,31.65,17.19,0.0
0.6,0.33,-1.14,42.66,98.51,-61.22,16.08,31.05,17.91,0.0
-0.08,0.42,-1.13,48.89,79.41,-42.91,16.08,31.05,17.91,0.0
-0.49,0.51,-1.18,48.95,70.74,-21.61,14.64,30.69,17.85,0.0
-0.73,0.48,-1.18,29.66,44.86,-8.97,14.64,30.69,17.85,0.0
-0.73,0.48,-1.18,13.31,29.79,2.69,14.64,30.69,17.85,0.0
-0.67,0.44,-1.08,-13.61,1.89,21.42,14.64,30.69,17.85,0.0
-0.67,0.44,-1.08,-13.61,1.89,21.42,14.64,30.69,17.85,0.0
-0.52,0.39,-1.03,-19.9,-9.46,28.2,14.48,30.4,18.6,0.0
-0.37,0.31,-0.95,-20.02,-29.42,40.65,14.48,30.4,18.6,0.0
0.08,0.11,-0.85,-18.01,-37.96,46.45,14.48,30.4,18.6,0.0
0.67,-0.0,-0.69,-16.48,-67.32,59.88,14.48,30.4,18.6,0.0
0.67,-0.0,-0.69,-16.48,-67.32,59.88,14.48,30.4,18.6,0.0
1.39,-0.12,-0.5,-13.55,-75.56,60.55,16.08,30.66,18.04,0.0
1.91,-0.31,-0.18,-9.03,-76.23,51.21,16.08,30.66,18.04,0.0
1.98,-0.35,-0.07,-7.32,-62.68,26.49,16.08,30.66,18.04,0.0
1.98,-0.35,-0.07,-7.32,-62.68,26.49,16.08,30.66,18.04,0.0
1.71,-0.3,-0.08,-5.19,-16.97,15.01,16.08,30.66,18.04,0.0
1.51,-0.22,-0.21,-3.05,7.14,0.37,16.32,31.08,17.41,0.0
1.25,0.03,-0.55,2.75,61.28,-30.7,16.32,31.08,17.41,0.0
1.25,0.03,-0.55,2.75,61.28,-30.7,16.32,31.08,17.41,0.0
0.94,0.31,-0.89,7.69,71.23,-37.23,16.32,31.08,17.41,0.0
0.38,0.53,-1.0,33.87,74.4,-50.66,14.65,30.21,17.83,0.0
0.38,0.53,-1.0,42.36,71.17,-52.67,14.65,30.21,17.83,0.0
0.38,0.53,-1.0,42.36,71.17,-52.67,14.65,30.21,17.83,0.0
-0.3,0.58,-0.99,32.23,48.4,-40.41,13.72,30.25,18.79,0.0
-0.57,0.54,-1.05,17.15,38.7,-33.75,13.72,30.25,18.79,0.0
-0.57,0.54,-1.05,17.15,38.7,-33.75,13.72,30.25,18.79,0.0
-0.7,0.52,-1.1,-30.33,1.77,-14.89,13.72,30.25,18.79,0.0
-0.67,0.49,-1.03,-36.07,-11.96,-9.89,13.72,30.25,18.79,0.0
-0.48,0.45,-0.96,-33.87,-25.15,-5.92,14.4,30.02,18.46,0.0
-0.48,0.45,-0.96,-33.87,-25.15,-5.92,14.4,30.02,18.46,0.0
-0.34,0.33,-0.87,-14.4,-47.55,2.2,14.4,30.02,18.46,0.0
0.26,-0.02,-0.69,-1.34,-64.94,14.16,14.4,30.02,18.46,0.0
0.54,-0.13,-0.66,0.73,-87.95,26.12,14.4,30.02,18.46,0.0
0.54,-0.13,-0.66,0.73,-87.95,26.12,14.4,30.02,18.46,0.0
0.54,-0.13,-0.66,0.73,-87.95,26.12,14.4,30.02,18.46,0.0
0.54,-0.13,-0.66,0.73,-87.95,26.12,14.4,30.02,18.46,0.0
0.54,-0.13,-0.66,0.73,-87.95,26.12,14.4,30.02,18.46,0.0
0.84,-0.2,-0.62,-2.2,-84.29,29.66,15.81,30.27,17.9,0.0
1.81,-0.5,-0.38,-5.98,-68.18,26.86,15.81,30.27,17.9,0.0
1.99,-0.53,-0.3,-5.98,-68.18,26.86,15.81,30.27,17.9,0.0
2.01,-0.53,-0.28,-3.6,-46.02,19.65,15.81,30.27,17.9,0.0
1.25,-0.16,-0.92,-7.51,70.98,-34.97,15.83,30.74,18.21,0.0
0.76,0.26,-1.3,5.07,75.44,-43.09,14.89,30.14,18.38,0.0
0.41,0.44,-1.38,14.28,70.13,-42.97,14.89,30.14,18.38,0.0
0.41,0.44,-1.38,14.28,70.13,-42.97,14.89,30.14,18.38,0.0
0.23,0.48,-1.37,22.34,63.48,-40.83,14.89,30.14,18.38,0.0
-0.12,0.51,-1.32,22.64,41.56,-21.73,13.64,30.05,18.12,0.0
-0.27,0.53,-1.28,12.45,33.26,-13.67,13.64,30.05,18.12,0.0
-0.27,0.53,-1.28,12.45,33.26,-13.67,13.64,30.05,18.12,0.0
-0.51,0.52,-1.16,-0.12,24.05,-5.86,13.64,30.05,18.12,0.0
-0.56,0.54,-1.09,-23.01,5.92,7.57,13.64,30.05,18.12,0.0
-0.51,0.58,-0.93,-27.16,-2.32,13.0,13.64,30.05,18.12,0.0
-0.51,0.58,-0.93,-27.16,-2.32,13.0,13.64,30.05,18.12,0.0
-0.51,0.58,-0.93,-27.16,-2.32,13.0,13.64,30.05,18.12,0.0
-0.08,0.25,-0.7,-19.04,-21.67,31.07,13.6,30.85,18.69,0.0
-0.08,0.25,-0.7,-19.04,-21.67,31.07,13.6,30.85,18.69,0.0
0.39,0.04,-0.65,-33.33,-29.72,40.77,13.6,30.85,18.69,0.0
0.67,-0.03,-0.62,-38.33,-32.35,41.81,14.69,30.71,17.53,0.0
1.74,-0.3,-0.39,-43.58,-29.36,34.36,14.69,30.71,17.53,0.0
1.72,-0.42,-0.34,-37.41,7.14,3.36,14.58,31.63,18.12,0.0
1.72,-0.42,-0.34,-37.41,7.14,3.36,14.58,31.63,18.12,0.0
1.32,-0.39,-0.48,-35.34,22.16,-8.12,14.58,31.63,18.12,0.0
1.32,-0.39,-0.48,-35.34,22.16,-8.12,14.58,31.63,18.12,0.0
1.32,-0.39,-0.48,-35.34,22.16,-8.12,14.58,31.63,18.12,0.0
1.14,-0.3,-0.62,-34.06,34.24,-18.62,14.58,31.63,18.12,0.0
1.0,-0.17,-0.75,-23.32,49.44,-38.15,14.58,31.63,18.12,0.0
1.0,-0.17,-0.75,-23.32,49.44,-38.15,14.58,31.63,18.12,0.0
0.88,0.02,-0.97,-15.75,52.37,-44.13,14.58,31.63,18.12,0.0
0.88,0.02,-0.97,-6.59,51.21,-47.49,13.72,32.01,17.07,0.0
-0.06,0.18,-0.99,6.9,25.57,-35.28,13.55,31.08,18.35,0.0
-0.06,0.18,-0.99,6.9,25.57,-35.28,13.55,31.08,18.35,0.0
-0.06,0.18,-0.99,6.9,25.57,-35.28,13.55,31.08,18.35,0.0
-0.17,0.13,-0.99,-7.93,17.03,-17.4,13.55,31.08,18.35,0.0
-0.42,0.18,-0.93,-41.75,4.03,7.87,13.55,31.08,18.35,0.0
-0.44,0.22,-0.93,-48.83,-2.99,16.54,13.55,31.08,18.35,0.0
-0.44,0.22,-0.93,-48.83,-2.99,16.54,13.55,31.08,18.35,0.0
-0.38,0.17,-0.84,-54.5,-19.17,32.1,13.09,32.87,17.03,0.0
0.06,-0.03,-0.8,-59.14,-46.14,52.37,13.09,32.87,17.03,0.0
0.26,-0.05,-0.75,-59.14,-46.14,52.37,14.25,33.44,18.01,0.0
0.96,-0.13,-0.6,-21.12,-67.14,47.79,14.25,33.44,18.01,0.0
0.96,-0.13,-0.6,-21.12,-67.14,47.79,14.25,33.44,18.01,0.0
1.34,-0.16,-0.43,-5.49,-67.93,42.48,14.25,33.44,18.01,0.0
1.4,-0.17,-0.35,10.99,-64.94,34.91,15.26,33.34,16.65,0.0
1.35,-0.21,-0.29,42.3,-29.97,5.25,15.26,33.34,16.65,0.0
1.35,-0.21,-0.29,42.3,-29.97,5.25,15.26,33.34,16.65,0.0
1.25,-0.26,-0.33,36.32,-14.83,-3.66,15.26,33.34,16.65,0.0
1.25,-0.26,-0.33,36.32,-14.83,-3.66,15.26,33.34,16.65,0.0
1.0,-0.18,-0.72,-5.62,20.45,-21.0,15.25,33.23,17.36,0.0
0.83,0.09,-1.06,-14.65,28.56,-24.96,15.25,33.23,17.36,0.0
0.83,0.09,-1.06,-14.65,28.56,-24.96,15.25,33.23,17.36,0.0
0.56,0.21,-1.29,-15.56,33.14,-33.33,15.25,33.23,17.36,0.0
0.56,0.21,-1.29,-15.56,33.14,-33.33,15.25,33.23,17.36,0.0
-0.01,0.39,-1.22,7.39,25.76,-25.33,14.6,32.57,16.0,0.0
-0.16,0.27,-1.2,13.67,21.85,-20.94,14.6,32.57,16.0,0.0
-0.16,0.27,-1.2,13.67,21.85,-20.94,14.6,32.57,16.0,0.0
-0.21,0.18,-1.2,20.32,-6.59,0.79,14.9,32.07,16.66,0.0
-0.21,0.18,-1.2,20.32,-6.59,0.79,14.9,32.07,16.66,0.0
-0.13,0.16,-1.08,19.29,-13.0,4.58,14.9,32.07,16.66,0.0
0.01,0.11,-1.08,20.51,-26.49,12.57,14.9,32.07,16.66,0.0
0.01,0.11,-1.08,20.51,-26.49,12.57,14.9,32.07,16.66,0.0
0.01,0.11,-1.08,20.51,-26.49,12.57,14.9,32.07,16.66,0.0
0.01,0.11,-1.08,20.51,-26.49,12.57,14.9,32.07,16.66,0.0
0.42,-0.04,-1.06,24.9,-45.04,14.95,14.9,32.07,16.66,0.0
0.42,-0.04,-1.06,24.9,-45.04,14.95,14.9,32.07,16.66,0.0
0.7,-0.09,-0.93,29.54,-56.03,12.39,15.42,32.53,16.77,0.0
1.5,-0.42,-0.33,45.59,-66.1,-0.18,15.42,32.53,16.77,0.0
1.5,-0.42,-0.33,45.59,-66.1,-0.18,15.42,32.53,16.77,0.0
1.49,-0.5,-0.22,45.41,-39.98,-9.95,15.42,32.53,16.77,0.0
1.04,-0.23,-0.64,-15.5,20.87,-25.45,15.78,31.42,16.94,0.0
0.95,-0.05,-0.81,2.38,38.02,-32.96,15.14,31.47,18.21,0.0
0.95,-0.05,-0.81,2.38,38.02,-32.96,15.14,31.47,18.21,0.0
0.54,0.1,-1.11,30.94,41.93,-37.84,15.14,31.47,18.21,0.0
0.24,0.07,-1.1,37.05,39.55,-34.12,15.14,31.47,18.21,0.0
-0.03,0.15,-1.0,23.38,26.37,-20.32,15.06,30.99,17.92,0.0
-0.03,0.15,-1.0,23.38,26.37,-20.32,15.06,30.99,17.92,0.0
-0.14,0.22,-0.96,16.72,21.24,-3.11,15.06,30.99,17.92,0.0
-0.14,0.22,-0.96,16.72,21.24,-3.11,15.06,30.99,17.92,0.0
-0.26,0.33,-0.99,10.93,3.17,9.4,15.06,30.99,17.92,0.0
-0.27,0.35,-1.02,11.54,-13.92,18.74,15.06,30.99,17.92,0.0
-0.13,0.17,-0.88,5.74,-43.46,26.18,14.84,30.76,18.47,0.0
-0.13,0.17,-0.88,5.74,-43.46,26.18,14.84,30.76,18.47,0.0
-0.13,0.17,-0.88,3.85,-51.82,27.22,14.84,30.76,18.47,0.0
-0.13,0.17,-0.88,3.85,-51.82,27.22,14.84,30.76,18.47,0.0
0.53,0.06,-0.73,20.02,-76.11,27.16,16.22,30.38,17.33,0.0
1.03,-0.06,-0.65,31.19,-83.44,24.9,16.22,30.38,17.33,0.0
1.25,-0.11,-0.56,55.24,-89.78,17.15,16.22,30.38,17.33,0.0
1.55,-0.24,-0.37,66.59,-85.27,11.84,16.22,30.38,17.33,0.0
1.34,-0.27,-0.29,81.6,-18.68,-7.2,17.14,29.83,17.05,0.0
1.34,-0.27,-0.29,81.6,-18.68,-7.2,17.14,29.83,17.05,0.0
1.34,-0.27,-0.29,81.6,-18.68,-7.2,17.14,29.83,17.05,0.0
1.25,-0.15,-0.34,81.79,0.06,-10.44,17.14,29.83,17.05,0.0
1.15,-0.03,-0.43,94.18,36.38,-17.03,17.14,29.83,17.05,0.0
1.04,0.06,-0.54,101.01,52.43,-18.8,17.14,29.83,17.05,0.0
1.04,0.06,-0.54,101.01,52.43,-18.8,17.14,29.83,17.05,0.0
1.04,0.06,-0.54,101.01,52.43,-18.8,17.14,29.83,17.05,0.0
0.41,0.28,-0.93,91.74,74.65,-10.01,16.82,28.31,18.59,0.0
0.24,0.32,-0.96,76.05,74.04,12.27,16.82,28.31,18.59,0.0
0.24,0.32,-0.96,76.05,74.04,12.27,16.82,28.31,18.59,0.0
-0.05,0.44,-0.99,36.68,65.86,9.03,16.1,27.76,18.43,0.0
-0.05,0.44,-0.99,36.68,65.86,9.03,16.1,27.76,18.43,0.0
-0.14,0.53,-0.99,20.2,58.11,13.79,16.1,27.76,18.43,0.0
-0.14,0.53,-0.99,20.2,58.11,13.79,16.1,27.76,18.43,0.0
-0.14,0.53,-0.99,20.2,58.11,13.79,16.1,27.76,18.43,0.0
-0.14,0.53,-0.99,20.2,58.11,13.79,16.1,27.76,18.43,0.0
-0.2,0.64,-1.03,0.18,0.98,16.11,15.31,27.92,18.81,0.0
-0.2,0.64,-1.03,0.18,0.98,16.11,15.31,27.92,18.81,0.0
-0.2,0.64,-1.03,0.18,0.98,16.11,15.31,27.92,18.81,0.0
-0.2,0.64,-1.03,0.18,0.98,16.11,15.31,27.92,18.81,0.0
-0.2,0.64,-1.03,0.18,0.98,16.11,15.31,27.92,18.81,0.0
-0.1,0.49,-0.99,-2.44,-11.72,15.56,15.31,27.92,18.81,0.0
-0.1,0.49,-0.99,-2.44,-11.72,15.56,15.31,27.92,18.81,0.0
0.12,0.36,-0.93,-6.35,-33.57,13.37,15.31,27.92,18.81,0.0
0.95,-0.03,-0.76,-13.24,-73.91,7.02,16.44,27.98,18.16,0.0
0.95,-0.03,-0.76,-13.24,-73.91,7.02,16.44,27.98,18.16,0.0
1.44,-0.23,-0.35,-5.13,-68.42,-3.23,16.44,27.98,18.16,0.0
1.32,-0.2,-0.3,45.53,7.08,-16.66,17.32,27.5,18.53,0.0
0.24,0.53,-0.93,17.94,55.97,-4.88,17.09,27.03,17.03,0.0
-0.06,0.58,-0.87,20.02,45.96,3.3,17.09,27.03,17.03,0.0
-0.06,0.58,-0.87,20.02,45.96,3.3,17.09,27.03,17.03,0.0
-0.06,0.58,-0.87,20.02,45.96,3.3,17.09,27.03,17.03,0.0
-0.06,0.58,-0.87,20.02,45.96,3.3,17.09,27.03,17.03,0.0
-0.19,0.59,-0.84,19.29,39.73,13.85,16.48,26.39,18.81,0.0
-0.19,0.59,-0.84,19.29,39.73,13.85,16.48,26.39,18.81,0.0
-0.19,0.59,-0.84,19.29,39.73,13.85,16.48,26.39,18.81,0.0
-0.19,0.59,-0.84,19.29,39.73,13.85,16.48,26.39,18.81,0.0
-0.19,0.59,-0.84,19.29,39.73,13.85,16.48,26.39,18.81,0.0
-0.19,0.59,-0.84,19.29,39.73,13.85,16.48,26.39,18.81,0.0
-0.19,0.59,-0.84,19.29,39.73,13.85,16.48,26.39,18.81,0.0
-0.19,0.59,-0.84,19.29,39.73,13.85,16.48,26.39,18.81,0.0
-0.19,0.59,-0.84,19.29,39.73,13.85,16.48,26.39,18.81,0.0
-0.31,0.6,-0.81,12.82,26.98,19.1,16.48,26.39,18.81,0.0
-0.31,0.61,-0.83,9.22,19.47,24.48,16.48,26.39,18.81,0.0
-0.31,0.61,-0.83,9.22,19.47,24.48,16.48,26.39,18.81,0.0
-0.13,0.47,-0.86,-5.74,-20.81,37.84,16.16,27.61,18.07,0.0
-0.13,0.47,-0.86,-5.74,-20.81,37.84,16.16,27.61,18.07,0.0
1.44,-0.06,-0.52,-29.85,-77.51,36.68,16.74,26.75,18.73,0.0
1.44,-0.06,-0.52,-29.85,-77.51,36.68,16.74,26.75,18.73,0.0
0.86,0.43,-1.03,-38.33,59.57,-28.44,17.11,28.41,18.04,0.0
0.31,0.66,-1.07,-35.83,53.34,-29.17,17.11,28.41,18.04,0.0
0.14,0.66,-1.04,-25.82,41.14,-22.34,17.11,28.41,18.04,0.0
-0.18,0.57,-0.9,-23.07,27.16,-11.11,16.33,27.88,19.03,0.0
-0.18,0.57,-0.9,-23.07,27.16,-11.11,16.33,27.88,19.03,0.0
-0.21,0.53,-0.87,-26.98,15.32,1.34,16.33,27.88,19.03,0.0
-0.21,0.53,-0.87,-26.98,15.32,1.34,16.33,27.88,19.03,0.0
-0.2,0.5,-0.85,-30.4,9.03,8.79,16.33,27.88,19.03,0.0
-0.2,0.5,-0.85,-30.4,9.03,8.79,16.33,27.88,19.03,0.0
-0.17,0.4,-0.81,-34.36,1.77,15.81,16.33,27.88,19.03,0.0
-0.15,0.34,-0.79,-38.51,-5.07,22.83,16.92,28.16,17.66,0.0
-0.15,0.34,-0.79,-38.51,-5.07,22.83,16.92,28.16,17.66,0.0
-0.15,0.34,-0.79,-38.51,-5.07,22.83,16.92,28.16,17.66,0.0
-0.01,0.25,-0.77,-52.19,-26.61,38.76,16.92,28.16,17.66,0.0
0.83,-0.06,-0.72,-67.38,-64.45,48.1,17.33,29.9,17.86,0.0
1.09,-0.1,-0.64,-64.21,-70.8,46.94,17.33,29.9,17.86,0.0
1.61,-0.21,-0.29,-56.46,-70.07,36.74,17.33,29.9,17.86,0.0
1.54,-0.3,-0.19,-25.76,-25.7,22.28,17.33,29.9,17.86,0.0
1.54,-0.3,-0.19,-25.76,-25.7,22.28,17.33,29.9,17.86,0.0
1.13,-0.29,-0.45,-40.53,31.31,-2.75,17.82,30.26,17.82,0.0
0.97,-0.12,-0.84,-72.27,58.53,-12.57,17.82,30.26,17.82,0.0
0.97,-0.12,-0.84,-72.27,58.53,-12.57,17.82,30.26,17.82,0.0
0.97,-0.12,-0.84,-72.27,58.53,-12.57,17.82,30.26,17.82,0.0
0.97,-0.12,-0.84,-85.08,66.22,-14.89,17.82,30.26,17.82,0.0
0.73,0.2,-1.18,-90.58,68.05,-16.3,17.54,30.4,17.81,0.0
0.56,0.31,-1.27,-87.77,59.81,-17.88,17.54,30.4,17.81,0.0
0.05,0.36,-1.23,-64.88,43.27,-12.08,17.54,30.4,17.81,0.0
-0.15,0.44,-1.09,-12.76,17.64,-0.79,16.33,31.37,17.41,0.0
-0.24,0.45,-0.91,4.88,5.98,8.42,16.33,31.37,17.41,0.0
-0.2,0.19,-0.88,2.32,-13.79,30.46,16.33,31.37,17.41,0.0
-0.2,0.19,-0.88,2.32,-13.79,30.46,16.33,31.37,17.41,0.0
-0.2,0.19,-0.88,2.32,-13.79,30.46,16.33,31.37,17.41,0.0
-0.14,0.12,-0.88,-5.86,-21.06,37.35,16.83,31.32,17.27,0.0
0.14,0.07,-0.89,-15.14,-28.38,58.84,16.83,31.32,17.27,0.0
0.14,0.07,-0.89,-15.14,-28.38,58.84,16.83,31.32,17.27,0.0
0.14,0.07,-0.89,-15.14,-28.38,58.84,16.83,31.32,17.27,0.0
0.36,0.04,-0.88,-30.09,-47.18,49.07,16.83,31.32,17.27,0.0
0.6,-0.04,-0.79,-32.17,-57.74,49.8,16.83,31.32,17.27,0.0
1.55,-0.15,-0.45,-12.45,-71.17,38.76,18.01,31.52,16.56,0.0
1.63,-0.25,-0.31,14.28,-46.45,22.52,18.01,31.52,16.56,0.0
1.63,-0.25,-0.31,14.28,-46.45,22.52,18.01,31.52,16.56,0.0
1.26,-0.32,-0.5,19.59,23.38,-19.04,18.24,31.2,15.52,0.0
1.07,-0.21,-0.65,6.9,37.11,-26.55,18.24,31.2,15.52,0.0
0.98,-0.1,-0.81,-17.88,57.62,-37.05,18.24,31.2,15.52,0.0
0.98,-0.1,-0.81,-17.88,57.62,-37.05,18.24,31.2,15.52,0.0
0.98,-0.1,-0.81,-17.88,57.62,-37.05,18.24,31.2,15.52,0.0
0.98,-0.1,-0.81,-17.88,57.62,-37.05,18.24,31.2,15.52,0.0
0.73,0.14,-1.0,-27.59,63.05,-38.76,17.22,31.54,17.53,0.0
0.59,0.2,-1.04,-35.22,66.28,-35.95,17.22,31.54,17.53,0.0
0.59,0.2,-1.04,-35.22,66.28,-35.95,17.22,31.54,17.53,0.0
0.29,0.2,-1.05,-35.46,65.25,-32.65,17.22,31.54,17.53,0.0
0.03,0.18,-1.08,-37.96,54.26,-16.42,17.22,31.54,17.53,0.0
0.03,0.18,-1.08,-37.96,54.26,-16.42,17.22,31.54,17.53,0.0
-0.29,0.49,-0.93,-25.88,30.64,2.2,15.93,32.95,15.3,0.0
-0.29,0.35,-0.94,-12.57,13.98,9.89,15.93,32.95,15.3,0.0
-0.01,-0.01,-0.89,-20.51,-5.13,21.91,15.98,32.51,16.3,0.0
-0.01,-0.01,-0.89,-20.51,-5.13,21.91,15.98,32.51,16.3,0.0
0.18,-0.04,-0.86,-43.88,-25.27,31.68,15.98,32.51,16.3,0.0
0.65,-0.09,-0.75,-38.45,-45.78,36.32,15.98,32.51,16.3,0.0
0.91,-0.13,-0.59,-34.91,-53.28,35.58,17.22,32.4,15.73,0.0
0.91,-0.13,-0.59,-34.91,-53.28,35.58,17.22,32.4,15.73,0.0
1.41,-0.31,-0.44,-20.45,-52.06,28.2,17.22,32.4,15.73,0.0
1.45,-0.36,-0.4,-11.96,-42.3,23.01,17.22,32.4,15.73,0.0
1.45,-0.36,-0.4,-11.96,-42.3,23.01,17.22,32.4,15.73,0.0
1.41,-0.41,-0.45,4.27,-0.31,-0.67,17.33,32.8,16.05,0.0
1.08,-0.31,-0.6,4.64,11.78,-8.85,17.33,32.8,16.05,0.0
0.96,-0.16,-0.85,4.7,29.91,-24.78,17.33,32.8,16.05,0.0
0.96,-0.16,-0.85,4.7,29.91,-24.78,17.33,32.8,16.05,0.0
0.76,0.01,-1.05,11.47,39.0,-34.85,17.33,32.8,16.05,0.0
0.46,0.15,-1.12,20.81,39.92,-36.56,16.6,32.71,15.98,0.0
0.46,0.15,-1.12,20.81,39.92,-36.56,16.6,32.71,15.98,0.0
0.46,0.15,-1.12,20.81,39.92,-36.56,16.6,32.71,15.98,0.0
0.46,0.15,-1.12,20.81,39.92,-36.56,16.6,32.71,15.98,0.0
0.14,0.15,-1.13,24.54,34.18,-23.07,16.6,32.71,15.98,0.0
-0.13,0.15,-1.11,19.35,29.97,-14.95,16.6,32.71,15.98,0.0
-0.24,0.17,-1.1,12.82,18.31,0.92,15.65,32.31,15.28,0.0
-0.24,0.17,-1.1,12.82,18.31,0.92,15.65,32.31,15.28,0.0
-0.35,0.25,-1.05,-0.61,11.35,8.18,15.65,32.31,15.28,0.0
-0.16,0.19,-0.9,11.54,-25.76,32.71,15.88,32.68,15.84,0.0
0.35,0.03,-0.86,20.81,-41.5,36.44,15.88,32.68,15.84,0.0
0.35,0.03,-0.86,20.81,-41.5,36.44,15.88,32.68,15.84,0.0
0.85,-0.09,-0.74,22.52,-67.38,40.34,15.88,32.68,15.84,0.0
0.85,-0.09,-0.74,22.52,-67.38,40.34,15.88,32.68,15.84,0.0
1.09,-0.12,-0.65,24.96,-71.35,39.06,16.85,32.03,15.0,0.0
1.09,-0.12,-0.65,24.96,-71.35,39.06,16.85,32.03,15.0,0.0
1.43,-0.26,-0.38,27.1,-57.13,31.68,16.85,32.03,15.0,0.0
1.51,-0.43,-0.25,17.09,-14.22,18.31,16.85,32.03,15.0,0.0
1.51,-0.43,-0.25,17.09,-14.22,18.31,16.85,32.03,15.0,0.0
1.27,-0.41,-0.44,-15.56,30.58,4.21,17.47,31.79,16.78,0.0
1.27,-0.41,-0.44,-15.56,30.58,4.21,17.47,31.79,16.78,0.0
0.93,-0.01,-1.0,-65.49,80.87,-10.99,17.47,31.79,16.78,0.0
0.63,0.25,-1.21,-62.32,92.35,-17.94,17.47,31.79,16.78,0.0
0.63,0.25,-1.21,-62.32,92.35,-17.94,17.47,31.79,16.78,0.0
0.48,0.35,-1.25,-50.11,92.83,-20.39,16.24,33.12,16.49,0.0
-0.04,0.33,-1.1,12.02,78.67,-19.84,16.24,33.12,16.49,0.0
-0.24,0.24,-0.98,21.06,56.76,-13.73,15.17,32.53,16.31,0.0
-0.24,0.24,-0.98,13.0,47.49,-10.25,15.17,32.53,16.31,0.0
-0.24,0.24,-0.98,13.0,47.49,-10.25,15.17,32.53,16.31,0.0
-0.24,0.24,-0.98,13.0,47.49,-10.25,15.17,32.53,16.31,0.0
-0.25,0.08,-0.94,-14.16,26.55,-1.59,15.17,32.53,16.31,0.0
-0.25,0.08,-0.94,-14.16,26.55,-1.59,15.17,32.53,16.31,0.0
-0.25,0.08,-0.94,-14.16,26.55,-1.59,15.17,32.53,16.31,0.0
-0.13,0.07,-0.87,-43.52,-4.88,11.72,15.04,32.62,15.81,0.0
0.16,0.02,-0.81,-42.85,-13.61,13.92,15.04,32.62,15.81,0.0
0.16,0.02,-0.81,-42.85,-13.61,13.92,15.04,32.62,15.81,0.0
0.35,-0.03,-0.78,-37.78,-35.64,15.93,15.04,32.62,15.81,0.0
0.99,-0.18,-0.57,-14.47,-56.21,12.21,15.45,33.35,16.14,0.0
0.99,-0.18,-0.57,-14.47,-56.21,12.21,15.45,33.35,16.14,0.0
1.33,-0.55,-0.27,-2.62,-15.32,-12.7,15.45,33.35,16.14,0.0
1.06,-0.64,-0.48,-27.34,27.04,-23.07,15.27,33.44,15.95,0.0
0.94,-0.54,-0.62,-46.2,44.37,-32.17,15.27,33.44,15.95,0.0
0.94,-0.54,-0.62,-46.2,44.37,-32.17,15.27,33.44,15.95,0.0
0.94,-0.54,-0.62,-46.2,44.37,-32.17,15.27,33.44,15.95,0.0
0.64,0.09,-1.06,-38.82,73.18,-40.1,15.27,33.44,15.95,0.0
0.48,0.23,-1.14,-15.62,72.63,-42.54,15.27,33.44,15.95,0.0
0.48,0.23,-1.14,-15.62,72.63,-42.54,15.27,33.44,15.95,0.0
0.48,0.23,-1.14,-15.62,72.63,-42.54,15.27,33.44,15.95,0.0
-0.06,0.14,-1.26,27.04,68.97,-45.41,14.06,34.33,15.27,0.0
-0.2,0.07,-1.32,37.29,64.64,-42.42,14.06,34.33,15.27,0.0
-0.2,0.07,-1.32,37.29,64.64,-42.42,14.06,34.33,15.27,0.0
-0.47,0.12,-1.33,15.38,24.6,-17.88,12.38,33.87,16.15,0.0
-0.37,0.13,-1.16,3.6,-2.38,-8.06,12.38,33.87,16.15,0.0
0.17,-0.13,-0.9,-17.76,-51.03,14.22,13.29,33.74,16.04,0.0
0.64,-0.27,-0.77,-22.22,-60.06,17.09,13.29,33.74,16.04,0.0
0.64,-0.27,-0.77,-22.22,-60.06,17.09,13.29,33.74,16.04,0.0
0.86,-0.31,-0.67,-25.02,-68.18,19.04,13.29,33.74,16.04,0.0
0.86,-0.31,-0.67,-25.02,-68.18,19.04,13.29,33.74,16.04,0.0
1.18,-0.43,-0.43,-15.38,-64.45,13.31,13.85,35.05,14.62,0.0
1.18,-0.43,-0.43,-15.38,-64.45,13.31,13.85,35.05,14.62,0.0
1.18,-0.43,-0.43,-15.38,-64.45,13.31,13.85,35.05,14.62,0.0
1.24,-0.48,-0.35,-9.52,-51.27,8.91,13.85,35.05,14.62,0.0
1.24,-0.48,-0.35,-9.52,-51.27,8.91,13.85,35.05,14.62,0.0
1.04,-0.51,-0.4,1.59,-16.78,-1.59,13.85,35.05,14.62,0.0
0.87,-0.35,-0.69,6.23,17.52,-18.25,13.65,34.7,15.6,0.0
0.71,-0.14,-0.97,16.42,23.01,-24.17,13.65,34.7,15.6,0.0
0.71,-0.14,-0.97,16.42,23.01,-24.17,13.65,34.7,15.6,0.0
0.09,0.05,-1.16,40.95,24.78,-27.77,13.65,34.7,15.6,0.0
-0.16,0.1,-1.16,47.12,17.03,-14.22,13.32,33.7,15.62,0.0
-0.16,0.1,-1.16,47.12,17.03,-14.22,13.32,33.7,15.62,0.0
-0.16,0.1,-1.16,47.12,17.03,-14.22,13.32,33.7,15.62,0.0
-0.16,0.1,-1.16,47.12,17.03,-14.22,13.32,33.7,15.62,0.0
-0.34,0.13,-1.17,45.47,12.02,-7.87,13.32,33.7,15.62,0.0
-0.39,0.22,-1.1,35.16,-10.31,6.77,13.32,33.35,16.04,0.0
-0.3,0.23,-1.05,32.71,-17.82,10.25,13.32,33.35,16.04,0.0
-0.1,0.15,-0.96,34.85,-31.92,16.97,13.32,33.35,16.04,0.0
-0.1,0.15,-0.96,34.85,-31.92,16.97,13.32,33.35,16.04,0.0
0.78,-0.14,-0.77,37.9,-74.71,21.12,14.62,33.04,17.24,0.0
1.33,-0.32,-0.42,61.4,-61.52,10.99,14.62,33.04,17.24,0.0
1.33,-0.32,-0.42,61.4,-61.52,10.99,14.62,33.04,17.24,0.0
1.33,-0.32,-0.42,61.4,-61.52,10.99,14.62,33.04,17.24,0.0
1.39,-0.36,-0.39,81.6,-21.06,-0.55,14.97,32.15,16.47,0.0
1.39,-0.36,-0.39,81.6,-21.06,-0.55,14.97,32.15,16.47,0.0
1.14,-0.35,-0.57,84.96,-1.89,-5.74,14.97,32.15,16.47,0.0
1.02,-0.29,-0.72,82.21,14.16,-10.01,14.97,32.15,16.47,0.0
1.02,-0.29,-0.72,82.21,14.16,-10.01,14.97,32.15,16.47,0.0
0.9,-0.16,-0.86,76.66,26.37,-28.93,14.97,32.15,16.47,0.0
0.34,0.09,-1.14,69.58,42.05,-8.67,14.84,30.19,17.79,0.0
0.34,0.09,-1.14,69.58,42.05,-8.67,14.84,30.19,17.79,0.0
-0.29,0.32,-1.07,60.42,23.99,16.48,14.84,30.19,17.79,0.0
-0.3,0.46,-0.94,61.58,2.08,30.82,14.53,29.97,17.61,0.0
-0.3,0.46,-0.94,61.58,2.08,30.82,14.53,29.97,17.61,0.0
-0.3,0.46,-0.94,61.58,2.08,30.82,14.53,29.97,17.61,0.0
-0.29,0.47,-0.92,63.96,-10.07,39.49,14.53,29.97,17.61,0.0
-0.27,0.47,-0.9,63.05,-16.85,41.81,14.53,29.97,17.61,0.0
-0.14,0.32,-0.92,56.46,-24.78,43.27,14.53,29.97,17.61,0.0
0.24,0.25,-0.97,26.43,-55.24,44.8,14.45,29.31,18.03,0.0
0.24,0.25,-0.97,26.43,-55.24,44.8,14.45,29.31,18.03,0.0
0.24,0.25,-0.97,26.43,-55.24,44.8,14.45,29.31,18.03,0.0
0.24,0.25,-0.97,26.43,-55.24,44.8,14.45,29.31,18.03,0.0
1.32,0.17,-0.6,33.63,-85.94,23.62,16.0,29.33,17.7,0.0
-1.01,0.27,0.1,16.42,-12.21,67.32,22.78,18.07,18.29,3.0
-1.01,0.27,0.1,16.42,-12.21,67.32,22.78,18.07,18.29,3.0
-1.01,0.27,0.1,16.42,-12.21,67.32,22.78,18.07,18.29,3.0
-1.05,0.3,0.12,35.83,-21.42,65.73,22.78,18.07,18.29,3.0
-1.05,0.3,0.12,35.83,-21.42,65.73,22.78,18.07,18.29,3.0
-1.05,0.3,0.12,35.83,-21.42,65.73,22.78,18.07,18.29,3.0
-1.05,0.3,0.12,35.83,-21.42,65.73,22.78,18.07,18.29,3.0
-1.05,0.3,0.12,35.83,-21.42,65.73,22.78,18.07,18.29,3.0
-1.07,0.28,0.16,51.88,-28.63,64.64,22.33,11.1,17.65,3.0
-1.07,0.28,0.16,51.88,-28.63,64.64,22.33,11.1,17.65,3.0
-1.08,0.3,0.13,69.27,-30.52,59.51,16.77,5.36,17.36,3.0
-1.08,0.3,0.13,69.27,-30.52,59.51,16.77,5.36,17.36,3.0
-1.08,0.3,0.13,69.27,-30.52,59.51,16.77,5.36,17.36,3.0
-1.08,0.3,0.13,69.27,-30.52,59.51,16.77,5.36,17.36,3.0
-1.08,0.3,0.13,69.27,-30.52,59.51,16.77,5.36,17.36,3.0
-0.92,0.29,0.11,67.75,-27.95,55.36,10.13,4.65,19.03,3.0
-0.92,0.29,0.11,67.75,-27.95,55.36,10.13,4.65,19.03,3.0
-0.92,0.29,0.11,67.75,-27.95,55.36,10.13,4.65,19.03,3.0
-0.89,0.26,0.08,61.89,-18.98,46.14,10.13,4.65,19.03,3.0
-1.14,0.3,0.06,15.62,-6.16,43.95,6.7,6.09,20.29,3.0
-1.14,0.3,0.06,15.62,-6.16,43.95,6.7,6.09,20.29,3.0
-1.14,0.3,0.06,15.62,-6.16,43.95,6.7,6.09,20.29,3.0
-1.14,0.3,0.06,15.62,-6.16,43.95,6.7,6.09,20.29,3.0
-1.14,0.3,0.06,15.62,-6.16,43.95,6.7,6.09,20.29,3.0
-1.14,0.3,0.06,15.62,-6.16,43.95,6.7,6.09,20.29,3.0
-1.14,0.3,0.06,15.62,-6.16,43.95,6.7,6.09,20.29,3.0
-0.98,0.49,0.02,-5.49,-9.7,35.34,3.89,7.17,20.36,3.0
-0.98,0.49,0.02,-5.49,-9.7,35.34,3.89,7.17,20.36,3.0
-0.88,0.5,-0.01,15.62,-9.52,16.66,2.91,7.57,20.57,3.0
-0.88,0.5,-0.01,15.62,-9.52,16.66,2.91,7.57,20.57,3.0
-0.88,0.5,-0.01,15.62,-9.52,16.66,2.91,7.57,20.57,3.0
-0.88,0.5,-0.01,15.62,-9.52,16.66,2.91,7.57,20.57,3.0
-0.88,0.5,-0.01,15.62,-9.52,16.66,2.91,7.57,20.57,3.0
-0.88,0.38,0.04,42.11,-6.35,-21.06,3.32,6.4,20.08,3.0
-0.88,0.38,0.04,42.11,-6.35,-21.06,3.32,6.4,20.08,3.0
-0.88,0.38,0.04,42.11,-6.35,-21.06,3.32,6.4,20.08,3.0
-0.88,0.38,0.04,42.11,-6.35,-21.06,3.32,6.4,20.08,3.0
-0.88,0.38,0.04,42.11,-6.35,-21.06,3.32,6.4,20.08,3.0
-0.88,0.38,0.04,42.11,-6.35,-21.06,3.32,6.4,20.08,3.0
-0.88,0.38,0.04,42.11,-6.35,-21.06,3.32,6.4,20.08,3.0
-0.91,0.36,0.0,29.17,-4.7,-26.61,3.32,6.4,20.08,3.0
-0.91,0.36,0.0,29.17,-4.7,-26.61,3.32,6.4,20.08,3.0
-0.91,0.36,0.0,29.17,-4.7,-26.61,3.32,6.4,20.08,3.0
-0.95,0.39,0.0,21.12,-2.14,-31.8,5.16,6.14,19.79,3.0
-0.95,0.39,0.0,21.12,-2.14,-31.8,5.16,6.14,19.79,3.0
-1.01,0.42,-0.01,21.73,3.54,-47.06,7.97,3.14,17.1,3.0
-1.01,0.42,-0.01,21.73,3.54,-47.06,7.97,3.14,17.1,3.0
-1.01,0.42,-0.01,21.73,3.54,-47.06,7.97,3.14,17.1,3.0
-1.02,0.42,0.03,22.71,5.31,-54.87,7.97,3.14,17.1,3.0
-0.97,0.38,0.06,14.34,12.57,-73.55,24.13,5.14,11.93,3.0
-0.97,0.38,0.06,14.34,12.57,-73.55,24.13,5.14,11.93,3.0
-1.11,0.36,0.08,1.46,21.55,-87.83,27.33,14.21,13.26,3.0
-1.11,0.36,0.08,1.46,21.55,-87.83,27.33,14.21,13.26,3.0
-1.11,0.36,0.08,1.46,21.55,-87.83,27.33,14.21,13.26,3.0
-1.23,0.37,0.15,-2.01,18.55,-89.6,24.1,21.45,14.1,3.0
-1.23,0.37,0.15,-2.01,18.55,-89.6,24.1,21.45,14.1,3.0
-1.23,0.37,0.15,-2.01,18.55,-89.6,24.1,21.45,14.1,3.0
-1.23,0.34,0.17,2.2,14.4,-86.12,24.1,21.45,14.1,3.0
-1.14,0.33,0.16,5.0,10.8,-81.79,19.13,23.57,18.15,3.0
-1.06,0.32,0.15,6.47,10.44,-80.63,19.13,23.57,18.15,3.0
-1.06,0.32,0.15,6.47,10.44,-80.63,19.13,23.57,18.15,3.0
-1.01,0.29,0.14,10.68,10.38,-77.15,14.77,22.22,20.26,3.0
-1.0,0.26,0.13,13.0,9.46,-70.37,14.77,22.22,20.26,3.0
-1.0,0.26,0.13,13.0,9.46,-70.37,14.77,22.22,20.26,3.0
-0.92,0.21,0.13,9.22,4.21,-49.26,13.33,20.48,20.57,3.0
-0.89,0.2,0.12,8.36,2.44,-44.13,13.33,20.48,20.57,3.0
-0.89,0.2,0.12,8.36,2.44,-44.13,13.33,20.48,20.57,3.0
-0.89,0.2,0.12,8.36,2.44,-44.13,13.33,20.48,20.57,3.0
-0.89,0.2,0.12,8.36,2.44,-44.13,13.33,20.48,20.57,3.0
-0.84,0.19,0.12,6.04,-0.67,-28.5,13.33,20.48,20.57,3.0
-0.81,0.19,0.11,5.8,-1.28,-23.44,13.0,19.75,20.41,3.0
-0.81,0.21,0.11,5.92,-3.11,-13.49,13.0,19.75,20.41,3.0
-0.8,0.22,0.1,8.06,-4.15,-9.03,13.0,19.75,20.41,3.0
-0.8,0.22,0.1,8.06,-4.15,-9.03,13.0,19.75,20.41,3.0
-0.8,0.22,0.1,8.06,-4.15,-9.03,13.0,19.75,20.41,3.0
-0.8,0.21,0.11,20.87,-8.97,8.54,13.73,19.3,21.55,3.0
-0.8,0.21,0.11,20.87,-8.97,8.54,13.73,19.3,21.55,3.0
-0.8,0.21,0.11,20.87,-8.97,8.54,13.73,19.3,21.55,3.0
-0.8,0.21,0.11,20.87,-8.97,8.54,13.73,19.3,21.55,3.0
-0.82,0.21,0.13,25.76,-14.59,23.38,13.73,19.3,21.55,3.0
-0.83,0.21,0.14,26.61,-16.54,28.26,13.73,19.3,21.55,3.0
-0.83,0.21,0.14,26.61,-16.54,28.26,13.73,19.3,21.55,3.0
-0.87,0.21,0.15,26.67,-18.49,32.9,14.2,20.0,20.08,3.0
-0.87,0.21,0.15,26.67,-18.49,32.9,14.2,20.0,20.08,3.0
-0.87,0.21,0.15,26.67,-18.49,32.9,14.2,20.0,20.08,3.0
-0.87,0.21,0.15,26.67,-18.49,32.9,14.2,20.0,20.08,3.0
-0.87,0.21,0.15,26.67,-18.49,32.9,14.2,20.0,20.08,3.0
-0.87,0.21,0.15,26.67,-18.49,32.9,14.2,20.0,20.08,3.0
-0.87,0.21,0.15,26.67,-18.49,32.9,14.2,20.0,20.08,3.0
-0.87,0.21,0.15,26.67,-18.49,32.9,14.2,20.0,20.08,3.0
-0.87,0.21,0.15,26.67,-18.49,32.9,14.2,20.0,20.08,3.0
-0.91,0.23,0.16,26.0,-24.96,46.2,14.2,20.0,20.08,3.0
-0.91,0.23,0.16,26.0,-24.96,46.2,14.2,20.0,20.08,3.0
-0.91,0.23,0.16,26.0,-24.96,46.2,14.2,20.0,20.08,3.0
-0.96,0.29,0.17,35.03,-33.94,64.64,17.59,20.86,19.07,3.0
-1.01,0.3,0.18,36.8,-37.72,71.78,17.59,20.86,19.07,3.0
-1.06,0.32,0.2,37.96,-41.56,78.49,23.83,21.42,18.77,3.0
-1.08,0.35,0.21,41.08,-47.3,85.94,23.83,21.42,18.77,3.0
-1.08,0.35,0.21,41.08,-47.3,85.94,23.83,21.42,18.77,3.0
-1.12,0.37,0.13,39.92,-38.09,88.75,27.95,3.03,12.78,3.0
-1.12,0.45,0.1,27.22,-36.25,96.19,27.95,3.03,12.78,3.0
-1.12,0.45,0.1,27.22,-36.25,96.19,27.95,3.03,12.78,3.0
-1.12,0.45,0.1,27.22,-36.25,96.19,27.95,3.03,12.78,3.0
-1.12,0.45,0.1,27.22,-36.25,96.19,27.95,3.03,12.78,3.0
-1.12,0.45,0.1,24.6,-35.83,96.19,17.31,-2.48,11.99,3.0
-1.12,0.45,0.1,24.6,-35.83,96.19,17.31,-2.48,11.99,3.0
-1.12,0.45,0.1,24.6,-35.83,96.19,17.31,-2.48,11.99,3.0
-1.12,0.5,0.07,22.77,-35.83,92.71,17.31,-2.48,11.99,3.0
-1.12,0.5,0.07,22.77,-35.83,92.71,17.31,-2.48,11.99,3.0
-1.12,0.5,0.07,22.77,-35.83,92.71,17.31,-2.48,11.99,3.0
-1.12,0.5,0.07,22.77,-35.83,92.71,17.31,-2.48,11.99,3.0
-1.12,0.5,0.07,22.77,-35.83,92.71,17.31,-2.48,11.99,3.0
-1.12,0.5,0.07,22.77,-35.83,92.71,17.31,-2.48,11.99,3.0
-1.12,0.5,0.07,22.77,-35.83,92.71,17.31,-2.48,11.99,3.0
-1.08,0.48,0.12,34.0,-34.18,79.35,8.53,-0.12,13.66,3.0
-1.08,0.48,0.12,34.0,-34.18,79.35,8.53,-0.12,13.66,3.0
-1.04,0.43,0.13,38.76,-27.53,61.95,8.53,-0.12,13.66,3.0
-1.0,0.46,0.1,32.04,-21.36,44.37,4.48,0.98,15.78,3.0
-1.0,0.46,0.1,32.04,-21.36,44.37,4.48,0.98,15.78,3.0
-1.0,0.46,0.1,32.04,-21.36,44.37,4.48,0.98,15.78,3.0
-1.0,0.46,0.1,32.04,-21.36,44.37,4.48,0.98,15.78,3.0
-1.0,0.46,0.1,32.04,-21.36,44.37,4.48,0.98,15.78,3.0
-1.0,0.46,0.1,32.04,-21.36,44.37,4.48,0.98,15.78,3.0
-1.0,0.46,0.1,32.04,-21.36,44.37,4.48,0.98,15.78,3.0
-0.94,0.46,0.1,29.48,-18.13,35.34,4.48,0.98,15.78,3.0
-0.94,0.46,0.1,29.48,-18.13,35.34,4.48,0.98,15.78,3.0
-0.89,0.44,0.08,25.88,-2.62,6.04,2.91,3.96,15.56,3.0
-0.89,0.44,0.08,25.88,-2.62,6.04,2.91,3.96,15.56,3.0
-0.89,0.44,0.07,18.92,0.18,2.2,2.91,3.96,15.56,3.0
-0.89,0.44,0.07,18.92,0.18,2.2,2.91,3.96,15.56,3.0
-0.89,0.44,0.07,18.92,0.18,2.2,2.91,3.96,15.56,3.0
-0.89,0.44,0.08,15.2,1.59,0.43,2.91,3.96,15.56,3.0
-0.89,0.44,0.08,15.2,1.59,0.43,2.91,3.96,15.56,3.0
-0.91,0.46,0.06,-2.56,11.6,-14.47,2.84,3.04,15.15,3.0
-0.91,0.46,0.06,-2.56,11.6,-14.47,2.84,3.04,15.15,3.0
-0.91,0.46,0.06,-2.56,11.6,-14.47,2.84,3.04,15.15,3.0
-0.96,0.45,0.04,-13.98,21.42,-34.55,5.25,1.76,14.79,3.0
-0.96,0.45,0.04,-13.98,21.42,-34.55,5.25,1.76,14.79,3.0
-0.96,0.45,0.04,-13.98,21.42,-34.55,5.25,1.76,14.79,3.0
-0.98,0.44,0.03,-18.74,24.05,-41.38,5.25,1.76,14.79,3.0
-0.98,0.44,0.03,-18.74,24.05,-41.38,5.25,1.76,14.79,3.0
-0.98,0.44,0.03,-18.74,24.05,-41.38,5.25,1.76,14.79,3.0
-0.98,0.44,0.03,-18.74,24.05,-41.38,5.25,1.76,14.79,3.0
-0.99,0.44,0.04,-25.21,28.63,-57.37,8.29,-0.54,12.9,3.0
-0.99,0.44,0.04,-25.21,28.63,-57.37,8.29,-0.54,12.9,3.0
-0.99,0.44,0.04,-25.21,28.63,-57.37,8.29,-0.54,12.9,3.0
-1.08,0.42,0.05,-24.54,30.15,-65.43,8.29,-0.54,12.9,3.0
-1.08,0.42,0.05,-24.54,30.15,-65.43,8.29,-0.54,12.9,3.0
-1.11,0.36,0.08,-21.85,29.79,-79.28,16.97,-2.54,10.24,3.0
-1.14,0.35,0.1,-20.87,30.52,-84.23,27.34,3.36,10.1,3.0
-1.16,0.31,0.12,-19.9,32.29,-93.75,27.34,3.36,10.1,3.0
-1.16,0.31,0.12,-19.9,32.29,-93.75,27.34,3.36,10.1,3.0
-1.16,0.31,0.12,-19.9,32.29,-93.75,27.34,3.36,10.1,3.0
-1.05,0.26,0.11,-13.61,30.03,-94.97,30.41,12.68,11.27,3.0
-1.05,0.26,0.11,-13.61,30.03,-94.97,30.41,12.68,11.27,3.0
-1.05,0.26,0.11,-13.61,30.03,-94.97,30.41,12.68,11.27,3.0
-0.99,0.2,0.1,-10.07,29.42,-91.0,24.99,18.85,14.87,3.0
-1.04,0.13,0.11,-13.79,28.93,-84.78,24.99,18.85,14.87,3.0
-1.07,0.13,0.12,-20.26,26.06,-74.1,24.99,18.85,14.87,3.0
-1.07,0.13,0.12,-20.26,26.06,-74.1,24.99,18.85,14.87,3.0
-1.12,0.2,0.15,-24.96,21.48,-60.24,19.36,20.09,16.37,3.0
-1.09,0.26,0.15,-20.39,6.96,-32.29,19.36,20.09,16.37,3.0
-1.01,0.21,0.12,-14.04,1.34,-22.83,17.79,19.52,17.55,3.0
-1.01,0.21,0.12,-14.04,1.34,-22.83,17.79,19.52,17.55,3.0
-0.97,0.21,0.12,-10.99,-0.73,-19.1,17.79,19.52,17.55,3.0
-0.91,0.2,0.11,0.0,-3.42,-14.04,17.79,19.52,17.55,3.0
-0.87,0.18,0.11,2.99,-3.85,-13.0,17.0,17.4,16.96,3.0
-0.87,0.18,0.11,2.99,-3.85,-13.0,17.0,17.4,16.96,3.0
-0.85,0.17,0.11,7.81,-3.72,-8.97,17.0,17.4,16.96,3.0
-0.85,0.17,0.11,7.81,-3.72,-8.97,17.0,17.4,16.96,3.0
-0.85,0.17,0.11,7.81,-3.72,-8.97,17.0,17.4,16.96,3.0
-0.85,0.16,0.11,8.79,-3.78,-7.32,17.0,17.4,16.96,3.0
-0.86,0.16,0.12,10.01,-4.33,-3.17,17.08,17.8,16.32,3.0
-0.86,0.16,0.12,10.01,-4.33,-3.17,17.08,17.8,16.32,3.0
-0.86,0.16,0.12,10.01,-4.33,-3.17,17.08,17.8,16.32,3.0
-0.88,0.16,0.13,11.35,-5.13,8.24,17.08,17.8,16.32,3.0
-0.89,0.17,0.14,12.39,-6.84,13.12,17.08,17.8,16.32,3.0
-0.89,0.17,0.14,12.39,-6.84,13.12,17.08,17.8,16.32,3.0
-0.89,0.17,0.14,12.39,-6.84,13.12,17.08,17.8,16.32,3.0
-0.89,0.17,0.14,12.39,-6.84,13.12,17.08,17.8,16.32,3.0
-0.89,0.17,0.14,12.39,-6.84,13.12,17.08,17.8,16.32,3.0
-0.89,0.17,0.14,12.39,-6.84,13.12,17.08,17.8,16.32,3.0
-0.89,0.17,0.14,12.39,-6.84,13.12,17.08,17.8,16.32,3.0
-0.89,0.17,0.14,12.39,-6.84,13.12,17.08,17.8,16.32,3.0
-0.89,0.17,0.14,12.39,-6.84,13.12,17.08,17.8,16.32,3.0
-0.89,0.17,0.14,12.39,-6.84,13.12,17.08,17.8,16.32,3.0
-0.89,0.17,0.14,12.39,-6.84,13.12,17.08,17.8,16.32,3.0
-0.91,0.19,0.14,12.33,-9.09,23.44,18.57,17.47,16.24,3.0
-0.91,0.19,0.14,12.33,-9.09,23.44,18.57,17.47,16.24,3.0
-0.91,0.19,0.14,12.33,-9.09,23.44,18.57,17.47,16.24,3.0
-0.94,0.21,0.15,8.97,-12.76,39.25,18.57,17.47,16.24,3.0
-0.94,0.21,0.15,8.97,-12.76,39.25,18.57,17.47,16.24,3.0
-0.96,0.29,0.16,2.81,-18.68,61.16,21.75,17.81,15.1,3.0
-0.96,0.29,0.16,2.81,-18.68,61.16,21.75,17.81,15.1,3.0
-0.96,0.29,0.16,2.81,-18.68,61.16,21.75,17.81,15.1,3.0
-0.97,0.32,0.15,6.59,-22.46,66.53,26.77,15.92,13.88,3.0
-0.97,0.32,0.15,6.59,-22.46,66.53,26.77,15.92,13.88,3.0
-0.97,0.32,0.15,6.59,-22.46,66.53,26.77,15.92,13.88,3.0
-1.1,0.36,0.13,54.57,-32.1,58.11,30.9,8.83,11.13,3.0
-1.1,0.36,0.13,54.57,-32.1,58.11,30.9,8.83,11.13,3.0
-1.1,0.36,0.13,54.57,-32.1,58.11,30.9,8.83,11.13,3.0
-1.1,0.37,0.1,60.42,-31.8,58.29,30.9,8.83,11.13,3.0
-1.1,0.37,0.1,60.42,-31.8,58.29,30.9,8.83,11.13,3.0
-1.1,0.37,0.1,60.42,-31.8,58.29,30.9,8.83,11.13,3.0
-1.02,0.36,0.08,58.23,-30.64,59.63,30.9,8.83,11.13,3.0
-0.97,0.36,0.05,50.29,-25.7,57.01,18.59,-4.35,10.11,3.0
-0.97,0.36,0.05,50.29,-25.7,57.01,18.59,-4.35,10.11,3.0
-1.03,0.37,0.04,34.55,-19.65,53.83,18.59,-4.35,10.11,3.0
-1.03,0.37,0.04,34.55,-19.65,53.83,18.59,-4.35,10.11,3.0
-1.03,0.37,0.04,34.55,-19.65,53.83,18.59,-4.35,10.11,3.0
-1.1,0.42,0.06,21.67,-16.17,54.69,11.4,-3.55,10.21,3.0
-0.99,0.47,0.01,1.34,-19.53,53.77,7.07,-2.06,11.34,3.0
-0.99,0.47,0.01,1.34,-19.53,53.77,7.07,-2.06,11.34,3.0
-0.99,0.47,0.01,1.34,-19.53,53.77,7.07,-2.06,11.34,3.0
-0.92,0.48,0.0,0.12,-20.26,51.76,7.07,-2.06,11.34,3.0
-0.92,0.48,0.0,0.12,-20.26,51.76,7.07,-2.06,11.34,3.0
-0.86,0.48,0.01,1.71,-20.02,43.4,4.39,-0.67,12.81,3.0
-0.86,0.48,0.01,1.71,-20.02,43.4,4.39,-0.67,12.81,3.0
-0.86,0.48,0.02,5.0,-18.49,36.38,4.39,-0.67,12.81,3.0
-0.88,0.48,0.03,8.67,-16.11,24.54,4.39,-0.67,12.81,3.0
-0.94,0.48,0.04,12.21,-10.68,8.0,3.3,-0.26,14.39,3.0
-0.98,0.48,0.05,13.61,-8.0,0.55,3.3,-0.26,14.39,3.0
-0.99,0.46,0.05,15.14,-2.75,-9.28,4.02,0.89,12.66,3.0
-0.99,0.46,0.05,15.14,-2.75,-9.28,4.02,0.89,12.66,3.0
-1.0,0.44,0.04,12.39,1.53,-15.69,4.02,0.89,12.66,3.0
-1.0,0.44,0.04,12.39,1.53,-15.69,4.02,0.89,12.66,3.0
-1.0,0.41,0.04,9.7,4.03,-18.92,4.02,0.89,12.66,3.0
-1.0,0.41,0.04,9.7,4.03,-18.92,4.02,0.89,12.66,3.0
-1.0,0.41,0.04,9.7,4.03,-18.92,4.02,0.89,12.66,3.0
-0.99,0.4,0.03,6.04,6.41,-21.85,5.83,-0.57,11.55,3.0
-0.99,0.4,0.03,6.04,6.41,-21.85,5.83,-0.57,11.55,3.0
-0.97,0.38,0.02,-3.11,11.41,-27.59,5.83,-0.57,11.55,3.0
-0.96,0.37,0.01,-8.18,13.61,-30.33,5.83,-0.57,11.55,3.0
-0.93,0.38,0.01,-23.74,20.26,-41.69,9.29,-3.28,10.75,3.0
-0.93,0.38,0.01,-23.74,20.26,-41.69,9.29,-3.28,10.75,3.0
-1.02,0.39,0.04,-27.77,23.56,-51.27,9.29,-3.28,10.75,3.0
-1.02,0.39,0.04,-27.77,23.56,-51.27,9.29,-3.28,10.75,3.0
-1.02,0.39,0.04,-27.77,23.56,-51.27,9.29,-3.28,10.75,3.0
-1.02,0.39,0.04,-28.63,23.5,-53.16,9.29,-3.28,10.75,3.0
-1.02,0.4,0.05,-27.4,23.56,-59.69,16.66,-3.25,7.92,3.0
-1.02,0.4,0.05,-27.4,23.56,-59.69,16.66,-3.25,7.92,3.0
-1.02,0.4,0.05,-27.4,23.56,-59.69,16.66,-3.25,7.92,3.0
-1.04,0.4,0.04,-26.37,24.23,-62.13,16.66,-3.25,7.92,3.0
-1.0,0.38,-0.01,-30.7,24.23,-70.86,16.66,-3.25,7.92,3.0
-1.0,0.38,-0.01,-30.7,24.23,-70.86,16.66,-3.25,7.92,3.0
-1.0,0.38,-0.01,-30.7,24.23,-70.86,16.66,-3.25,7.92,3.0
-1.0,0.38,-0.01,-30.7,24.23,-70.86,16.66,-3.25,7.92,3.0
-1.0,0.38,-0.01,-30.7,24.23,-70.86,16.66,-3.25,7.92,3.0
-1.0,0.38,-0.01,-30.7,24.23,-70.86,16.66,-3.25,7.92,3.0
-1.0,0.38,-0.01,-30.7,24.23,-70.86,16.66,-3.25,7.92,3.0
-0.94,0.35,0.03,-39.73,22.34,-88.5,24.48,1.12,7.02,3.0
-0.94,0.35,0.03,-39.73,22.34,-88.5,24.48,1.12,7.02,3.0
-1.01,0.35,0.08,-40.47,22.34,-95.52,24.48,1.12,7.02,3.0
-1.01,0.35,0.08,-40.47,22.34,-95.52,24.48,1.12,7.02,3.0
-1.01,0.35,0.08,-40.47,22.34,-95.52,24.48,1.12,7.02,3.0
-1.22,0.32,0.15,-40.53,20.57,-96.56,29.43,8.01,7.86,3.0
-1.22,0.32,0.15,-40.53,20.57,-96.56,29.43,8.01,7.86,3.0
-1.19,0.4,0.17,-28.14,-0.18,-67.38,26.61,13.79,9.59,3.0
-1.19,0.4,0.17,-28.14,-0.18,-67.38,26.61,13.79,9.59,3.0
-0.89,0.23,0.12,15.56,3.3,-46.14,20.63,14.4,12.38,3.0
-0.87,0.13,0.13,6.65,9.95,-33.87,17.71,13.71,13.64,3.0
-0.88,0.1,0.17,-10.25,12.39,-26.86,17.71,13.71,13.64,3.0
-0.89,0.09,0.19,-22.95,14.65,-19.9,17.71,13.71,13.64,3.0
-0.89,0.09,0.19,-22.95,14.65,-19.9,17.71,13.71,13.64,3.0
-0.89,0.08,0.19,-28.32,15.69,-16.66,17.69,15.09,13.88,3.0
-0.89,0.08,0.18,-36.32,17.15,-9.95,17.69,15.09,13.88,3.0
-0.89,0.08,0.18,-36.32,17.15,-9.95,17.69,15.09,13.88,3.0
-0.9,0.1,0.18,-38.39,17.33,-6.47,17.69,15.09,13.88,3.0
-0.9,0.1,0.18,-38.39,17.33,-6.47,17.69,15.09,13.88,3.0
-0.91,0.12,0.18,-39.31,17.52,-3.36,17.69,15.09,13.88,3.0
-0.91,0.12,0.18,-39.31,17.52,-3.36,17.69,15.09,13.88,3.0
-0.93,0.18,0.18,-32.96,18.55,7.69,17.53,14.58,13.11,3.0
-0.94,0.19,0.16,-29.42,18.68,11.47,17.53,14.58,13.11,3.0
-0.94,0.17,0.14,-22.46,18.31,20.14,17.53,14.58,13.11,3.0
-0.94,0.17,0.14,-22.46,18.31,20.14,17.53,14.58,13.11,3.0
-0.92,0.16,0.11,-19.1,18.43,43.09,19.32,14.88,14.0,3.0
-0.92,0.16,0.11,-19.1,18.43,43.09,19.32,14.88,14.0,3.0
-0.92,0.16,0.11,-19.1,18.43,43.09,19.32,14.88,14.0,3.0
-0.91,0.19,0.09,-21.12,18.74,49.32,19.32,14.88,14.0,3.0
-0.91,0.19,0.09,-21.12,18.74,49.32,19.32,14.88,14.0,3.0
-0.93,0.21,0.07,-27.65,19.71,62.01,22.0,14.01,13.06,3.0
-0.93,0.21,0.07,-27.65,19.71,62.01,22.0,14.01,13.06,3.0
-0.93,0.21,0.07,-27.65,19.71,62.01,22.0,14.01,13.06,3.0
-0.95,0.22,0.04,-37.96,20.81,72.45,22.0,14.01,13.06,3.0
-0.95,0.22,0.04,-37.96,20.81,72.45,22.0,14.01,13.06,3.0
-0.95,0.22,0.04,-37.96,20.81,72.45,22.0,14.01,13.06,3.0
-1.0,0.27,0.02,-49.5,20.87,84.66,22.0,14.01,13.06,3.0
-1.0,0.27,0.02,-49.5,20.87,84.66,22.0,14.01,13.06,3.0
-1.0,0.27,0.02,-49.5,20.87,84.66,22.0,14.01,13.06,3.0
-1.07,0.34,-0.01,-62.07,19.96,91.13,25.77,9.5,12.93,3.0
-1.22,0.45,0.03,-60.91,15.38,102.17,25.77,9.5,12.93,3.0
-1.22,0.45,0.03,-60.91,15.38,102.17,25.77,9.5,12.93,3.0
-1.17,0.5,-0.0,-45.96,9.89,106.75,23.49,2.23,13.35,3.0
-0.99,0.47,-0.07,-30.52,4.64,95.28,23.49,2.23,13.35,3.0
-0.79,0.36,-0.12,-22.58,6.1,78.8,16.16,-0.98,15.56,3.0
-0.79,0.36,-0.12,-22.58,6.1,78.8,16.16,-0.98,15.56,3.0
-0.79,0.36,-0.12,-22.58,6.1,78.8,16.16,-0.98,15.56,3.0
-0.82,0.33,-0.11,-31.49,8.67,65.86,16.16,-0.98,15.56,3.0
-0.96,0.38,-0.05,-45.47,7.69,57.62,9.11,-0.55,17.77,3.0
-0.96,0.38,-0.05,-45.47,7.69,57.62,9.11,-0.55,17.77,3.0
-1.03,0.43,-0.05,-49.26,6.1,55.97,9.11,-0.55,17.77,3.0
-1.09,0.49,-0.04,-51.88,1.59,51.94,9.11,-0.55,17.77,3.0
-1.15,0.55,-0.02,-36.25,-6.53,37.29,5.46,1.75,18.36,3.0
-1.15,0.55,-0.02,-36.25,-6.53,37.29,5.46,1.75,18.36,3.0
-1.16,0.57,-0.01,-29.66,-8.18,31.98,5.46,1.75,18.36,3.0
-1.15,0.56,0.0,-13.98,-9.28,19.84,5.46,1.75,18.36,3.0
-1.15,0.56,0.0,-13.98,-9.28,19.84,5.46,1.75,18.36,3.0
-1.14,0.55,0.0,-5.86,-8.79,12.51,4.9,3.06,19.86,3.0
-1.13,0.49,-0.01,12.21,-3.36,-8.54,4.9,3.06,19.86,3.0
-1.09,0.41,-0.05,13.31,-0.98,-14.89,4.9,3.06,19.86,3.0
-1.09,0.41,-0.05,13.31,-0.98,-14.89,4.9,3.06,19.86,3.0
-0.96,0.39,-0.07,7.02,3.3,-30.52,6.45,1.78,19.27,3.0
-0.96,0.39,-0.07,7.02,3.3,-30.52,6.45,1.78,19.27,3.0
-0.96,0.39,-0.07,7.02,3.3,-30.52,6.45,1.78,19.27,3.0
-0.91,0.35,-0.07,-6.84,7.08,-34.3,6.45,1.78,19.27,3.0
-0.91,0.35,-0.07,-6.84,7.08,-34.3,6.45,1.78,19.27,3.0
-0.79,0.33,-0.05,-23.99,10.38,-40.59,6.45,1.78,19.27,3.0
-0.79,0.33,-0.05,-23.99,10.38,-40.59,6.45,1.78,19.27,3.0
-0.79,0.33,-0.05,-23.99,10.38,-40.59,6.45,1.78,19.27,3.0
-0.79,0.33,-0.05,-23.99,10.38,-40.59,6.45,1.78,19.27,3.0
-0.79,0.33,-0.05,-23.99,10.38,-40.59,6.45,1.78,19.27,3.0
-0.76,0.31,-0.02,-39.73,13.24,-45.23,8.54,2.23,17.74,3.0
-0.74,0.32,-0.01,-55.42,16.05,-50.48,8.54,2.23,17.74,3.0
-0.7,0.34,-0.0,-58.47,15.26,-53.04,8.54,2.23,17.74,3.0
-0.7,0.34,-0.0,-58.47,15.26,-53.04,8.54,2.23,17.74,3.0
-0.7,0.36,0.03,-53.34,12.88,-55.54,10.95,3.7,17.69,3.0
-1.11,0.32,0.16,-50.72,10.19,-45.04,14.09,4.54,14.54,3.0
-1.11,0.32,0.16,-50.72,10.19,-45.04,14.09,4.54,14.54,3.0
-1.11,0.32,0.16,-50.72,10.19,-45.04,14.09,4.54,14.54,3.0
-1.33,0.41,0.2,-58.53,0.61,-32.47,14.09,4.54,14.54,3.0
-1.33,0.41,0.2,-58.53,0.61,-32.47,14.09,4.54,14.54,3.0
-1.33,0.41,0.2,-58.53,0.61,-32.47,14.09,4.54,14.54,3.0
-1.33,0.41,0.2,-58.53,0.61,-32.47,14.09,4.54,14.54,3.0
-1.38,0.46,0.24,-64.09,-10.86,-18.92,14.09,4.54,14.54,3.0
-1.38,0.46,0.24,-64.09,-10.86,-18.92,14.09,4.54,14.54,3.0
-1.38,0.46,0.24,-64.09,-10.86,-18.92,14.09,4.54,14.54,3.0
-1.48,0.52,0.38,-59.94,-19.1,-9.58,19.15,6.82,10.94,3.0
-1.48,0.52,0.38,-59.94,-19.1,-9.58,19.15,6.82,10.94,3.0
-1.49,0.56,0.41,-45.17,-21.24,-10.31,19.15,6.82,10.94,3.0
-1.49,0.56,0.41,-45.17,-21.24,-10.31,19.15,6.82,10.94,3.0
-1.49,0.56,0.41,-45.17,-21.24,-10.31,19.15,6.82,10.94,3.0
-1.31,0.5,0.31,-3.54,-10.07,-33.94,20.51,12.52,10.5,3.0
-1.31,0.5,0.31,-3.54,-10.07,-33.94,20.51,12.52,10.5,3.0
-1.31,0.5,0.31,-3.54,-10.07,-33.94,20.51,12.52,10.5,3.0
-1.11,0.36,0.22,23.32,6.47,-64.21,20.51,12.52,10.5,3.0
-0.92,0.17,0.12,21.42,31.49,-95.58,18.2,17.74,12.05,3.0
-0.83,0.02,0.09,-20.39,46.39,-99.61,15.36,20.0,16.74,3.0
-0.83,0.02,0.09,-20.39,46.39,-99.61,15.36,20.0,16.74,3.0
-0.84,0.14,0.15,-61.22,50.96,-87.46,15.36,20.0,16.74,3.0
-0.84,0.14,0.15,-61.22,50.96,-87.46,15.36,20.0,16.74,3.0
-0.84,0.14,0.15,-61.22,50.96,-87.46,15.36,20.0,16.74,3.0
-0.92,0.17,0.17,-73.36,48.34,-74.1,13.66,20.97,17.7,3.0
-0.94,0.14,0.15,-71.41,43.58,-61.77,13.66,20.97,17.7,3.0
-0.94,0.14,0.15,-71.41,43.58,-61.77,13.66,20.97,17.7,3.0
-0.94,0.11,0.12,-60.12,32.71,-37.54,13.66,20.97,17.7,3.0
-0.94,0.11,0.12,-60.12,32.71,-37.54,13.66,20.97,17.7,3.0
-0.94,0.11,0.12,-60.12,32.71,-37.54,13.66,20.97,17.7,3.0
-0.91,0.19,0.12,-45.29,26.73,-22.4,12.34,21.72,18.18,3.0
-0.87,0.17,0.09,-19.23,18.13,-3.42,12.34,21.72,18.18,3.0
-0.87,0.17,0.09,-19.23,18.13,-3.42,12.34,21.72,18.18,3.0
-0.87,0.17,0.09,-19.23,18.13,-3.42,12.34,21.72,18.18,3.0
-0.86,0.15,0.09,-4.82,14.59,8.0,12.29,22.99,17.77,3.0
-0.86,0.15,0.09,-4.82,14.59,8.0,12.29,22.99,17.77,3.0
-0.86,0.15,0.09,-4.82,14.59,8.0,12.29,22.99,17.77,3.0
-0.86,0.15,0.09,-4.82,14.59,8.0,12.29,22.99,17.77,3.0
-0.86,0.15,0.09,-4.82,14.59,8.0,12.29,22.99,17.77,3.0
-0.86,0.15,0.09,-4.82,14.59,8.0,12.29,22.99,17.77,3.0
-0.86,0.15,0.09,-4.82,14.59,8.0,12.29,22.99,17.77,3.0
-0.86,0.15,0.09,-4.82,14.59,8.0,12.29,22.99,17.77,3.0
-0.86,0.15,0.09,-4.82,14.59,8.0,12.29,22.99,17.77,3.0
-0.87,0.1,0.08,4.33,12.63,19.04,12.29,22.99,17.77,3.0
-0.87,0.1,0.08,4.33,12.63,19.04,12.29,22.99,17.77,3.0
-0.87,0.09,0.07,3.85,12.08,34.97,13.67,22.74,18.32,3.0
-0.87,0.09,0.07,3.85,12.08,34.97,13.67,22.74,18.32,3.0
-0.89,0.07,0.02,-11.29,14.4,49.19,13.67,22.74,18.32,3.0
-0.89,0.07,0.02,-11.29,14.4,49.19,13.67,22.74,18.32,3.0
-0.89,0.07,0.02,-11.29,14.4,49.19,13.67,22.74,18.32,3.0
-0.94,0.1,-0.02,-37.96,16.85,62.19,13.67,22.74,18.32,3.0
-0.94,0.1,-0.02,-37.96,16.85,62.19,13.67,22.74,18.32,3.0
-1.04,0.21,-0.05,-62.32,15.56,79.22,17.88,22.84,16.52,3.0
-1.19,0.38,-0.04,-46.33,13.67,98.14,19.63,11.02,15.93,3.0
-1.19,0.38,-0.04,-46.33,13.67,98.14,19.63,11.02,15.93,3.0
-1.19,0.38,-0.04,-46.33,13.67,98.14,19.63,11.02,15.93,3.0
-1.31,0.44,-0.17,-53.22,21.18,101.81,19.63,11.02,15.93,3.0
-1.22,0.51,-0.31,-74.04,15.38,97.78,11.63,9.59,18.96,3.0
-1.22,0.51,-0.31,-74.04,15.38,97.78,11.63,9.59,18.96,3.0
-0.99,0.53,-0.23,-84.29,7.08,69.58,6.79,12.08,21.2,3.0
-0.92,0.49,-0.2,-64.94,0.49,46.33,6.79,12.08,21.2,3.0
-0.92,0.49,-0.2,-64.94,0.49,46.33,6.79,12.08,21.2,3.0
-0.87,0.5,-0.18,-58.17,-1.77,41.75,3.87,15.26,22.24,3.0
-0.87,0.5,-0.18,-58.17,-1.77,41.75,3.87,15.26,22.24,3.0
-0.86,0.5,-0.16,-43.09,-6.47,33.39,3.87,15.26,22.24,3.0
-0.86,0.5,-0.16,-43.09,-6.47,33.39,3.87,15.26,22.24,3.0
-0.86,0.5,-0.16,-43.09,-6.47,33.39,3.87,15.26,22.24,3.0
-0.86,0.5,-0.16,-43.09,-6.47,33.39,3.87,15.26,22.24,3.0
-0.86,0.49,-0.1,-26.79,-11.23,24.9,3.87,15.26,22.24,3.0
-0.86,0.49,-0.1,-26.79,-11.23,24.9,3.87,15.26,22.24,3.0
-0.88,0.48,-0.08,-19.29,-13.61,20.57,2.47,17.35,22.73,3.0
-0.88,0.48,-0.08,-19.29,-13.61,20.57,2.47,17.35,22.73,3.0
-0.92,0.47,-0.03,-6.1,-17.03,12.27,2.47,17.35,22.73,3.0
-0.92,0.47,-0.03,-6.1,-17.03,12.27,2.47,17.35,22.73,3.0
-0.92,0.47,-0.03,-6.1,-17.03,12.27,2.47,17.35,22.73,3.0
-0.92,0.47,-0.03,-6.1,-17.03,12.27,2.47,17.35,22.73,3.0
-0.92,0.47,-0.03,-6.1,-17.03,12.27,2.47,17.35,22.73,3.0
-0.94,0.45,0.01,3.36,-18.49,5.19,2.47,17.35,22.73,3.0
-0.94,0.43,0.09,14.16,-9.89,-10.74,2.76,17.42,22.09,3.0
-0.94,0.43,0.09,14.16,-9.89,-10.74,2.76,17.42,22.09,3.0
-0.94,0.43,0.09,14.16,-9.89,-10.74,2.76,17.42,22.09,3.0
-0.95,0.42,0.05,14.47,-2.81,-17.88,2.76,17.42,22.09,3.0
-0.95,0.42,0.05,14.47,-2.81,-17.88,2.76,17.42,22.09,3.0
-0.95,0.42,0.05,14.47,-2.81,-17.88,2.76,17.42,22.09,3.0
-0.95,0.42,0.05,14.47,-2.81,-17.88,2.76,17.42,22.09,3.0
-0.98,0.39,0.0,2.44,6.47,-26.12,3.83,16.55,21.58,3.0
-0.98,0.37,0.01,-30.46,15.44,-34.73,3.83,16.55,21.58,3.0
-0.98,0.37,0.01,-30.46,15.44,-34.73,3.83,16.55,21.58,3.0
-0.96,0.36,0.09,-63.29,24.72,-42.97,5.16,16.06,19.85,3.0
-0.98,0.38,0.11,-78.19,31.07,-53.41,8.7,16.48,15.77,3.0
-0.98,0.38,0.11,-78.19,31.07,-53.41,8.7,16.48,15.77,3.0
-0.98,0.38,0.11,-78.19,31.07,-53.41,8.7,16.48,15.77,3.0
-1.02,0.38,0.14,-79.35,34.18,-61.04,8.7,16.48,15.77,3.0
-1.07,0.37,0.13,-76.29,35.89,-68.12,13.59,18.36,13.2,3.0
-1.07,0.37,0.13,-76.29,35.89,-68.12,13.59,18.36,13.2,3.0
-1.16,0.36,0.18,-73.06,36.8,-71.04,13.59,18.36,13.2,3.0
-1.23,0.35,0.18,-72.08,37.96,-70.98,13.59,18.36,13.2,3.0
-1.21,0.37,0.12,-75.93,34.18,-69.64,19.37,24.27,11.69,3.0
-1.21,0.37,0.12,-75.93,34.18,-69.64,19.37,24.27,11.69,3.0
-1.07,0.38,0.14,-76.42,29.3,-70.31,19.37,24.27,11.69,3.0
-1.01,0.31,0.18,-67.32,28.75,-75.38,17.72,31.69,13.22,3.0
-1.01,0.31,0.18,-67.32,28.75,-75.38,17.72,31.69,13.22,3.0
-1.01,0.29,0.18,-60.42,28.02,-80.38,17.72,31.69,13.22,3.0
-1.01,0.29,0.18,-60.42,28.02,-80.38,17.72,31.69,13.22,3.0
-1.01,0.29,0.18,-57.8,26.92,-80.57,17.72,31.69,13.22,3.0
-1.01,0.26,0.18,-47.49,24.17,-77.21,11.32,32.28,15.04,3.0
-1.01,0.26,0.18,-47.49,24.17,-77.21,11.32,32.28,15.04,3.0
-1.01,0.26,0.18,-47.49,24.17,-77.21,11.32,32.28,15.04,3.0
-1.01,0.23,0.19,-43.76,23.01,-75.07,11.32,32.28,15.04,3.0
-1.01,0.23,0.19,-43.76,23.01,-75.07,11.32,32.28,15.04,3.0
-1.02,0.2,0.21,-40.34,22.09,-67.81,11.32,32.28,15.04,3.0
-1.02,0.2,0.21,-40.34,22.09,-67.81,11.32,32.28,15.04,3.0
-1.03,0.2,0.22,-33.33,19.04,-56.76,7.43,32.58,15.16,3.0
-1.03,0.2,0.22,-33.33,19.04,-56.76,7.43,32.58,15.16,3.0
-1.03,0.2,0.22,-33.33,19.04,-56.76,7.43,32.58,15.16,3.0
-1.03,0.2,0.22,-33.33,19.04,-56.76,7.43,32.58,15.16,3.0
-1.03,0.2,0.22,-33.33,19.04,-56.76,7.43,32.58,15.16,3.0
-1.02,0.21,0.21,-31.37,18.31,-50.54,7.43,32.58,15.16,3.0
-1.02,0.21,0.21,-31.37,18.31,-50.54,7.43,32.58,15.16,3.0
-1.02,0.21,0.21,-31.37,18.31,-50.54,7.43,32.58,15.16,3.0
-0.97,0.23,0.2,-23.07,12.57,-25.63,7.43,32.58,15.16,3.0
-0.84,0.15,0.16,-15.26,11.96,-10.68,5.86,30.69,16.13,3.0
-0.82,0.14,0.16,-13.43,12.82,-6.35,5.86,30.69,16.13,3.0
-0.8,0.12,0.12,-13.79,20.94,14.16,5.32,30.87,16.13,3.0
-0.89,0.14,0.11,-28.44,25.45,37.9,6.1,32.23,16.24,3.0
-0.89,0.14,0.11,-28.44,25.45,37.9,6.1,32.23,16.24,3.0
-0.93,0.16,0.11,-36.19,25.45,54.02,6.1,32.23,16.24,3.0
-0.97,0.21,0.09,-40.41,24.6,64.15,9.02,32.19,14.11,3.0
-0.97,0.23,0.08,-41.99,24.17,68.6,9.02,32.19,14.11,3.0
-0.97,0.24,0.06,-42.54,22.77,77.03,9.02,32.19,14.11,3.0
-0.98,0.26,0.05,-41.87,21.85,80.63,9.02,32.19,14.11,3.0
-0.98,0.26,0.05,-41.87,21.85,80.63,9.02,32.19,14.11,3.0
-1.01,0.29,0.05,-38.51,21.12,88.87,12.9,32.63,12.12,3.0
-1.01,0.29,0.05,-38.51,21.12,88.87,12.9,32.63,12.12,3.0
0.65,0.63,-0.71,-150.7,24.48,-209.72,23.99,25.29,17.97,4.0
0.68,0.6,-0.77,-162.05,25.63,-204.41,23.99,25.29,17.97,4.0
0.76,0.49,-0.73,-165.53,29.91,-194.34,23.99,25.29,17.97,4.0
0.76,0.49,-0.73,-165.53,29.91,-194.34,23.99,25.29,17.97,4.0
0.76,0.49,-0.73,-165.53,29.91,-194.34,23.99,25.29,17.97,4.0
0.8,0.52,-0.67,-160.03,31.07,-187.44,23.35,29.83,17.03,4.0
0.74,0.08,-0.55,-152.4,36.87,-139.89,23.35,29.83,17.03,4.0
0.74,0.08,-0.55,-152.4,36.87,-139.89,23.35,29.83,17.03,4.0
0.76,0.09,-0.55,-154.79,37.96,-130.31,23.35,29.83,17.03,4.0
0.76,0.14,-0.57,-153.81,37.6,-111.45,22.31,33.14,16.76,4.0
0.76,0.01,-0.58,-126.16,39.18,-79.22,22.31,33.14,16.76,4.0
0.72,-0.16,-0.55,-124.76,36.13,-44.01,21.84,35.55,16.72,4.0
0.72,-0.16,-0.55,-124.76,36.13,-44.01,21.84,35.55,16.72,4.0
0.67,-0.03,-0.58,-125.55,33.33,-34.12,21.84,35.55,16.72,4.0
0.6,0.0,-0.58,-114.07,19.78,-10.62,21.84,35.55,16.72,4.0
0.6,0.0,-0.58,-114.07,19.78,-10.62,21.84,35.55,16.72,4.0
0.63,-0.06,-0.59,-108.28,16.24,-4.09,21.63,35.5,15.22,4.0
0.64,-0.15,-0.66,-102.6,7.93,13.61,21.63,35.5,15.22,4.0
0.63,-0.13,-0.66,-104.49,-12.27,23.74,21.63,35.5,15.22,4.0
0.63,-0.13,-0.66,-104.49,-12.27,23.74,21.63,35.5,15.22,4.0
0.65,-0.11,-0.67,-105.1,-6.1,27.34,21.63,35.5,15.22,4.0
0.6,0.04,-0.68,-100.95,-11.84,30.33,22.67,36.84,14.18,4.0
0.57,0.11,-0.65,-82.7,-23.5,32.96,22.67,36.84,14.18,4.0
0.55,0.07,-0.65,-72.08,-34.24,34.85,22.67,36.84,14.18,4.0
0.55,0.07,-0.65,-72.08,-34.24,34.85,22.67,36.84,14.18,4.0
0.55,-0.07,-0.59,-57.86,-39.55,36.8,22.67,36.84,14.18,4.0
0.54,-0.18,-0.51,-60.42,-49.62,45.53,23.22,36.43,13.79,4.0
0.53,-0.2,-0.59,-65.92,-52.8,50.96,23.22,36.43,13.79,4.0
0.53,-0.2,-0.59,-65.92,-52.8,50.96,23.22,36.43,13.79,4.0
0.53,-0.08,-0.49,-66.28,-59.02,51.94,24.73,36.39,12.3,4.0
0.53,-0.06,-0.47,-65.98,-64.09,57.01,24.73,36.39,12.3,4.0
0.53,-0.06,-0.47,-65.98,-64.09,57.01,24.73,36.39,12.3,4.0
0.55,-0.02,-0.5,-61.04,-64.94,58.29,24.73,36.39,12.3,4.0
0.55,-0.02,-0.5,-61.04,-64.94,58.29,24.73,36.39,12.3,4.0
0.55,-0.02,-0.5,-61.04,-64.94,58.29,24.73,36.39,12.3,4.0
0.55,-0.02,-0.5,-61.04,-64.94,58.29,24.73,36.39,12.3,4.0
0.54,0.04,-0.44,-51.76,-64.09,55.54,24.73,36.39,12.3,4.0
0.58,-0.01,-0.36,-37.66,-62.32,50.11,26.44,35.79,11.34,4.0
0.57,-0.05,-0.34,-34.85,-62.68,49.44,26.44,35.79,11.34,4.0
0.59,-0.0,-0.35,-29.85,-61.58,47.91,26.44,35.79,11.34,4.0
0.59,-0.0,-0.35,-29.85,-61.58,47.91,26.44,35.79,11.34,4.0
0.69,-0.09,-0.42,-51.27,-64.82,43.82,27.11,35.47,10.4,4.0
0.69,-0.09,-0.42,-51.27,-64.82,43.82,27.11,35.47,10.4,4.0
0.69,-0.09,-0.42,-51.27,-64.82,43.82,27.11,35.47,10.4,4.0
0.67,0.04,-0.31,-47.36,-64.45,42.48,27.11,35.47,10.4,4.0
0.67,0.02,-0.23,-38.82,-62.56,38.64,28.39,34.19,8.64,4.0
0.78,-0.05,-0.28,-20.26,-56.88,38.57,28.39,34.19,8.64,4.0
0.76,-0.05,-0.28,-15.62,-52.12,34.91,28.39,34.19,8.64,4.0
0.76,-0.05,-0.28,-15.62,-52.12,34.91,28.39,34.19,8.64,4.0
0.76,-0.05,-0.28,-15.62,-52.12,34.91,28.39,34.19,8.64,4.0
0.79,-0.15,-0.34,-37.54,-54.44,40.16,29.35,33.62,8.04,4.0
0.81,-0.05,-0.18,-42.72,-54.5,42.05,29.35,33.62,8.04,4.0
0.81,-0.05,-0.18,-42.72,-54.5,42.05,29.35,33.62,8.04,4.0
0.84,-0.05,-0.19,-37.54,-53.22,41.99,29.35,33.62,8.04,4.0
0.86,-0.12,-0.24,-31.43,-51.33,41.63,29.64,32.91,7.32,4.0
0.77,-0.04,-0.16,-26.12,-46.75,42.6,29.64,32.91,7.32,4.0
0.77,-0.04,-0.16,-26.12,-46.75,42.6,29.64,32.91,7.32,4.0
0.75,-0.11,-0.18,-33.87,-42.11,45.96,30.19,32.07,5.97,4.0
0.75,-0.11,-0.18,-33.87,-42.11,45.96,30.19,32.07,5.97,4.0
0.75,-0.11,-0.18,-33.87,-42.11,45.96,30.19,32.07,5.97,4.0
0.76,-0.03,-0.14,-36.32,-39.79,44.56,30.19,32.07,5.97,4.0
0.85,-0.18,-0.16,-49.26,-35.34,45.29,30.19,32.07,5.97,4.0
0.86,-0.2,-0.16,-59.81,-33.63,46.08,30.19,32.07,5.97,4.0
0.86,-0.2,-0.16,-59.81,-33.63,46.08,30.19,32.07,5.97,4.0
0.82,0.07,-0.18,-80.44,-34.91,47.49,30.9,30.51,4.59,4.0
0.82,0.07,-0.18,-80.44,-34.91,47.49,30.9,30.51,4.59,4.0
0.86,-0.09,-0.11,-55.11,-35.89,35.89,31.29,30.05,3.8,4.0
0.86,-0.09,-0.11,-55.11,-35.89,35.89,31.29,30.05,3.8,4.0
0.89,-0.05,-0.08,-73.79,-32.84,34.0,31.29,30.05,3.8,4.0
0.82,0.12,-0.02,-84.84,-29.79,27.89,31.8,29.09,2.62,4.0
0.88,0.2,-0.03,-79.04,-29.6,25.15,31.8,29.09,2.62,4.0
0.9,0.15,-0.04,-51.88,-31.25,15.26,31.8,29.09,2.62,4.0
0.9,0.15,-0.04,-51.88,-31.25,15.26,31.8,29.09,2.62,4.0
0.9,0.15,-0.04,-41.93,-31.13,9.89,31.8,29.09,2.62,4.0
0.87,0.01,0.02,-38.15,-29.85,6.41,31.8,29.09,2.62,4.0
0.86,-0.02,0.05,-44.74,-23.44,4.03,31.69,28.28,2.4,4.0
0.9,-0.05,0.0,-48.4,-20.69,4.27,31.69,28.28,2.4,4.0
0.9,-0.05,0.0,-48.4,-20.69,4.27,31.69,28.28,2.4,4.0
0.9,-0.05,0.0,-48.4,-20.69,4.27,31.69,28.28,2.4,4.0
0.9,-0.02,-0.0,-53.41,-16.17,2.44,31.69,28.28,2.4,4.0
0.97,0.0,0.0,-41.93,-15.14,-2.26,31.95,27.39,1.38,4.0
0.97,0.0,0.0,-41.93,-15.14,-2.26,31.95,27.39,1.38,4.0
0.97,-0.07,-0.01,-32.96,-14.83,-4.03,31.95,27.39,1.38,4.0
0.93,-0.1,0.04,-24.96,-15.5,-3.48,31.95,27.39,1.38,4.0
0.94,-0.11,0.06,-28.44,-12.88,3.42,31.27,27.21,1.27,4.0
0.94,-0.11,0.06,-28.44,-12.88,3.42,31.27,27.21,1.27,4.0
0.93,-0.06,0.09,-30.82,-9.4,1.95,31.27,27.21,1.27,4.0
0.96,-0.06,0.06,-32.47,-7.63,-15.01,31.27,27.21,1.27,4.0
0.96,-0.06,0.06,-32.47,-7.63,-15.01,31.27,27.21,1.27,4.0
0.97,-0.02,0.06,-32.47,-7.63,-15.01,31.63,27.09,1.81,4.0
0.95,-0.03,0.03,-25.94,-4.64,-2.14,31.63,27.09,1.81,4.0
0.93,0.03,0.04,-24.66,-5.43,-1.46,31.63,27.09,1.81,4.0
0.94,-0.03,0.01,-16.78,-3.05,-2.14,31.75,27.21,0.94,4.0
0.94,-0.03,0.01,-16.78,-3.05,-2.14,31.75,27.21,0.94,4.0
0.95,-0.07,-0.0,-26.49,-1.71,-2.08,31.75,27.21,0.94,4.0
0.95,-0.07,-0.0,-26.49,-1.71,-2.08,31.75,27.21,0.94,4.0
0.96,0.09,-0.01,-20.26,-3.66,-3.11,32.32,26.87,1.42,4.0
0.98,0.03,-0.03,-4.94,-3.97,-4.27,32.32,26.87,1.42,4.0
0.98,-0.12,-0.04,-8.18,-3.91,-3.78,32.32,26.87,1.42,4.0
0.97,-0.07,-0.04,-15.32,-4.09,-2.87,32.32,26.87,1.42,4.0
0.97,-0.07,-0.04,-15.32,-4.09,-2.87,32.32,26.87,1.42,4.0
0.97,-0.07,-0.04,-15.32,-4.09,-2.87,32.32,26.87,1.42,4.0
0.97,0.0,-0.03,-14.83,-3.3,-4.21,31.46,26.97,0.29,4.0
0.97,0.0,-0.03,-14.83,-3.3,-4.21,31.46,26.97,0.29,4.0
0.97,0.0,-0.03,-14.83,-3.3,-4.21,31.46,26.97,0.29,4.0
0.95,-0.01,-0.03,-11.96,-3.11,-4.03,31.46,26.97,0.29,4.0
0.96,-0.02,-0.04,-10.44,-4.39,-1.95,31.46,26.97,0.29,4.0
0.99,-0.04,-0.01,-4.03,-4.52,-2.69,31.46,26.97,0.29,4.0
0.99,-0.04,-0.01,-4.03,-4.52,-2.69,31.46,26.97,0.29,4.0
0.99,-0.01,-0.02,-2.08,-5.86,-2.01,32.01,26.78,0.23,4.0
0.97,-0.02,-0.01,-0.37,-3.6,-2.93,31.25,27.51,0.15,4.0
0.94,0.0,0.02,-0.49,-4.39,-1.16,31.25,27.51,0.15,4.0
0.94,0.01,0.01,0.43,-4.58,-0.31,31.25,27.51,0.15,4.0
0.94,0.01,0.01,0.43,-4.58,-0.31,31.25,27.51,0.15,4.0
0.94,0.01,0.01,0.43,-4.58,-0.31,31.25,27.51,0.15,4.0
1.0,-0.05,-0.04,0.67,-2.26,-1.1,31.25,27.51,0.15,4.0
0.97,-0.06,-0.01,-7.57,-2.14,-2.56,31.58,26.51,1.04,4.0
0.97,-0.06,-0.01,-7.57,-2.14,-2.56,31.58,26.51,1.04,4.0
1.0,-0.01,-0.02,-8.85,-2.38,-3.05,31.58,26.51,1.04,4.0
0.98,-0.0,-0.0,-5.25,-2.81,-2.99,31.58,26.51,1.04,4.0
0.97,0.0,0.01,1.71,-3.36,0.18,31.57,27.22,1.12,4.0
0.97,0.0,0.01,1.71,-3.36,0.18,31.57,27.22,1.12,4.0
0.98,-0.09,-0.02,6.71,-2.01,-0.37,31.57,27.22,1.12,4.0
0.98,-0.09,-0.02,6.71,-2.01,-0.37,31.57,27.22,1.12,4.0
0.98,-0.09,-0.02,6.71,-2.01,-0.37,31.57,27.22,1.12,4.0
0.97,-0.13,-0.01,-1.95,-1.46,-0.24,31.57,27.22,1.12,4.0
0.98,-0.02,0.0,-6.84,-1.65,-0.18,31.34,27.58,0.9,4.0
0.96,0.01,0.02,-1.77,-1.65,-0.73,31.34,27.58,0.9,4.0
0.96,0.01,0.02,-1.77,-1.65,-0.73,31.34,27.58,0.9,4.0
0.97,-0.06,-0.02,5.92,-0.73,0.55,31.34,27.58,0.9,4.0
0.98,-0.08,-0.05,2.01,0.06,0.73,31.2,27.19,-0.39,4.0
0.98,0.01,-0.0,3.36,-1.53,0.0,31.2,27.19,-0.39,4.0
0.97,0.03,-0.0,7.02,-2.32,0.55,31.25,27.0,0.32,4.0
0.97,0.03,-0.0,7.02,-2.32,0.55,31.25,27.0,0.32,4.0
0.97,0.03,-0.0,7.02,-2.32,0.55,31.25,27.0,0.32,4.0
0.96,0.01,-0.0,17.09,-1.04,-1.4,31.25,27.0,0.32,4.0
0.98,-0.09,-0.06,15.14,-0.18,-1.71,31.25,27.0,0.32,4.0
0.98,-0.09,-0.09,-6.1,-1.46,1.34,31.31,28.02,1.07,4.0
0.99,-0.02,-0.06,-4.82,-2.14,0.18,31.31,28.02,1.07,4.0
0.95,0.03,-0.01,6.41,-4.33,0.43,31.31,28.02,1.07,4.0
0.95,0.03,-0.01,6.41,-4.33,0.43,31.31,28.02,1.07,4.0
0.95,0.03,-0.01,6.41,-4.33,0.43,31.31,28.02,1.07,4.0
0.97,0.01,-0.04,11.29,-4.15,1.04,31.31,28.02,1.07,4.0
0.97,-0.04,-0.04,12.08,-4.09,2.38,30.59,27.31,1.04,4.0
1.01,-0.09,-0.02,-1.22,-3.97,4.09,30.59,27.31,1.04,4.0
0.97,0.03,-0.04,1.71,-3.36,1.95,30.59,27.31,1.04,4.0
0.97,0.03,-0.04,1.71,-3.36,1.95,30.59,27.31,1.04,4.0
0.99,-0.11,-0.01,0.06,-3.05,1.28,31.12,26.73,0.55,4.0
0.99,-0.11,-0.01,0.06,-3.05,1.28,31.12,26.73,0.55,4.0
0.95,0.01,-0.01,-4.09,-4.09,2.44,31.12,26.73,0.55,4.0
0.95,0.01,-0.01,-4.09,-4.09,2.44,31.12,26.73,0.55,4.0
1.0,0.09,0.02,2.56,-3.85,1.34,31.12,26.73,0.55,4.0
1.01,-0.06,0.01,9.28,-2.87,-0.31,31.36,27.06,0.22,4.0
1.01,-0.06,0.01,9.28,-2.87,-0.31,31.36,27.06,0.22,4.0
0.96,-0.12,-0.0,-3.66,-1.65,-1.16,31.36,27.06,0.22,4.0
0.98,-0.05,-0.01,3.85,-0.43,1.77,30.91,26.66,0.57,4.0
0.98,-0.05,-0.01,3.85,-0.43,1.77,30.91,26.66,0.57,4.0
1.0,-0.12,-0.01,-2.2,0.06,1.34,30.91,26.66,0.57,4.0
0.98,-0.1,-0.0,-8.97,-0.85,2.14,31.04,27.56,-0.2,4.0
0.98,-0.1,-0.0,-8.97,-0.85,2.14,31.04,27.56,-0.2,4.0
0.98,-0.1,-0.0,-8.97,-0.85,2.14,31.04,27.56,-0.2,4.0
0.98,-0.1,0.01,-8.73,-1.46,3.91,31.04,27.56,-0.2,4.0
0.98,-0.1,0.01,-8.73,-1.46,3.91,31.04,27.56,-0.2,4.0
0.98,0.0,0.04,0.12,-1.59,6.77,31.04,27.56,-0.2,4.0
0.98,0.0,0.04,6.41,-0.49,6.47,31.04,27.56,-0.2,4.0
0.98,0.0,0.04,6.41,-0.49,6.47,31.04,27.56,-0.2,4.0
0.97,-0.03,0.02,9.34,-0.12,5.68,31.04,27.56,-0.2,4.0
0.98,-0.03,-0.01,-8.48,0.0,5.49,31.34,27.38,0.83,4.0
0.96,0.02,0.01,-0.12,-0.12,5.37,31.25,27.15,0.5,4.0
0.96,0.02,0.01,-0.12,-0.12,5.37,31.25,27.15,0.5,4.0
0.95,-0.01,-0.02,1.22,0.24,5.37,31.25,27.15,0.5,4.0
0.95,-0.01,-0.02,1.22,0.24,5.37,31.25,27.15,0.5,4.0
0.96,0.05,0.0,0.67,0.37,5.0,31.25,27.15,0.5,4.0
0.96,0.05,0.0,0.67,0.37,5.0,31.25,27.15,0.5,4.0
0.99,-0.04,-0.05,0.67,0.18,3.42,31.21,27.37,-0.31,4.0
0.96,-0.02,0.01,-4.82,-1.22,3.85,31.21,27.37,-0.31,4.0
0.96,-0.02,0.01,-4.82,-1.22,3.85,31.21,27.37,-0.31,4.0
1.02,-0.02,-0.06,-4.03,1.16,6.16,31.27,27.08,0.26,4.0
1.01,0.01,-0.04,-7.87,-0.18,6.35,31.27,27.08,0.26,4.0
0.96,-0.01,-0.01,-3.3,-1.04,3.85,31.27,27.08,0.26,4.0
0.94,-0.01,0.01,2.93,-0.73,5.19,31.27,27.08,0.26,4.0
0.94,-0.01,0.01,2.93,-0.73,5.19,31.27,27.08,0.26,4.0
0.95,0.01,0.03,2.93,-0.73,5.19,30.65,26.49,0.88,4.0
0.95,0.01,0.03,2.93,-0.73,5.19,30.65,26.49,0.88,4.0
0.96,0.01,-0.02,5.43,1.22,6.47,30.65,26.49,0.88,4.0
0.96,0.01,-0.02,5.43,1.22,6.47,30.65,26.49,0.88,4.0
0.96,0.01,-0.02,5.43,1.22,6.47,30.65,26.49,0.88,4.0
0.98,-0.03,-0.05,0.43,1.59,6.47,30.65,26.49,0.88,4.0
0.99,0.07,-0.06,-11.6,-0.49,6.53,30.57,26.99,0.15,4.0
0.99,0.13,-0.04,-9.34,-1.46,6.71,30.57,26.99,0.15,4.0
0.95,0.05,-0.01,2.14,-2.99,3.48,30.57,26.99,0.15,4.0
0.99,0.08,-0.01,-0.85,-1.46,2.62,30.97,26.33,1.27,4.0
0.99,0.08,-0.01,-0.85,-1.46,2.62,30.97,26.33,1.27,4.0
0.99,0.06,-0.0,-2.32,-1.4,2.08,30.97,26.33,1.27,4.0
0.97,-0.01,-0.0,-2.99,-1.22,2.32,31.38,26.14,0.76,4.0
0.96,0.03,0.01,-7.75,-1.53,3.42,31.38,26.14,0.76,4.0
0.96,0.02,0.01,-7.81,-1.34,3.72,31.38,26.14,0.76,4.0
0.96,0.02,0.01,-7.81,-1.34,3.72,31.38,26.14,0.76,4.0
0.98,0.08,0.0,-7.32,-1.22,5.13,31.38,26.14,0.76,4.0
0.99,0.07,0.0,-3.48,-0.55,1.95,30.94,27.0,1.05,4.0
1.0,0.05,0.0,-5.62,-0.67,1.16,30.94,27.0,1.05,4.0
1.01,-0.0,-0.03,-7.08,-1.22,1.1,30.94,27.0,1.05,4.0
0.97,-0.04,0.01,-7.57,-1.22,1.83,30.94,27.0,1.05,4.0
0.97,0.03,0.01,-7.02,-1.34,4.39,30.87,25.7,0.02,4.0
0.97,0.03,0.01,-7.02,-1.34,4.39,30.87,25.7,0.02,4.0
0.97,0.13,0.02,-0.49,-1.46,3.91,30.87,25.7,0.02,4.0
0.98,-0.02,0.01,4.94,-0.67,1.59,30.87,25.7,0.02,4.0
0.98,-0.02,0.03,-8.24,1.04,1.77,31.24,26.34,-0.1,4.0
0.97,0.0,0.0,-10.8,2.44,2.2,31.24,26.34,-0.1,4.0
0.97,0.0,0.0,-10.8,2.44,2.2,31.24,26.34,-0.1,4.0
0.97,0.0,0.0,-10.44,3.36,3.05,31.24,26.34,-0.1,4.0
0.97,0.09,-0.02,-9.7,2.75,3.85,31.24,26.34,-0.1,4.0
0.97,0.09,-0.02,-9.7,2.75,3.85,31.24,26.34,-0.1,4.0
0.99,0.13,-0.03,-0.61,0.12,3.6,31.24,26.34,-0.1,4.0
0.98,0.04,-0.02,-2.14,1.22,0.98,30.97,25.73,0.01,4.0
0.98,0.04,-0.02,-2.14,1.22,0.98,30.97,25.73,0.01,4.0
0.99,0.09,-0.02,-6.96,1.22,1.89,30.97,25.73,0.01,4.0
0.99,0.09,-0.02,-6.96,1.22,1.89,30.97,25.73,0.01,4.0
0.99,0.09,-0.02,-5.8,0.79,1.22,30.97,25.73,0.01,4.0
0.96,0.02,0.03,1.95,1.28,-1.71,31.42,26.03,-0.88,4.0
0.99,-0.03,-0.03,-1.53,2.2,0.06,31.42,26.03,-0.88,4.0
0.99,0.02,-0.06,-5.13,2.69,1.34,31.42,26.03,-0.88,4.0
0.99,0.13,-0.0,2.93,-0.49,-0.31,31.27,26.62,0.37,4.0
0.99,0.13,-0.0,2.93,-0.49,-0.31,31.27,26.62,0.37,4.0
0.99,0.13,-0.0,10.74,-0.79,-2.32,31.27,26.62,0.37,4.0
0.98,-0.07,0.01,7.45,0.61,-1.34,31.27,26.62,0.37,4.0
0.98,-0.06,-0.03,-7.69,0.61,3.72,30.55,26.66,0.9,4.0
0.96,0.12,-0.0,-7.26,0.55,3.17,30.55,26.66,0.9,4.0
0.96,0.12,-0.0,-7.26,0.55,3.17,30.55,26.66,0.9,4.0
0.98,0.09,-0.02,3.78,0.37,1.04,30.55,26.66,0.9,4.0
1.0,0.01,-0.01,3.17,0.12,1.59,30.55,26.66,0.9,4.0
0.98,0.02,0.0,1.1,0.31,2.14,30.71,25.7,1.16,4.0
0.98,0.02,0.0,1.1,0.31,2.14,30.71,25.7,1.16,4.0
0.98,0.14,-0.02,11.47,0.06,1.04,30.71,25.7,1.16,4.0
0.98,0.14,-0.02,11.47,0.06,1.04,30.71,25.7,1.16,4.0
0.97,0.07,-0.06,4.7,-0.12,1.53,30.71,25.7,1.16,4.0
0.98,0.04,-0.05,1.1,-0.24,0.61,31.1,26.05,1.11,4.0
0.98,-0.05,-0.04,-3.36,-0.61,-1.1,31.1,26.05,1.11,4.0
1.0,0.08,-0.06,-8.36,-1.4,2.75,31.1,26.05,1.11,4.0
1.0,0.08,-0.06,-8.36,-1.4,2.75,31.1,26.05,1.11,4.0
0.96,0.13,0.0,2.87,-3.17,3.36,31.35,26.18,1.38,4.0
0.95,0.06,0.03,16.72,-1.71,0.92,31.35,26.18,1.38,4.0
0.99,-0.06,0.01,10.31,-1.46,2.26,31.35,26.18,1.38,4.0
0.99,-0.06,0.01,10.31,-1.46,2.26,31.35,26.18,1.38,4.0
0.99,-0.06,0.01,0.98,-1.04,3.6,31.35,26.18,1.38,4.0
0.98,0.13,0.03,-4.76,-0.24,3.11,31.31,25.9,0.93,4.0
0.99,0.17,0.04,-3.48,-0.43,3.36,31.31,25.9,0.93,4.0
0.99,-0.04,0.03,-1.71,2.69,0.55,31.31,25.9,0.93,4.0
1.0,-0.06,-0.01,-12.27,2.93,3.11,31.58,26.53,0.77,4.0
0.94,0.16,0.04,-7.39,2.5,3.17,31.58,26.53,0.77,4.0
0.94,0.16,0.04,-7.39,2.5,3.17,31.58,26.53,0.77,4.0
0.94,0.16,0.04,-7.39,2.5,3.17,31.58,26.53,0.77,4.0
0.96,0.19,-0.0,3.78,3.42,0.49,31.58,26.53,0.77,4.0
1.02,0.01,-0.08,10.07,3.54,0.24,31.58,26.53,0.77,4.0
0.97,-0.01,-0.05,0.24,-0.49,3.05,31.58,26.53,0.77,4.0
0.96,0.16,0.01,0.43,-1.22,1.46,31.57,25.39,0.15,4.0
1.01,-0.15,-0.1,7.51,2.08,-0.55,31.57,25.39,0.15,4.0
0.96,0.06,0.0,-16.11,-0.61,5.74,31.53,25.07,-0.55,4.0
0.96,0.06,0.0,-16.11,-0.61,5.74,31.53,25.07,-0.55,4.0
0.95,0.19,0.0,-3.78,-0.37,3.54,31.53,25.07,-0.55,4.0
0.97,-0.05,-0.05,12.39,0.18,1.4,31.53,25.07,-0.55,4.0
0.98,-0.02,-0.03,6.84,-0.73,3.54,31.53,25.07,-0.55,4.0
0.96,0.07,-0.01,0.49,-1.77,4.88,31.74,25.79,0.32,4.0
0.96,0.07,-0.01,0.49,-1.77,4.88,31.74,25.79,0.32,4.0
0.96,0.18,0.02,-0.06,-2.01,4.52,31.74,25.79,0.32,4.0
0.96,0.18,0.02,-0.06,-2.01,4.52,31.74,25.79,0.32,4.0
0.98,-0.02,-0.02,2.81,0.31,-0.31,31.74,25.79,0.32,4.0
0.98,-0.02,-0.02,2.81,0.31,-0.31,31.74,25.79,0.32,4.0
0.97,0.04,0.02,-5.37,0.0,0.79,31.04,25.24,1.06,4.0
1.0,0.08,0.0,-1.65,0.24,0.85,31.04,25.24,1.06,4.0
1.0,0.06,0.02,4.09,0.06,1.59,31.04,25.24,1.06,4.0
1.0,0.06,0.02,4.09,0.06,1.59,31.04,25.24,1.06,4.0
0.86,-0.04,0.06,1.59,5.49,-3.91,31.41,25.32,0.01,4.0
0.8,-0.08,0.09,0.79,8.0,-5.86,31.41,25.32,0.01,4.0
0.8,-0.08,0.09,0.79,8.0,-5.86,31.41,25.32,0.01,4.0
0.99,-0.18,0.04,-2.32,12.57,-7.75,30.98,25.61,0.89,4.0
0.99,-0.18,0.04,-2.32,12.57,-7.75,30.98,25.61,0.89,4.0
1.04,-0.21,-0.01,-8.48,15.75,-5.43,30.98,25.61,0.89,4.0
0.99,-0.07,0.05,-9.77,16.11,-3.48,30.98,25.61,0.89,4.0
0.99,-0.07,0.05,-9.77,16.11,-3.48,30.98,25.61,0.89,4.0
0.99,-0.07,0.05,-9.77,16.11,-3.48,30.98,25.61,0.89,4.0
0.88,0.04,0.07,-7.14,15.81,-1.28,30.98,25.61,0.89,4.0
0.87,0.1,0.08,1.4,16.11,1.59,30.98,25.61,0.89,4.0
0.89,0.11,0.02,26.25,17.76,6.04,30.9,25.72,0.56,4.0
0.89,0.11,0.02,26.25,17.76,6.04,30.9,25.72,0.56,4.0
0.89,0.03,-0.02,25.09,20.2,5.86,30.9,25.72,0.56,4.0
0.97,0.08,-0.15,1.89,22.58,5.55,31.42,25.52,0.46,4.0
0.97,0.08,-0.15,1.89,22.58,5.55,31.42,25.52,0.46,4.0
0.86,0.24,-0.15,0.0,20.45,3.97,31.42,25.52,0.46,4.0
0.82,0.1,-0.13,19.41,17.94,-4.64,31.19,26.1,1.15,4.0
0.82,0.1,-0.13,19.41,17.94,-4.64,31.19,26.1,1.15,4.0
0.8,0.12,-0.12,21.67,16.97,-5.43,31.19,26.1,1.15,4.0
0.81,0.08,-0.11,35.4,17.64,-16.78,31.19,26.1,1.15,4.0
0.83,0.06,-0.09,37.41,18.98,-21.42,31.31,26.07,1.71,4.0
0.83,0.06,-0.09,37.41,18.98,-21.42,31.31,26.07,1.71,4.0
1.21,-0.1,-0.16,29.97,24.17,-29.85,31.31,26.07,1.71,4.0
1.24,-0.15,-0.18,20.87,43.82,-34.55,31.31,26.07,1.71,4.0
1.17,-0.14,-0.15,-10.62,34.24,-33.51,31.31,26.07,1.71,4.0
1.06,-0.03,-0.12,-20.81,35.4,-33.51,31.31,26.07,1.71,4.0
1.06,-0.03,-0.12,-20.81,35.4,-33.51,31.31,26.07,1.71,4.0
0.9,0.19,-0.02,-19.59,35.64,-34.85,31.01,27.55,2.82,4.0
0.91,0.23,-0.04,-14.04,35.16,-34.91,31.01,27.55,2.82,4.0
0.91,0.23,-0.04,-14.04,35.16,-34.91,31.01,27.55,2.82,4.0
0.92,0.27,-0.05,5.49,33.14,-34.91,31.01,27.55,2.82,4.0
0.9,0.2,-0.03,17.03,32.71,-35.34,31.35,28.61,3.31,4.0
0.9,0.2,-0.03,17.03,32.71,-35.34,31.35,28.61,3.31,4.0
0.9,0.2,-0.03,17.03,32.71,-35.34,31.35,28.61,3.31,4.0
0.9,0.2,-0.03,17.03,32.71,-35.34,31.35,28.61,3.31,4.0
0.83,0.19,-0.0,39.92,34.12,-36.93,31.35,28.61,3.31,4.0
0.72,0.11,0.01,57.07,40.77,-46.26,31.35,28.61,3.31,4.0
0.72,0.11,0.01,57.07,40.77,-46.26,31.35,28.61,3.31,4.0
0.7,-0.01,0.01,61.34,50.42,-57.8,31.31,29.13,4.57,4.0
0.7,-0.08,0.0,54.2,61.46,-68.85,31.31,29.13,4.57,4.0
0.64,-0.19,-0.05,29.6,80.02,-79.22,30.33,31.18,5.68,4.0
0.69,-0.14,-0.09,11.66,81.6,-74.22,30.33,31.18,5.68,4.0
0.72,-0.11,-0.1,12.21,82.15,-72.2,30.33,31.18,5.68,4.0
0.73,-0.07,-0.12,25.45,82.95,-73.12,29.71,32.28,6.67,4.0
0.7,-0.04,-0.18,46.33,83.56,-77.58,29.71,32.28,6.67,4.0
0.7,-0.04,-0.18,46.33,83.56,-77.58,29.71,32.28,6.67,4.0
0.7,-0.04,-0.18,56.15,82.52,-80.2,29.71,32.28,6.67,4.0
0.67,-0.05,-0.24,64.82,81.18,-82.82,29.71,32.28,6.67,4.0
0.67,-0.05,-0.24,64.82,81.18,-82.82,29.71,32.28,6.67,4.0
0.64,-0.07,-0.31,81.97,73.36,-89.17,28.45,34.27,9.19,4.0
0.63,-0.09,-0.32,88.93,67.26,-93.32,28.45,34.27,9.19,4.0
0.61,-0.1,-0.35,92.47,64.64,-95.03,28.45,34.27,9.19,4.0
0.61,-0.1,-0.35,92.47,64.64,-95.03,28.45,34.27,9.19,4.0
0.61,-0.1,-0.35,92.47,64.64,-95.03,28.45,34.27,9.19,4.0
0.58,-0.09,-0.36,101.38,60.0,-99.12,26.68,35.35,10.05,4.0
0.58,-0.09,-0.36,101.38,60.0,-99.12,26.68,35.35,10.05,4.0
0.58,-0.07,-0.4,108.52,57.68,-100.77,26.68,35.35,10.05,4.0
0.55,-0.09,-0.43,122.74,52.25,-104.06,26.68,35.35,10.05,4.0
0.53,-0.12,-0.44,127.69,49.19,-104.55,26.68,35.35,10.05,4.0
0.54,-0.24,-0.53,123.72,32.53,-88.2,24.8,35.85,11.96,4.0
0.5,-0.19,-0.56,113.59,23.38,-78.19,24.8,35.85,11.96,4.0
0.5,-0.19,-0.56,113.59,23.38,-78.19,24.8,35.85,11.96,4.0
0.48,-0.06,-0.56,114.56,17.52,-75.74,23.67,36.0,13.22,4.0
0.44,-0.0,-0.52,126.16,7.63,-71.66,23.67,36.0,13.22,4.0
0.45,0.02,-0.51,134.83,4.64,-69.76,23.67,36.0,13.22,4.0
0.48,0.02,-0.53,143.92,1.59,-67.2,23.67,36.0,13.22,4.0
0.48,0.02,-0.53,143.92,1.59,-67.2,23.67,36.0,13.22,4.0
0.48,0.02,-0.53,143.92,1.59,-67.2,23.67,36.0,13.22,4.0
0.52,0.02,-0.61,167.79,-6.96,-55.3,22.68,37.17,16.26,4.0
0.52,0.02,-0.61,167.79,-6.96,-55.3,22.68,37.17,16.26,4.0
0.5,0.02,-0.69,172.49,-11.54,-50.42,22.68,37.17,16.26,4.0
0.5,0.02,-0.69,172.49,-11.54,-50.42,22.68,37.17,16.26,4.0
0.5,0.02,-0.69,172.49,-11.54,-50.42,22.68,37.17,16.26,4.0
0.48,0.02,-0.7,174.44,-23.62,-39.92,22.68,37.17,16.26,4.0
0.54,-0.06,-0.73,169.37,-28.32,-33.63,22.68,37.17,16.26,4.0
0.54,-0.06,-0.73,169.37,-28.32,-33.63,22.68,37.17,16.26,4.0
0.66,-0.09,-0.7,130.86,-32.96,-2.14,22.16,34.92,16.74,4.0
0.61,0.11,-0.68,128.66,-36.01,17.4,22.16,34.92,16.74,4.0
0.69,0.08,-0.74,136.35,-47.97,34.3,22.01,33.57,17.66,4.0
0.78,0.11,-0.68,137.02,-53.89,47.67,22.01,33.57,17.66,4.0
0.91,0.25,-0.59,156.19,-59.45,81.18,22.99,31.92,18.29,4.0
0.91,0.25,-0.59,156.19,-59.45,81.18,22.99,31.92,18.29,4.0
0.89,0.33,-0.59,164.67,-61.89,94.3,22.99,31.92,18.29,4.0
0.85,0.39,-0.54,179.2,-67.44,116.82,22.99,31.92,18.29,4.0
0.81,0.41,-0.5,184.2,-69.76,137.27,22.99,31.92,18.29,4.0
0.8,0.39,-0.54,189.03,-70.25,147.95,23.78,28.15,18.21,4.0
0.8,0.39,-0.54,189.03,-70.25,147.95,23.78,28.15,18.21,4.0
0.8,0.39,-0.54,189.03,-70.25,147.95,23.78,28.15,18.21,4.0
0.79,0.42,-0.55,188.78,-72.33,163.88,23.78,28.15,18.21,4.0
0.79,0.46,-0.56,189.82,-74.34,169.25,23.78,28.15,18.21,4.0
0.79,0.46,-0.56,189.82,-74.34,169.25,23.78,28.15,18.21,4.0
0.79,0.52,-0.48,191.59,-77.7,179.14,24.38,24.05,17.88,4.0
0.81,0.47,-0.44,188.9,-79.28,185.18,24.38,24.05,17.88,4.0
0.74,0.6,-0.33,95.4,-90.76,252.08,24.38,24.05,17.88,4.0
0.74,0.6,-0.33,95.4,-90.76,252.08,24.38,24.05,17.88,4.0
0.69,1.08,-0.25,83.56,-88.01,260.25,23.62,18.8,16.26,4.0
0.63,1.14,-0.26,86.3,-81.73,268.07,23.62,18.8,16.26,4.0
0.62,1.19,-0.24,92.41,-77.21,270.2,23.62,18.8,16.26,4.0
0.62,1.19,-0.24,92.41,-77.21,270.2,23.62,18.8,16.26,4.0
0.51,1.06,-0.23,111.82,-63.9,270.2,20.75,13.77,14.11,4.0
0.43,1.05,-0.25,117.13,-48.77,269.78,20.75,13.77,14.11,4.0
0.25,0.94,-0.24,101.07,-36.13,261.35,20.75,13.77,14.11,4.0
0.25,0.94,-0.24,101.07,-36.13,261.35,20.75,13.77,14.11,4.0
0.06,1.18,-0.15,12.39,-17.21,251.71,14.03,10.29,10.17,4.0
0.03,1.27,-0.14,2.08,-11.9,244.32,14.03,10.29,10.17,4.0
0.03,1.27,-0.14,2.08,-11.9,244.32,14.03,10.29,10.17,4.0
-0.0,1.39,-0.15,5.86,1.34,218.99,14.03,10.29,10.17,4.0
-0.0,1.43,-0.1,19.1,5.62,209.11,-0.26,9.83,6.02,4.0
-0.03,1.3,-0.07,49.01,10.93,191.77,-0.26,9.83,6.02,4.0
-0.03,1.3,-0.07,49.01,10.93,191.77,-0.26,9.83,6.02,4.0
-0.03,1.27,-0.09,61.4,11.66,184.27,-0.26,9.83,6.02,4.0
-0.03,1.27,-0.09,61.4,11.66,184.27,-0.26,9.83,6.02,4.0
-0.03,1.27,-0.1,78.55,10.68,171.08,-0.26,9.83,6.02,4.0
-0.09,1.23,-0.09,81.42,9.52,165.28,-29.06,19.25,-7.41,4.0
-0.09,1.23,-0.09,81.42,9.52,165.28,-29.06,19.25,-7.41,4.0
-0.09,1.23,-0.09,81.42,9.52,165.28,-29.06,19.25,-7.41,4.0
-0.09,1.23,-0.09,81.42,9.52,165.28,-29.06,19.25,-7.41,4.0
-0.14,1.17,-0.02,79.1,8.06,160.34,-29.06,19.25,-7.41,4.0
-0.14,1.17,-0.02,79.1,8.06,160.34,-29.06,19.25,-7.41,4.0
-0.14,1.17,-0.02,79.1,8.06,160.34,-29.06,19.25,-7.41,4.0
-0.28,0.87,-0.03,20.26,6.96,157.1,-29.06,19.25,-7.41,4.0
-0.49,1.13,-0.07,-80.63,5.86,161.93,-101.66,85.3,-38.77,4.0
-0.49,1.13,-0.07,-80.63,5.86,161.93,-101.66,85.3,-38.77,4.0
-0.49,1.13,-0.07,-80.63,5.86,161.93,-101.66,85.3,-38.77,4.0
-0.49,1.13,-0.07,-80.63,5.86,161.93,-101.66,85.3,-38.77,4.0
-0.42,1.45,-0.01,-94.36,6.16,153.75,-101.66,85.3,-38.77,4.0
-0.42,1.45,-0.01,-94.36,6.16,153.75,-101.66,85.3,-38.77,4.0
-0.42,1.45,-0.01,-94.36,6.16,153.75,-101.66,85.3,-38.77,4.0
-0.42,1.45,-0.01,-94.36,6.16,153.75,-101.66,85.3,-38.77,4.0
-0.77,2.0,-0.12,-21.73,-8.12,4.88,-154.27,279.75,-32.1,4.0
-0.77,2.0,-0.12,-21.73,-8.12,4.88,-154.27,279.75,-32.1,4.0
-0.77,2.0,-0.12,-21.73,-8.12,4.88,-154.27,279.75,-32.1,4.0
-0.49,1.24,-0.06,2.2,-13.61,-23.38,-154.27,279.75,-32.1,4.0
-0.46,0.94,0.01,18.13,-5.49,-23.86,-192.97,236.34,-74.52,4.0
