0.55,0.98,-0.41,-173.83,55.42,-75.5,5.0,-12.44,-34.78,1.0
0.54,0.95,-0.43,-172.61,54.93,-77.15,3.83,-8.48,-33.06,1.0
0.55,0.89,-0.44,-172.49,53.71,-80.2,3.83,-8.48,-33.06,1.0
0.55,0.89,-0.44,-172.49,53.71,-80.2,3.83,-8.48,-33.06,1.0
0.54,0.85,-0.46,-169.19,51.45,-82.7,3.83,-8.48,-33.06,1.0
0.53,0.82,-0.48,-161.5,48.34,-85.33,2.69,-3.74,-32.81,1.0
0.51,0.75,-0.49,-158.81,46.2,-86.43,2.69,-3.74,-32.81,1.0
0.51,0.75,-0.49,-158.81,46.2,-86.43,2.69,-3.74,-32.81,1.0
0.51,0.71,-0.5,-151.79,43.7,-89.11,2.69,-3.74,-32.81,1.0
0.52,0.61,-0.52,-144.71,41.2,-91.31,2.23,-1.62,-32.32,1.0
0.52,0.59,-0.5,-139.89,37.96,-91.37,2.23,-1.62,-32.32,1.0
0.5,0.5,-0.5,-138.12,36.87,-90.7,2.23,-1.62,-32.32,1.0
0.5,0.5,-0.5,-138.12,36.87,-90.7,2.23,-1.62,-32.32,1.0
0.49,0.45,-0.49,-132.14,34.06,-88.93,2.23,-1.62,-32.32,1.0
0.48,0.4,-0.49,-127.38,32.23,-87.95,0.84,0.87,-32.86,1.0
0.46,0.37,-0.53,-116.64,29.85,-85.88,0.84,0.87,-32.86,1.0
0.45,0.27,-0.54,-110.17,28.99,-82.76,0.84,0.87,-32.86,1.0
0.45,0.2,-0.56,-110.05,27.04,-76.97,0.84,0.87,-32.86,1.0
0.43,0.12,-0.58,-112.3,26.49,-73.12,1.25,2.93,-32.95,1.0
0.43,0.07,-0.61,-113.89,26.55,-65.8,1.25,2.93,-32.95,1.0
0.43,0.07,-0.61,-113.89,26.55,-65.8,1.25,2.93,-32.95,1.0
0.43,0.06,-0.66,-111.08,26.55,-58.59,1.25,2.93,-32.95,1.0
0.43,0.06,-0.67,-101.2,25.09,-53.34,1.04,4.58,-33.34,1.0
0.41,0.04,-0.69,-94.06,23.44,-50.9,1.04,4.58,-33.34,1.0
0.4,-0.03,-0.69,-79.22,20.32,-45.84,1.04,4.58,-33.34,1.0
0.4,-0.03,-0.69,-79.22,20.32,-45.84,1.04,4.58,-33.34,1.0
0.38,-0.12,-0.72,-74.1,16.91,-37.17,0.09,4.9,-34.47,1.0
0.34,-0.33,-0.71,-87.83,14.22,-21.55,0.09,4.9,-34.47,1.0
0.33,-0.28,-0.74,-95.03,12.57,-13.24,0.09,4.9,-34.47,1.0
0.33,-0.28,-0.74,-95.03,12.57,-13.24,0.09,4.9,-34.47,1.0
0.36,-0.09,-0.71,-88.38,10.01,-3.42,0.09,4.9,-34.47,1.0
0.36,-0.09,-0.71,-88.38,10.01,-3.42,0.09,4.9,-34.47,1.0
0.39,-0.02,-0.7,-75.44,9.34,-1.71,-0.34,6.59,-34.84,1.0
0.39,-0.02,-0.7,-75.44,9.34,-1.71,-0.34,6.59,-34.84,1.0
0.42,0.06,-0.68,-45.1,7.51,-0.79,-0.34,6.59,-34.84,1.0
0.44,0.06,-0.69,-20.2,5.55,-1.65,-0.34,6.59,-34.84,1.0
0.45,0.04,-0.68,-13.18,5.19,-1.83,-0.34,6.59,-34.84,1.0
0.45,0.04,-0.68,-13.18,5.19,-1.83,-0.34,6.59,-34.84,1.0
0.47,-0.02,-0.7,-10.13,4.82,-2.5,-0.71,7.07,-35.06,1.0
0.51,0.01,-0.73,-13.67,4.21,-3.23,-0.71,7.07,-35.06,1.0
0.51,0.01,-0.73,-13.67,4.21,-3.23,-0.71,7.07,-35.06,1.0
0.52,-0.02,-0.77,-8.36,3.72,-4.27,-0.28,8.52,-35.5,1.0
0.53,-0.06,-0.79,-5.25,2.87,-5.74,-0.28,8.52,-35.5,1.0
0.52,-0.08,-0.79,-5.25,0.98,-5.31,-0.28,8.52,-35.5,1.0
0.52,-0.08,-0.79,-5.25,0.98,-5.31,-0.28,8.52,-35.5,1.0
0.52,-0.1,-0.81,-5.37,0.18,-5.07,-0.28,8.52,-35.5,1.0
0.52,-0.1,-0.83,-5.25,-1.04,-4.03,-0.67,7.29,-35.71,1.0
0.52,-0.1,-0.83,-4.7,-2.56,-3.97,-0.67,7.29,-35.71,1.0
0.52,-0.1,-0.83,-4.7,-2.56,-3.97,-0.67,7.29,-35.71,1.0
0.53,-0.1,-0.84,-2.14,-3.36,-3.36,-0.67,7.29,-35.71,1.0
0.53,-0.1,-0.84,-2.14,-3.36,-3.36,-0.67,7.29,-35.71,1.0
0.53,-0.1,-0.84,-2.14,-3.36,-3.36,-0.67,7.29,-35.71,1.0
0.52,-0.1,-0.84,-1.16,-3.05,-3.11,-0.49,8.28,-34.57,1.0
0.52,-0.1,-0.82,0.12,-1.65,-3.11,-0.49,8.28,-34.57,1.0
0.52,-0.1,-0.82,0.12,-1.65,-3.11,-0.49,8.28,-34.57,1.0
0.51,-0.11,-0.81,0.73,-2.32,-1.83,-0.49,8.28,-34.57,1.0
0.5,-0.1,-0.78,3.91,-4.21,1.46,-0.99,8.42,-35.01,1.0
0.41,-0.09,-0.69,14.71,-8.06,6.23,-0.99,8.42,-35.01,1.0
0.41,-0.09,-0.69,14.71,-8.06,6.23,-0.99,8.42,-35.01,1.0
0.41,-0.09,-0.67,19.59,-11.78,10.25,-0.99,8.42,-35.01,1.0
0.39,-0.1,-0.63,31.07,-13.31,12.45,-0.35,7.73,-34.4,1.0
0.36,-0.11,-0.57,41.63,-15.62,18.49,-0.35,7.73,-34.4,1.0
0.36,-0.11,-0.57,41.63,-15.62,18.49,-0.35,7.73,-34.4,1.0
0.35,-0.11,-0.56,52.37,-17.33,24.9,-0.35,7.73,-34.4,1.0
0.33,-0.09,-0.6,73.36,-22.28,34.79,-0.09,6.74,-34.62,1.0
0.36,-0.06,-0.6,89.97,-25.02,39.31,-0.09,6.74,-34.62,1.0
0.41,-0.07,-0.63,97.96,-25.82,41.75,-0.09,6.74,-34.62,1.0
0.46,0.01,-0.67,112.0,-23.86,46.81,-0.15,6.48,-33.03,1.0
0.47,-0.01,-0.7,116.76,-20.26,52.25,-0.15,6.48,-33.03,1.0
0.47,-0.01,-0.7,116.76,-20.26,52.25,-0.15,6.48,-33.03,1.0
0.48,0.04,-0.73,113.04,-19.65,55.05,-0.15,6.48,-33.03,1.0
0.5,0.11,-0.75,101.2,-21.42,60.49,1.45,4.06,-32.31,1.0
0.5,0.22,-0.68,93.26,-26.12,64.82,1.45,4.06,-32.31,1.0
0.55,0.29,-0.64,98.88,-28.56,66.71,1.45,4.06,-32.31,1.0
0.55,0.29,-0.64,98.88,-28.56,66.71,1.45,4.06,-32.31,1.0
0.56,0.34,-0.66,105.47,-28.26,67.2,1.45,4.06,-32.31,1.0
0.57,0.36,-0.69,119.69,-26.55,66.96,1.38,1.54,-32.54,1.0
0.57,0.41,-0.72,124.21,-26.79,65.67,1.38,1.54,-32.54,1.0
0.57,0.44,-0.68,128.97,-27.65,65.12,1.38,1.54,-32.54,1.0
0.58,0.53,-0.63,134.52,-32.59,63.29,2.21,-0.85,-33.7,1.0
0.59,0.53,-0.61,148.44,-36.87,62.62,2.21,-0.85,-33.7,1.0
0.59,0.53,-0.61,148.44,-36.87,62.62,2.21,-0.85,-33.7,1.0
0.63,0.51,-0.62,155.15,-36.87,62.68,2.21,-0.85,-33.7,1.0
0.6,0.52,-0.62,160.46,-35.22,64.76,2.21,-0.85,-33.7,1.0
0.58,0.56,-0.58,157.04,-34.55,65.98,2.92,-3.06,-31.64,1.0
0.59,0.61,-0.57,150.39,-36.99,67.26,2.92,-3.06,-31.64,1.0
0.59,0.61,-0.57,150.39,-36.99,67.26,2.92,-3.06,-31.64,1.0
0.59,0.54,-0.52,144.9,-39.18,68.66,2.92,-3.06,-31.64,1.0
0.58,0.57,-0.43,126.83,-39.12,75.87,3.6,-5.32,-32.09,1.0
0.56,0.75,-0.38,116.52,-33.2,79.59,3.6,-5.32,-32.09,1.0
0.56,0.75,-0.38,116.52,-33.2,79.59,3.6,-5.32,-32.09,1.0
0.55,0.79,-0.38,117.19,-30.52,79.77,3.6,-5.32,-32.09,1.0
0.55,0.79,-0.38,117.19,-30.52,79.77,3.6,-5.32,-32.09,1.0
0.53,0.89,-0.4,122.31,-28.38,78.98,4.3,-8.65,-34.18,1.0
0.49,0.7,-0.44,126.89,-31.19,78.74,4.3,-8.65,-34.18,1.0
0.49,0.7,-0.44,126.89,-31.19,78.74,4.3,-8.65,-34.18,1.0
0.49,0.7,-0.44,126.89,-31.19,78.74,4.3,-8.65,-34.18,1.0
0.49,0.7,-0.44,126.89,-31.19,78.74,4.3,-8.65,-34.18,1.0
0.47,0.64,-0.3,103.27,-32.71,84.29,4.3,-8.65,-34.18,1.0
0.47,0.64,-0.3,103.27,-32.71,84.29,4.3,-8.65,-34.18,1.0
0.48,0.76,-0.25,82.46,-27.95,89.05,4.3,-8.65,-34.18,1.0
0.48,0.76,-0.25,82.46,-27.95,89.05,4.3,-8.65,-34.18,1.0
0.48,0.76,-0.25,82.46,-27.95,89.05,4.3,-8.65,-34.18,1.0
0.47,1.02,-0.19,83.44,-24.54,88.01,4.25,-10.73,-33.62,1.0
0.44,1.08,-0.23,91.86,-21.73,82.21,4.25,-10.73,-33.62,1.0
0.42,1.14,-0.22,90.94,-25.88,68.6,4.6,-13.49,-36.61,1.0
0.42,1.14,-0.22,90.94,-25.88,68.6,4.6,-13.49,-36.61,1.0
0.42,1.14,-0.22,90.94,-25.88,68.6,4.6,-13.49,-36.61,1.0
0.41,1.16,-0.13,27.4,-11.96,57.68,4.39,-15.56,-36.3,1.0
0.41,1.16,-0.13,27.4,-11.96,57.68,4.39,-15.56,-36.3,1.0
0.41,1.21,-0.14,23.07,-9.89,51.82,4.39,-15.56,-36.3,1.0
0.41,1.21,-0.14,23.07,-9.89,51.82,4.39,-15.56,-36.3,1.0
0.41,1.2,-0.14,22.52,-8.91,44.92,4.39,-15.56,-36.3,1.0
0.41,1.2,-0.14,22.52,-8.91,44.92,4.39,-15.56,-36.3,1.0
0.43,1.2,-0.13,21.12,-7.87,33.69,4.3,-16.32,-36.06,1.0
0.44,1.18,-0.09,19.65,-5.37,26.67,4.3,-16.32,-36.06,1.0
0.65,2.09,-0.22,41.26,-1.95,-1.1,4.3,-16.32,-36.06,1.0
0.65,2.09,-0.22,41.26,-1.95,-1.1,4.3,-16.32,-36.06,1.0
0.35,0.88,-0.09,7.75,-14.16,-7.63,4.06,-17.96,-37.63,1.0
0.37,1.04,0.0,-24.23,-3.97,-3.42,4.06,-17.96,-37.63,1.0
0.38,1.11,-0.01,-22.34,3.78,-6.1,4.46,-16.94,-37.11,1.0
0.38,1.11,-0.01,-22.34,3.78,-6.1,4.46,-16.94,-37.11,1.0
0.37,1.13,-0.06,-19.29,5.86,-8.91,4.46,-16.94,-37.11,1.0
0.38,1.17,-0.06,-9.95,8.85,-11.23,4.46,-16.94,-37.11,1.0
0.37,1.08,-0.07,-3.3,10.44,-14.22,4.47,-16.14,-35.31,1.0
0.38,1.01,-0.09,-18.62,15.01,-18.31,4.47,-16.14,-35.31,1.0
0.4,1.05,-0.11,-31.92,17.76,-19.35,4.47,-16.14,-35.31,1.0
0.4,1.05,-0.11,-31.92,17.76,-19.35,4.47,-16.14,-35.31,1.0
0.4,1.05,-0.11,-31.92,17.76,-19.35,4.47,-16.14,-35.31,1.0
0.42,1.13,-0.16,-51.82,21.91,-21.67,4.47,-16.14,-35.31,1.0
0.44,1.19,-0.17,-66.1,24.96,-27.1,4.1,-14.87,-35.83,1.0
0.45,1.21,-0.18,-70.19,25.76,-30.64,4.1,-14.87,-35.83,1.0
0.45,1.18,-0.19,-78.49,28.02,-37.41,4.1,-14.87,-35.83,1.0
0.45,1.18,-0.19,-78.49,28.02,-37.41,4.1,-14.87,-35.83,1.0
0.46,1.19,-0.22,-85.75,30.27,-45.23,3.58,-12.94,-34.08,1.0
0.48,1.1,-0.25,-90.03,31.86,-52.92,3.58,-12.94,-34.08,1.0
0.48,1.1,-0.25,-90.03,31.86,-52.92,3.58,-12.94,-34.08,1.0
0.48,1.1,-0.25,-90.03,31.86,-52.92,3.58,-12.94,-34.08,1.0
0.48,1.05,-0.27,-102.17,34.18,-56.76,3.58,-12.94,-34.08,1.0
0.48,1.01,-0.32,-120.79,35.64,-63.84,3.96,-10.41,-32.98,1.0
0.48,1.01,-0.32,-120.79,35.64,-63.84,3.96,-10.41,-32.98,1.0
0.48,1.01,-0.32,-120.79,35.64,-63.84,3.96,-10.41,-32.98,1.0
0.48,0.96,-0.34,-129.7,35.89,-67.14,3.96,-10.41,-32.98,1.0
0.48,0.93,-0.42,-143.86,36.87,-70.01,2.6,-7.39,-30.87,1.0
0.49,0.91,-0.45,-136.6,36.87,-74.52,2.6,-7.39,-30.87,1.0
0.49,0.91,-0.45,-136.6,36.87,-74.52,2.6,-7.39,-30.87,1.0
0.48,0.86,-0.47,-129.09,36.13,-76.23,2.6,-7.39,-30.87,1.0
0.47,0.78,-0.48,-119.75,34.55,-78.06,2.6,-7.39,-30.87,1.0
0.46,0.65,-0.51,-114.87,31.43,-78.43,1.66,-4.58,-31.29,1.0
0.45,0.56,-0.52,-122.62,29.6,-75.93,1.66,-4.58,-31.29,1.0
0.45,0.59,-0.54,-132.93,30.52,-73.06,1.66,-4.58,-31.29,1.0
0.46,0.61,-0.55,-134.83,29.79,-72.88,1.59,-2.2,-31.76,1.0
0.47,0.62,-0.56,-129.39,28.5,-72.81,1.59,-2.2,-31.76,1.0
0.47,0.62,-0.56,-129.39,28.5,-72.81,1.59,-2.2,-31.76,1.0
0.46,0.57,-0.57,-113.28,25.27,-74.22,1.59,-2.2,-31.76,1.0
0.45,0.48,-0.56,-101.93,22.22,-74.65,1.46,-0.44,-31.87,1.0
0.45,0.43,-0.58,-97.41,20.87,-73.97,1.46,-0.44,-31.87,1.0
0.45,0.43,-0.58,-97.41,20.87,-73.97,1.46,-0.44,-31.87,1.0
0.46,0.38,-0.58,-97.53,20.87,-72.88,1.46,-0.44,-31.87,1.0
0.46,0.35,-0.61,-95.89,20.32,-70.68,1.46,-0.44,-31.87,1.0
0.46,0.35,-0.61,-95.89,20.32,-70.68,1.46,-0.44,-31.87,1.0
0.46,0.36,-0.61,-90.09,18.13,-69.58,1.04,1.05,-33.06,1.0
0.47,0.33,-0.63,-82.52,17.27,-68.66,1.04,1.05,-33.06,1.0
0.45,0.27,-0.65,-72.33,15.5,-67.75,1.04,1.05,-33.06,1.0
0.46,0.2,-0.69,-66.77,14.65,-66.04,0.35,3.38,-33.46,1.0
0.46,0.2,-0.69,-66.77,14.65,-66.04,0.35,3.38,-33.46,1.0
0.46,0.16,-0.69,-66.41,13.98,-64.39,0.35,3.38,-33.46,1.0
0.46,0.13,-0.69,-67.5,12.7,-60.12,0.35,3.38,-33.46,1.0
0.47,0.04,-0.73,-71.11,9.58,-52.55,-0.24,4.16,-32.97,1.0
0.47,0.04,-0.73,-71.11,9.58,-52.55,-0.24,4.16,-32.97,1.0
0.47,0.04,-0.76,-73.85,7.87,-46.81,-0.24,4.16,-32.97,1.0
0.47,0.07,-0.75,-67.99,6.71,-43.52,-0.24,4.16,-32.97,1.0
0.47,0.06,-0.77,-53.34,4.76,-41.02,-0.26,4.65,-33.69,1.0
0.47,0.01,-0.79,-47.97,3.48,-38.88,-0.26,4.65,-33.69,1.0
0.46,-0.06,-0.8,-39.67,1.53,-34.36,-0.26,4.65,-33.69,1.0
0.45,-0.09,-0.8,-39.31,0.55,-28.75,-0.26,4.65,-33.69,1.0
0.45,-0.09,-0.8,-39.31,0.55,-28.75,-0.26,4.65,-33.69,1.0
0.46,-0.1,-0.8,-41.44,-0.12,-22.71,-0.63,5.03,-33.7,1.0
0.47,-0.06,-0.8,-40.95,0.12,-19.84,-0.63,5.03,-33.7,1.0
0.47,-0.02,-0.79,-32.84,1.04,-15.93,-0.63,5.03,-33.7,1.0
0.47,-0.02,-0.79,-32.84,1.04,-15.93,-0.63,5.03,-33.7,1.0
0.48,-0.02,-0.79,-20.26,0.85,-13.67,-0.93,6.49,-33.69,1.0
0.48,-0.02,-0.79,-20.26,0.85,-13.67,-0.93,6.49,-33.69,1.0
0.48,-0.03,-0.8,-13.79,0.98,-10.62,-0.93,6.49,-33.69,1.0
0.48,-0.07,-0.8,-13.37,0.67,-8.79,-0.93,6.49,-33.69,1.0
0.49,-0.05,-0.8,-14.59,0.61,-5.55,-0.73,6.13,-34.73,1.0
0.49,-0.07,-0.82,-14.34,0.43,-4.58,-0.73,6.13,-34.73,1.0
0.5,-0.02,-0.8,-18.49,-0.49,-2.44,-0.73,6.13,-34.73,1.0
0.51,-0.0,-0.8,-18.31,-1.22,-1.83,-0.73,6.13,-34.73,1.0
0.51,-0.0,-0.8,-18.31,-1.22,-1.83,-0.73,6.13,-34.73,1.0
0.52,0.02,-0.8,-12.57,-2.62,-1.89,-0.28,6.42,-34.5,1.0
0.52,0.01,-0.79,-8.24,-3.6,-2.32,-0.28,6.42,-34.5,1.0
0.52,-0.05,-0.8,-8.54,-4.33,-1.83,-0.28,6.42,-34.5,1.0
0.54,-0.05,-0.8,-12.45,-4.76,-1.04,-0.28,6.42,-34.5,1.0
0.54,-0.05,-0.8,-12.45,-4.76,-1.04,-0.28,6.42,-34.5,1.0
0.54,-0.07,-0.81,-15.75,-4.09,-1.16,-0.56,6.95,-35.07,1.0
0.55,-0.05,-0.81,-14.28,-3.54,-1.04,-0.56,6.95,-35.07,1.0
0.55,-0.03,-0.81,-10.74,-3.66,-1.04,-0.56,6.95,-35.07,1.0
0.55,-0.06,-0.82,-1.34,-3.91,-1.04,-0.85,7.32,-35.56,1.0
0.56,-0.11,-0.83,2.01,-2.69,-0.73,-0.85,7.32,-35.56,1.0
0.56,-0.11,-0.83,-3.11,-0.31,0.98,-0.85,7.32,-35.56,1.0
0.56,-0.11,-0.83,-3.11,-0.31,0.98,-0.85,7.32,-35.56,1.0
0.56,-0.12,-0.83,-6.1,0.67,2.01,-0.57,6.48,-34.62,1.0
0.56,-0.07,-0.82,-10.68,1.22,3.54,-0.57,6.48,-34.62,1.0
0.57,-0.03,-0.83,-8.42,1.1,3.54,-0.57,6.48,-34.62,1.0
0.57,-0.03,-0.83,-8.42,1.1,3.54,-0.57,6.48,-34.62,1.0
0.58,-0.05,-0.84,-3.17,0.98,1.83,-0.57,6.48,-34.62,1.0
0.58,-0.05,-0.84,-3.17,0.98,1.83,-0.57,6.48,-34.62,1.0
0.57,-0.08,-0.84,-1.04,0.98,1.1,-0.6,6.87,-34.53,1.0
0.57,-0.09,-0.84,-3.66,0.92,1.28,-0.6,6.87,-34.53,1.0
0.57,-0.1,-0.84,-5.43,0.12,1.71,-0.6,6.87,-34.53,1.0
0.57,-0.09,-0.83,-7.39,-1.16,2.44,-0.7,7.67,-34.39,1.0
0.56,-0.09,-0.82,-5.31,-1.28,2.26,-0.7,7.67,-34.39,1.0
0.56,-0.09,-0.82,-5.31,-1.28,2.26,-0.7,7.67,-34.39,1.0
0.58,-0.09,-0.81,-3.72,-1.28,2.14,-0.7,7.67,-34.39,1.0
0.56,-0.1,-0.81,-0.18,-1.4,1.83,-0.7,7.67,-34.39,1.0
0.56,-0.11,-0.81,0.43,-1.04,1.89,-0.43,7.39,-34.08,1.0
0.56,-0.11,-0.81,0.43,-1.04,1.89,-0.43,7.39,-34.08,1.0
0.54,-0.09,-0.8,-0.43,-1.1,3.3,-0.43,7.39,-34.08,1.0
0.54,-0.09,-0.8,0.73,-2.08,4.15,-0.43,7.39,-34.08,1.0
0.53,-0.08,-0.79,1.46,-2.75,4.7,-0.33,6.99,-34.34,1.0
0.53,-0.07,-0.78,3.72,-4.82,5.74,-0.33,6.99,-34.34,1.0
0.52,-0.07,-0.77,7.57,-6.53,7.51,-0.33,6.99,-34.34,1.0
0.5,-0.08,-0.73,8.97,-8.06,8.61,-0.33,6.99,-34.34,1.0
0.49,-0.06,-0.72,14.16,-11.66,11.72,0.05,6.52,-35.36,1.0
0.49,-0.06,-0.72,14.16,-11.66,11.72,0.05,6.52,-35.36,1.0
0.43,-0.02,-0.68,19.04,-14.34,13.43,0.05,6.52,-35.36,1.0
0.4,-0.02,-0.66,31.43,-21.91,18.01,0.05,6.52,-35.36,1.0
0.35,-0.01,-0.62,38.76,-25.88,20.57,0.05,6.52,-35.36,1.0
0.35,-0.01,-0.62,38.76,-25.88,20.57,0.05,6.52,-35.36,1.0
0.35,-0.01,-0.62,38.76,-25.88,20.57,0.05,6.52,-35.36,1.0
0.34,-0.02,-0.59,57.5,-32.9,26.31,0.65,6.92,-34.51,1.0
0.34,-0.06,-0.57,72.75,-37.72,32.1,0.65,6.92,-34.51,1.0
0.35,-0.05,-0.58,76.66,-39.67,35.52,0.65,6.92,-34.51,1.0
0.37,-0.01,-0.6,81.97,-43.15,41.81,1.31,4.82,-34.16,1.0
0.45,0.04,-0.63,92.16,-50.84,52.73,1.31,4.82,-34.16,1.0
0.45,0.04,-0.63,92.16,-50.84,52.73,1.31,4.82,-34.16,1.0
0.53,0.08,-0.65,95.46,-51.82,55.18,1.31,4.82,-34.16,1.0
0.58,0.07,-0.66,99.49,-51.27,60.85,2.28,3.55,-34.44,1.0
0.6,0.07,-0.64,96.13,-49.44,67.14,2.28,3.55,-34.44,1.0
0.6,0.07,-0.64,96.13,-49.44,67.14,2.28,3.55,-34.44,1.0
0.62,0.07,-0.66,91.86,-48.34,70.8,2.28,3.55,-34.44,1.0
0.62,0.13,-0.66,87.1,-48.03,77.51,2.28,3.55,-34.44,1.0
0.65,0.3,-0.64,84.05,-48.77,79.9,2.69,2.1,-34.31,1.0
0.71,0.42,-0.61,93.93,-48.71,80.57,2.69,2.1,-34.31,1.0
0.71,0.42,-0.61,93.93,-48.71,80.57,2.69,2.1,-34.31,1.0
0.74,0.45,-0.61,107.91,-45.29,79.77,2.69,2.1,-34.31,1.0
0.74,0.47,-0.62,113.04,-43.95,79.83,4.3,-0.49,-34.03,1.0
0.74,0.47,-0.62,113.04,-43.95,79.83,4.3,-0.49,-34.03,1.0
0.74,0.45,-0.64,119.08,-41.08,79.41,4.3,-0.49,-34.03,1.0
0.74,0.43,-0.6,111.88,-41.44,81.05,4.3,-0.49,-34.03,1.0
0.73,0.51,-0.58,104.49,-41.14,81.6,4.3,-0.49,-34.03,1.0
0.75,0.61,-0.51,91.19,-40.16,80.81,4.39,-1.88,-33.63,1.0
0.74,0.64,-0.49,90.82,-36.13,78.37,4.39,-1.88,-33.63,1.0
0.74,0.64,-0.49,90.82,-36.13,78.37,4.39,-1.88,-33.63,1.0
0.74,0.68,-0.48,93.81,-33.2,76.72,4.39,-1.88,-33.63,1.0
0.74,0.68,-0.48,93.81,-33.2,76.72,4.39,-1.88,-33.63,1.0
0.73,0.68,-0.5,99.18,-27.1,74.4,5.2,-4.11,-33.64,1.0
0.73,0.68,-0.5,99.18,-27.1,74.4,5.2,-4.11,-33.64,1.0
0.7,0.64,-0.53,96.5,-25.02,74.28,5.2,-4.11,-33.64,1.0
0.7,0.64,-0.53,96.5,-25.02,74.28,5.2,-4.11,-33.64,1.0
0.69,0.68,-0.44,41.2,-24.11,76.72,5.42,-6.14,-33.9,1.0
0.72,0.78,-0.41,42.91,-23.44,75.26,5.42,-6.14,-33.9,1.0
0.72,0.78,-0.41,42.91,-23.44,75.26,5.42,-6.14,-33.9,1.0
0.7,0.84,-0.45,76.35,-19.65,66.28,5.43,-7.76,-33.65,1.0
0.66,0.84,-0.48,77.94,-19.78,63.23,5.43,-7.76,-33.65,1.0
0.63,0.82,-0.44,68.05,-21.61,57.92,5.43,-7.76,-33.65,1.0
0.63,0.82,-0.44,68.05,-21.61,57.92,5.43,-7.76,-33.65,1.0
0.62,0.82,-0.4,59.94,-23.19,55.42,5.43,-7.76,-33.65,1.0
0.61,0.82,-0.33,47.79,-26.37,51.27,6.18,-8.79,-34.12,1.0
0.6,0.81,-0.29,45.53,-27.16,48.28,6.18,-8.79,-34.12,1.0
0.57,0.84,-0.26,48.1,-26.92,46.81,6.18,-8.79,-34.12,1.0
0.57,0.84,-0.26,48.1,-26.92,46.81,6.18,-8.79,-34.12,1.0
0.56,0.85,-0.26,54.99,-26.31,43.46,6.18,-8.79,-34.12,1.0
0.54,0.88,-0.25,57.31,-26.31,41.56,6.05,-10.9,-36.12,1.0
0.54,0.88,-0.25,57.31,-26.31,41.56,6.05,-10.9,-36.12,1.0
0.52,0.86,-0.24,58.41,-25.76,38.51,6.05,-10.9,-36.12,1.0
0.51,0.85,-0.22,49.68,-25.7,36.44,6.05,-10.9,-36.12,1.0
0.51,0.85,-0.19,36.19,-25.15,35.34,5.81,-12.19,-35.9,1.0
0.52,0.86,-0.17,29.85,-24.54,35.1,5.81,-12.19,-35.9,1.0
0.52,0.86,-0.17,29.85,-24.54,35.1,5.81,-12.19,-35.9,1.0
0.51,0.91,-0.15,20.51,-22.4,33.81,5.81,-12.19,-35.9,1.0
0.51,0.95,-0.16,18.68,-20.32,31.25,6.56,-13.46,-36.39,1.0
0.5,0.97,-0.16,20.57,-18.92,27.77,6.56,-13.46,-36.39,1.0
0.5,0.97,-0.16,20.57,-18.92,27.77,6.56,-13.46,-36.39,1.0
0.49,0.98,-0.15,23.62,-17.94,24.41,6.56,-13.46,-36.39,1.0
0.48,0.94,-0.14,25.63,-17.58,21.24,6.56,-13.46,-36.39,1.0
0.47,0.91,-0.12,25.15,-17.27,20.32,6.52,-14.31,-36.99,1.0
0.46,0.89,-0.11,24.05,-16.17,19.47,6.52,-14.31,-36.99,1.0
0.49,0.93,-0.1,25.7,-12.7,22.22,6.52,-14.31,-36.99,1.0
0.59,0.99,-0.24,22.95,-3.72,29.42,6.96,-14.43,-36.99,1.0
0.59,0.99,-0.24,22.95,-3.72,29.42,6.96,-14.43,-36.99,1.0
0.59,0.99,-0.24,22.95,-3.72,29.42,6.96,-14.43,-36.99,1.0
0.36,0.97,-0.15,7.26,-3.54,29.66,6.96,-14.43,-36.99,1.0
0.4,1.0,-0.12,6.47,-5.07,24.96,6.96,-14.43,-36.99,1.0
0.41,0.92,-0.03,10.5,-6.1,22.89,6.76,-14.51,-37.11,1.0
0.41,0.92,-0.03,10.5,-6.1,22.89,6.76,-14.51,-37.11,1.0
0.4,0.93,-0.06,7.45,-4.15,21.06,6.76,-14.51,-37.11,1.0
0.4,0.93,-0.06,7.45,-4.15,21.06,6.76,-14.51,-37.11,1.0
0.38,0.95,-0.06,10.38,-3.3,20.57,6.53,-16.16,-38.11,1.0
0.38,0.95,-0.06,10.38,-3.3,20.57,6.53,-16.16,-38.11,1.0
0.36,0.92,-0.06,16.3,-3.36,19.9,6.53,-16.16,-38.11,1.0
0.35,0.85,-0.04,15.44,-3.05,20.2,6.53,-16.16,-38.11,1.0
0.35,0.85,-0.04,15.44,-3.05,20.2,6.53,-16.16,-38.11,1.0
0.35,0.85,-0.04,15.44,-3.05,20.2,6.53,-16.16,-38.11,1.0
0.35,0.85,-0.01,9.09,-1.22,21.55,6.53,-16.16,-38.11,1.0
0.35,0.86,0.0,6.65,0.0,22.52,6.57,-16.69,-37.04,1.0
0.33,0.86,-0.01,3.17,2.14,24.29,6.57,-16.69,-37.04,1.0
0.33,0.86,-0.01,3.17,2.14,24.29,6.57,-16.69,-37.04,1.0
0.32,0.95,-0.01,-2.87,7.08,26.86,6.42,-17.04,-37.83,1.0
0.32,0.95,-0.01,-2.87,7.08,26.86,6.42,-17.04,-37.83,1.0
0.48,1.74,-0.06,13.37,7.08,16.42,6.42,-17.04,-37.83,1.0
0.35,1.19,-0.13,45.47,5.86,2.08,6.42,-17.04,-37.83,1.0
0.31,0.83,-0.1,29.79,1.83,4.7,5.98,-17.32,-37.98,1.0
0.35,0.98,-0.06,0.92,3.23,4.46,5.98,-17.32,-37.98,1.0
0.35,0.98,-0.06,0.92,3.23,4.46,5.98,-17.32,-37.98,1.0
0.35,0.98,-0.06,0.92,3.23,4.46,5.98,-17.32,-37.98,1.0
0.31,0.98,-0.04,-3.05,3.85,2.81,5.98,-17.32,-37.98,1.0
0.31,0.91,-0.05,-1.71,3.91,1.71,5.98,-17.32,-37.98,1.0
0.31,0.91,-0.05,-1.71,3.91,1.71,5.98,-17.32,-37.98,1.0
0.31,0.86,-0.05,-0.67,3.72,1.4,5.92,-17.41,-37.59,1.0
0.32,0.89,-0.04,2.56,3.72,3.85,5.92,-17.41,-37.59,1.0
0.3,0.9,-0.03,18.13,1.22,4.82,5.55,-17.55,-38.78,1.0
0.3,0.9,-0.03,18.13,1.22,4.82,5.55,-17.55,-38.78,1.0
0.3,0.9,-0.03,18.13,1.22,4.82,5.55,-17.55,-38.78,1.0
0.3,0.88,-0.05,22.58,1.4,5.19,5.55,-17.55,-38.78,1.0
0.3,0.88,-0.05,22.58,1.4,5.19,5.55,-17.55,-38.78,1.0
0.34,0.95,-0.04,24.05,0.79,5.86,5.55,-17.55,-38.78,1.0
0.34,0.95,-0.04,24.05,0.79,5.86,5.55,-17.55,-38.78,1.0
0.35,0.93,-0.06,11.47,2.08,4.82,5.71,-18.14,-39.0,1.0
0.35,0.93,-0.06,11.47,2.08,4.82,5.71,-18.14,-39.0,1.0
0.35,0.93,-0.06,11.47,2.08,4.82,5.71,-18.14,-39.0,1.0
0.34,1.01,-0.08,-5.07,0.67,4.52,5.71,-18.14,-39.0,1.0
0.34,1.0,-0.06,0.24,-0.61,3.11,5.71,-18.14,-39.0,1.0
0.32,0.92,-0.06,2.44,-1.59,2.2,5.52,-18.41,-39.07,1.0
0.32,0.92,-0.06,2.44,-1.59,2.2,5.52,-18.41,-39.07,1.0
0.31,0.92,-0.05,1.16,-1.16,2.26,5.52,-18.41,-39.07,1.0
0.3,0.97,-0.03,0.0,-1.34,1.77,5.6,-18.05,-38.93,1.0
0.32,1.01,-0.03,0.0,-0.79,0.12,5.6,-18.05,-38.93,1.0
0.34,1.0,-0.04,1.46,-0.12,-1.83,5.75,-17.46,-39.26,1.0
0.36,1.0,-0.08,-0.85,0.49,-3.48,5.75,-17.46,-39.26,1.0
0.36,1.0,-0.08,-0.85,0.49,-3.48,5.75,-17.46,-39.26,1.0
0.38,1.05,-0.03,0.31,0.98,-5.0,5.75,-17.46,-39.26,1.0
0.41,1.01,0.05,6.9,3.78,-8.18,5.42,-17.83,-38.27,1.0
0.41,1.01,0.05,6.9,3.78,-8.18,5.42,-17.83,-38.27,1.0
0.42,1.01,0.05,8.42,7.57,-10.93,5.42,-17.83,-38.27,1.0
0.42,1.01,0.05,8.42,7.57,-10.93,5.42,-17.83,-38.27,1.0
0.43,1.02,0.02,4.39,9.34,-11.78,5.42,-17.83,-38.27,1.0
0.49,1.34,0.07,-2.44,15.93,-20.14,5.42,-17.83,-38.27,1.0
0.49,1.34,0.07,-2.44,15.93,-20.14,5.42,-17.83,-38.27,1.0
0.51,1.37,0.05,-8.36,24.78,-34.73,5.66,-17.3,-38.51,1.0
0.54,1.42,-0.02,-32.04,36.93,-53.71,5.66,-17.3,-38.51,1.0
0.54,1.42,-0.02,-32.04,36.93,-53.71,5.66,-17.3,-38.51,1.0
0.57,1.37,-0.04,-38.15,41.2,-59.08,5.66,-17.3,-38.51,1.0
0.57,1.37,-0.04,-38.15,41.2,-59.08,5.66,-17.3,-38.51,1.0
0.56,1.23,-0.06,-58.11,50.84,-66.47,6.04,-15.47,-38.04,1.0
0.57,1.2,-0.2,-101.32,64.33,-73.91,6.04,-15.47,-38.04,1.0
0.56,1.16,-0.24,-121.58,67.81,-78.55,5.85,-13.44,-35.3,1.0
0.56,1.12,-0.27,-132.39,70.86,-83.5,5.85,-13.44,-35.3,1.0
0.56,1.12,-0.27,-132.39,70.86,-83.5,5.85,-13.44,-35.3,1.0
0.57,1.02,-0.33,-136.6,72.02,-84.23,5.85,-13.44,-35.3,1.0
0.57,0.95,-0.42,-140.81,73.67,-85.27,5.85,-13.44,-35.3,1.0
0.57,0.95,-0.42,-140.81,73.67,-85.27,5.85,-13.44,-35.3,1.0
0.55,0.92,-0.43,-144.71,72.27,-86.3,4.86,-9.3,-33.09,1.0
0.52,0.83,-0.44,-144.71,70.74,-86.3,4.86,-9.3,-33.09,1.0
0.51,0.75,-0.45,-142.33,65.43,-84.29,4.86,-9.3,-33.09,1.0
0.51,0.75,-0.45,-142.33,65.43,-84.29,4.86,-9.3,-33.09,1.0
0.49,0.69,-0.48,-135.44,63.05,-83.62,3.81,-5.94,-32.6,1.0
0.48,0.63,-0.5,-131.47,59.94,-81.6,3.81,-5.94,-32.6,1.0
0.48,0.61,-0.51,-130.0,58.17,-80.2,3.81,-5.94,-32.6,1.0
0.45,0.58,-0.46,-127.01,51.76,-77.64,3.1,-2.98,-32.71,1.0
0.45,0.51,-0.44,-119.69,46.14,-76.17,3.1,-2.98,-32.71,1.0
0.46,0.51,-0.45,-111.33,44.13,-74.65,3.1,-2.98,-32.71,1.0
0.46,0.51,-0.45,-111.33,44.13,-74.65,3.1,-2.98,-32.71,1.0
0.45,0.49,-0.46,-104.68,43.95,-74.89,2.47,-0.89,-32.47,1.0
0.44,0.41,-0.52,-92.1,40.53,-74.46,2.47,-0.89,-32.47,1.0
0.45,0.4,-0.58,-86.55,33.33,-72.39,2.47,-0.89,-32.47,1.0
0.43,0.35,-0.57,-85.45,28.87,-69.89,2.47,-0.89,-32.47,1.0
0.43,0.35,-0.57,-85.45,28.87,-69.89,2.47,-0.89,-32.47,1.0
0.44,0.3,-0.56,-85.69,28.26,-68.73,2.11,0.84,-31.64,1.0
0.44,0.24,-0.59,-84.78,25.76,-66.53,2.11,0.84,-31.64,1.0
0.44,0.24,-0.59,-84.78,25.76,-66.53,2.11,0.84,-31.64,1.0
0.46,0.24,-0.59,-81.85,21.85,-62.5,2.11,0.84,-31.64,1.0
0.45,0.22,-0.61,-77.03,20.08,-60.49,1.5,1.56,-32.54,1.0
0.45,0.15,-0.62,-70.5,17.52,-56.15,1.5,1.56,-32.54,1.0
0.44,0.13,-0.63,-69.03,16.3,-51.88,1.5,1.56,-32.54,1.0
0.47,0.12,-0.63,-69.15,15.56,-49.44,1.5,1.56,-32.54,1.0
0.47,0.1,-0.67,-63.11,14.16,-44.43,0.95,3.32,-33.44,1.0
0.47,0.1,-0.67,-63.11,14.16,-44.43,0.95,3.32,-33.44,1.0
0.47,0.08,-0.68,-60.67,14.77,-39.31,0.95,3.32,-33.44,1.0
0.47,0.06,-0.7,-59.81,14.77,-37.11,0.95,3.32,-33.44,1.0
0.48,0.07,-0.71,-60.61,12.76,-32.29,0.66,4.59,-32.95,1.0
0.48,0.07,-0.71,-60.61,12.76,-32.29,0.66,4.59,-32.95,1.0
0.48,0.07,-0.71,-60.61,12.76,-32.29,0.66,4.59,-32.95,1.0
0.49,0.1,-0.73,-43.52,9.16,-28.14,0.66,4.59,-32.95,1.0
0.49,0.1,-0.73,-43.52,9.16,-28.14,0.66,4.59,-32.95,1.0
0.49,0.02,-0.74,-30.33,8.54,-27.53,0.66,4.59,-32.95,1.0
0.49,-0.0,-0.76,-30.09,7.93,-23.38,1.16,5.14,-33.19,1.0
0.49,-0.02,-0.78,-31.8,7.26,-21.06,1.16,5.14,-33.19,1.0
0.49,-0.02,-0.78,-31.8,7.26,-21.06,1.16,5.14,-33.19,1.0
0.49,-0.02,-0.78,-31.8,7.26,-21.06,1.16,5.14,-33.19,1.0
0.5,-0.02,-0.78,-36.44,5.68,-17.03,1.16,5.14,-33.19,1.0
0.5,-0.02,-0.78,-36.44,5.68,-17.03,1.16,5.14,-33.19,1.0
0.5,-0.02,-0.78,-36.44,5.68,-17.03,1.16,5.14,-33.19,1.0
0.5,-0.02,-0.78,-36.44,5.68,-17.03,1.16,5.14,-33.19,1.0
0.51,-0.0,-0.79,-34.61,5.25,-13.61,1.16,5.14,-33.19,1.0
0.51,-0.0,-0.79,-34.61,5.25,-13.61,1.16,5.14,-33.19,1.0
0.51,0.06,-0.77,-27.77,5.43,-13.31,-0.28,5.29,-33.44,1.0
0.51,0.05,-0.79,-9.64,5.43,-13.31,-0.28,5.29,-33.44,1.0
0.51,0.05,-0.79,-9.64,5.43,-13.31,-0.28,5.29,-33.44,1.0
0.51,0.05,-0.79,-9.64,5.43,-13.31,-0.28,5.29,-33.44,1.0
0.52,-0.01,-0.8,-1.34,2.56,-9.95,0.23,5.6,-33.84,1.0
0.52,-0.01,-0.8,-1.34,2.56,-9.95,0.23,5.6,-33.84,1.0
0.52,-0.01,-0.8,-1.34,2.56,-9.95,0.23,5.6,-33.84,1.0
0.52,-0.01,-0.8,-12.63,3.23,-3.36,0.65,5.68,-33.7,1.0
0.53,0.0,-0.81,-3.54,1.89,-3.42,0.65,5.68,-33.7,1.0
0.54,0.0,-0.82,-6.47,1.04,-3.23,0.65,5.68,-33.7,1.0
0.54,0.0,-0.82,-6.47,1.04,-3.23,0.65,5.68,-33.7,1.0
0.53,-0.02,-0.84,-8.61,1.4,-3.23,0.13,6.87,-33.52,1.0
0.53,-0.02,-0.84,-8.61,1.4,-3.23,0.13,6.87,-33.52,1.0
0.53,-0.05,-0.85,-5.92,0.24,-2.93,0.13,6.87,-33.52,1.0
0.53,-0.05,-0.85,-6.04,-0.24,-2.38,0.13,6.87,-33.52,1.0
0.53,-0.03,-0.85,-7.69,-0.98,-1.34,-0.39,6.43,-34.34,1.0
0.54,-0.0,-0.84,-7.26,-1.22,-1.1,-0.39,6.43,-34.34,1.0
0.54,-0.0,-0.84,-7.26,-1.22,-1.1,-0.39,6.43,-34.34,1.0
0.53,-0.02,-0.83,-3.17,-2.56,-0.31,-0.39,6.43,-34.34,1.0
0.53,-0.02,-0.83,-3.17,-2.56,-0.31,-0.39,6.43,-34.34,1.0
0.52,-0.03,-0.82,-1.4,-2.69,0.0,-0.39,6.43,-34.34,1.0
0.53,-0.04,-0.83,-0.18,-3.05,-0.12,0.06,6.13,-34.46,1.0
0.54,-0.06,-0.83,-0.92,-3.97,0.31,0.06,6.13,-34.46,1.0
0.55,-0.02,-0.82,-2.01,-3.23,1.46,0.06,6.13,-34.46,1.0
0.55,-0.02,-0.82,-2.01,-3.23,1.46,0.06,6.13,-34.46,1.0
0.54,-0.01,-0.82,2.93,-3.3,1.28,-0.59,6.05,-34.23,1.0
0.55,-0.01,-0.81,6.65,-4.03,0.98,-0.59,6.05,-34.23,1.0
0.55,-0.03,-0.79,10.01,-4.46,0.92,-0.59,6.05,-34.23,1.0
0.54,-0.03,-0.79,12.27,-3.97,1.46,0.48,6.13,-34.35,1.0
0.54,-0.03,-0.79,12.27,-3.97,1.46,0.48,6.13,-34.35,1.0
0.52,-0.0,-0.79,15.38,-5.07,2.5,0.48,6.13,-34.35,1.0
0.5,-0.0,-0.78,22.71,-8.3,3.3,0.48,6.13,-34.35,1.0
0.47,-0.0,-0.77,26.92,-10.13,4.09,0.78,6.05,-34.07,1.0
0.47,-0.0,-0.77,26.92,-10.13,4.09,0.78,6.05,-34.07,1.0
0.42,-0.0,-0.78,35.4,-14.16,5.8,0.78,6.05,-34.07,1.0
0.41,-0.08,-0.71,43.58,-17.94,8.85,0.78,6.05,-34.07,1.0
0.41,-0.12,-0.68,50.78,-21.3,15.26,0.78,6.05,-34.07,1.0
0.4,-0.12,-0.67,53.59,-22.83,18.31,0.68,5.31,-33.86,1.0
0.41,-0.12,-0.64,53.47,-25.15,25.94,0.68,5.31,-33.86,1.0
0.42,-0.0,-0.64,53.89,-28.38,34.12,0.68,5.31,-33.86,1.0
0.42,-0.0,-0.64,53.89,-28.38,34.12,0.68,5.31,-33.86,1.0
0.43,0.09,-0.64,63.96,-32.23,39.0,1.18,4.02,-33.68,1.0
0.46,0.14,-0.64,77.21,-34.24,41.99,1.18,4.02,-33.68,1.0
0.48,0.15,-0.64,89.29,-33.2,44.01,1.18,4.02,-33.68,1.0
0.48,0.15,-0.64,89.29,-33.2,44.01,1.18,4.02,-33.68,1.0
0.48,0.15,-0.64,89.29,-33.2,44.01,1.18,4.02,-33.68,1.0
0.5,0.14,-0.6,94.36,-31.92,49.87,2.56,3.0,-33.7,1.0
0.51,0.17,-0.57,94.24,-35.03,55.91,2.56,3.0,-33.7,1.0
0.51,0.17,-0.57,94.24,-35.03,55.91,2.56,3.0,-33.7,1.0
0.52,0.23,-0.58,99.3,-39.0,60.42,2.37,0.89,-33.68,1.0
0.55,0.29,-0.59,106.02,-40.65,62.13,2.37,0.89,-33.68,1.0
0.58,0.32,-0.58,108.15,-40.22,63.9,2.37,0.89,-33.68,1.0
0.58,0.32,-0.58,108.15,-40.22,63.9,2.37,0.89,-33.68,1.0
0.58,0.32,-0.58,108.15,-40.22,63.9,2.37,0.89,-33.68,1.0
0.6,0.39,-0.6,106.93,-37.66,66.89,3.42,-1.37,-33.02,1.0
0.61,0.43,-0.56,101.38,-42.42,69.95,3.42,-1.37,-33.02,1.0
0.61,0.43,-0.56,101.38,-42.42,69.95,3.42,-1.37,-33.02,1.0
0.63,0.48,-0.55,102.05,-47.24,71.23,3.42,-1.37,-33.02,1.0
0.65,0.55,-0.57,104.98,-49.26,70.86,4.0,-3.05,-32.73,1.0
0.65,0.57,-0.61,108.52,-51.09,70.68,4.0,-3.05,-32.73,1.0
0.65,0.57,-0.61,108.52,-51.09,70.68,4.0,-3.05,-32.73,1.0
0.65,0.59,-0.58,96.31,-49.26,70.01,4.0,-3.05,-32.73,1.0
0.68,0.63,-0.48,80.81,-48.03,71.11,4.21,-4.22,-33.44,1.0
0.69,0.73,-0.43,81.42,-47.61,70.92,4.21,-4.22,-33.44,1.0
0.69,0.73,-0.43,81.42,-47.61,70.92,4.21,-4.22,-33.44,1.0
0.7,0.75,-0.42,86.0,-47.49,69.15,4.21,-4.22,-33.44,1.0
0.69,0.76,-0.43,89.6,-45.35,66.65,5.13,-7.47,-33.18,1.0
0.69,0.79,-0.38,84.35,-40.77,65.55,5.13,-7.47,-33.18,1.0
0.68,0.79,-0.37,78.49,-33.02,64.88,5.13,-7.47,-33.18,1.0
0.68,0.79,-0.37,78.49,-33.02,64.88,5.13,-7.47,-33.18,1.0
0.67,0.77,-0.33,72.75,-28.56,65.31,5.13,-7.47,-33.18,1.0
0.67,0.8,-0.33,62.87,-21.18,67.2,5.3,-8.74,-34.14,1.0
0.65,0.84,-0.32,58.35,-18.8,67.99,5.3,-8.74,-34.14,1.0
0.64,0.95,-0.33,53.71,-13.73,66.83,5.3,-8.74,-34.14,1.0
0.63,0.99,-0.32,54.2,-10.38,60.67,5.3,-8.74,-34.14,1.0
0.65,1.02,-0.37,57.56,-10.38,54.26,5.63,-9.9,-35.13,1.0
0.65,1.02,-0.37,57.56,-10.38,54.26,5.63,-9.9,-35.13,1.0
0.6,1.03,-0.33,57.8,-10.62,51.88,5.63,-9.9,-35.13,1.0
0.58,0.97,-0.28,57.86,-8.0,47.24,5.63,-9.9,-35.13,1.0
0.57,0.96,-0.26,55.91,-5.43,45.65,5.38,-11.61,-35.91,1.0
0.54,0.93,-0.24,48.4,-0.43,43.33,5.38,-11.61,-35.91,1.0
0.54,0.93,-0.24,48.4,-0.43,43.33,5.38,-11.61,-35.91,1.0
0.51,0.94,-0.25,39.49,4.03,42.48,5.38,-11.61,-35.91,1.0
0.52,1.01,-0.23,37.6,5.37,40.34,5.38,-11.61,-35.91,1.0
0.5,1.04,-0.29,44.56,3.66,38.39,4.97,-12.94,-36.06,1.0
0.5,1.04,-0.29,44.56,3.66,38.39,4.97,-12.94,-36.06,1.0
0.47,0.93,-0.18,45.17,-2.93,30.15,4.97,-12.94,-36.06,1.0
0.47,0.93,-0.18,45.17,-2.93,30.15,4.97,-12.94,-36.06,1.0
0.46,0.92,-0.17,38.76,-3.66,28.14,4.96,-13.44,-35.83,1.0
0.44,0.9,-0.14,33.63,-3.91,27.53,4.96,-13.44,-35.83,1.0
0.43,0.95,-0.11,33.39,-3.72,26.61,4.96,-13.44,-35.83,1.0
0.43,0.95,-0.11,33.39,-3.72,26.61,4.96,-13.44,-35.83,1.0
0.43,0.95,-0.11,33.39,-3.72,26.61,4.96,-13.44,-35.83,1.0
0.43,0.95,-0.11,33.39,-3.72,26.61,4.96,-13.44,-35.83,1.0
0.43,1.01,-0.16,47.3,-6.1,22.64,4.77,-14.84,-36.63,1.0
0.43,1.01,-0.16,47.3,-6.1,22.64,4.77,-14.84,-36.63,1.0
0.42,0.94,-0.14,50.66,-9.83,19.1,4.77,-14.84,-36.63,1.0
0.43,0.92,-0.11,44.07,-9.95,18.01,4.77,-14.84,-36.63,1.0
0.43,0.92,-0.06,24.48,-9.89,16.3,4.77,-14.84,-36.63,1.0
0.43,0.92,-0.06,24.48,-9.89,16.3,4.77,-14.84,-36.63,1.0
0.43,0.92,-0.04,16.11,-8.61,15.08,4.75,-16.27,-37.46,1.0
0.43,0.96,-0.02,6.47,-7.51,14.04,4.75,-16.27,-37.46,1.0
0.43,0.98,-0.03,4.33,-4.94,10.93,4.75,-16.27,-37.46,1.0
0.43,0.98,-0.03,4.33,-4.94,10.93,4.75,-16.27,-37.46,1.0
0.43,1.03,-0.08,5.86,-4.39,8.42,4.75,-16.27,-37.46,1.0
0.43,1.04,-0.08,9.89,-4.82,2.99,5.09,-16.11,-36.73,1.0
0.44,0.99,-0.04,15.14,-4.94,-1.1,5.09,-16.11,-36.73,1.0
0.44,0.99,-0.04,15.14,-4.94,-1.1,5.09,-16.11,-36.73,1.0
0.44,0.99,-0.04,15.14,-4.94,-1.1,5.09,-16.11,-36.73,1.0
0.44,0.99,-0.04,17.15,-4.76,-3.42,5.09,-16.11,-36.73,1.0
0.43,0.93,-0.04,19.04,-4.88,-3.85,5.16,-15.43,-36.98,1.0
0.42,0.92,-0.05,18.55,-5.0,-4.82,5.16,-15.43,-36.98,1.0
0.42,0.92,-0.05,18.55,-5.0,-4.82,5.16,-15.43,-36.98,1.0
0.41,0.88,-0.03,10.93,-4.7,-5.55,4.75,-16.56,-37.12,1.0
0.39,0.83,-0.04,7.45,-3.97,-4.21,4.75,-16.56,-37.12,1.0
0.39,0.83,-0.04,7.45,-3.97,-4.21,4.75,-16.56,-37.12,1.0
0.38,0.87,-0.02,0.67,-2.14,-2.2,4.75,-16.56,-37.12,1.0
0.38,0.88,-0.0,-0.18,0.55,-1.83,5.49,-16.3,-37.22,1.0
0.38,0.88,-0.0,-0.18,0.55,-1.83,5.49,-16.3,-37.22,1.0
0.38,0.88,-0.0,-0.18,0.55,-1.83,5.49,-16.3,-37.22,1.0
0.38,0.88,-0.0,-0.18,0.55,-1.83,5.49,-16.3,-37.22,1.0
0.38,0.88,-0.0,-0.18,0.55,-1.83,5.49,-16.3,-37.22,1.0
0.38,0.88,-0.0,-0.18,0.55,-1.83,5.49,-16.3,-37.22,1.0
0.38,0.88,-0.0,-0.18,0.55,-1.83,5.49,-16.3,-37.22,1.0
0.38,0.88,-0.0,-0.18,0.55,-1.83,5.49,-16.3,-37.22,1.0
0.38,0.88,-0.01,0.43,1.04,-1.34,5.49,-16.3,-37.22,1.0
0.38,0.88,-0.01,0.43,1.04,-1.34,5.49,-16.3,-37.22,1.0
0.38,0.94,-0.06,4.46,0.67,-2.69,5.49,-16.3,-37.22,1.0
0.38,0.94,-0.06,4.46,0.67,-2.69,5.49,-16.3,-37.22,1.0
0.38,0.94,-0.06,4.46,0.67,-2.69,5.49,-16.3,-37.22,1.0
0.38,0.94,-0.06,4.46,0.67,-2.69,5.49,-16.3,-37.22,1.0
0.38,0.94,-0.06,4.46,0.67,-2.69,5.49,-16.3,-37.22,1.0
0.37,0.92,-0.05,9.4,-0.49,-3.17,5.94,-16.0,-37.48,1.0
0.37,0.92,-0.05,9.4,-0.49,-3.17,5.94,-16.0,-37.48,1.0
0.38,0.88,-0.02,7.14,-0.92,-3.78,5.94,-16.0,-37.48,1.0
0.45,1.02,-0.03,-4.58,3.91,-6.9,6.15,-16.64,-36.72,1.0
0.45,1.02,-0.03,-4.58,3.91,-6.9,6.15,-16.64,-36.72,1.0
0.51,0.99,-0.04,-22.71,12.63,-14.65,6.09,-16.37,-36.71,1.0
0.51,0.99,-0.04,-22.71,12.63,-14.65,6.09,-16.37,-36.71,1.0
0.51,0.99,-0.04,-22.71,12.63,-14.65,6.09,-16.37,-36.71,1.0
0.57,1.0,-0.11,-42.18,21.91,-14.83,5.86,-15.76,-36.9,1.0
0.54,1.0,-0.2,-79.22,35.71,-13.98,5.86,-15.76,-36.9,1.0
0.54,1.0,-0.21,-89.48,38.02,-16.36,5.48,-14.01,-35.61,1.0
0.52,1.02,-0.23,-108.89,39.12,-20.08,5.48,-14.01,-35.61,1.0
0.5,1.02,-0.29,-103.39,38.7,-27.4,4.42,-12.84,-34.5,1.0
0.5,1.03,-0.3,-101.99,38.39,-33.26,4.42,-12.84,-34.5,1.0
0.5,1.03,-0.3,-101.99,38.39,-33.26,4.42,-12.84,-34.5,1.0
0.5,1.03,-0.35,-99.91,36.87,-39.55,4.42,-12.84,-34.5,1.0
0.48,0.97,-0.43,-99.49,35.46,-42.36,4.63,-10.84,-32.58,1.0
0.5,0.98,-0.45,-107.12,34.61,-46.94,4.63,-10.84,-32.58,1.0
0.51,0.96,-0.44,-110.9,34.42,-51.39,4.63,-10.84,-32.58,1.0
0.51,0.96,-0.44,-110.9,34.42,-51.39,4.63,-10.84,-32.58,1.0
0.51,0.88,-0.46,-112.43,34.42,-54.44,4.63,-10.84,-32.58,1.0
0.53,0.88,-0.51,-113.4,35.83,-55.85,4.04,-7.65,-32.19,1.0
0.52,0.83,-0.59,-115.23,35.58,-58.23,4.04,-7.65,-32.19,1.0
0.52,0.83,-0.59,-115.23,35.58,-58.23,4.04,-7.65,-32.19,1.0
0.53,0.81,-0.58,-126.77,33.2,-63.11,3.37,-5.18,-32.29,1.0
0.53,0.81,-0.58,-126.77,33.2,-63.11,3.37,-5.18,-32.29,1.0
0.54,0.74,-0.56,-124.21,32.29,-64.15,3.37,-5.18,-32.29,1.0
0.52,0.7,-0.58,-113.46,30.64,-65.37,3.37,-5.18,-32.29,1.0
0.52,0.66,-0.6,-108.52,29.72,-65.8,3.37,-5.18,-32.29,1.0
0.52,0.58,-0.6,-103.88,27.77,-65.67,2.93,-3.0,-31.97,1.0
0.52,0.58,-0.6,-103.88,27.77,-65.67,2.93,-3.0,-31.97,1.0
0.52,0.57,-0.59,-100.46,25.45,-65.61,2.93,-3.0,-31.97,1.0
0.52,0.53,-0.61,-96.37,24.9,-66.1,2.93,-3.0,-31.97,1.0
0.53,0.5,-0.64,-88.44,23.68,-66.1,2.51,-1.64,-32.57,1.0
0.53,0.5,-0.64,-88.44,23.68,-66.1,2.51,-1.64,-32.57,1.0
0.52,0.39,-0.66,-85.02,21.67,-63.48,2.51,-1.64,-32.57,1.0
0.52,0.4,-0.63,-81.91,20.26,-62.5,2.51,-1.64,-32.57,1.0
0.52,0.4,-0.63,-81.91,20.26,-62.5,2.51,-1.64,-32.57,1.0
0.52,0.4,-0.63,-81.91,20.26,-62.5,2.51,-1.64,-32.57,1.0
0.5,0.33,-0.64,-72.27,17.4,-60.79,2.51,-1.64,-32.57,1.0
0.5,0.31,-0.65,-67.2,16.78,-57.8,2.1,-0.04,-32.85,1.0
0.5,0.25,-0.67,-66.83,16.91,-56.15,2.1,-0.04,-32.85,1.0
0.5,0.25,-0.67,-66.83,16.91,-56.15,2.1,-0.04,-32.85,1.0
0.5,0.17,-0.67,-69.46,15.69,-46.2,1.38,1.39,-32.9,1.0
0.48,0.16,-0.66,-73.79,15.56,-41.38,1.38,1.39,-32.9,1.0
0.48,0.16,-0.66,-73.79,15.56,-41.38,1.38,1.39,-32.9,1.0
0.48,0.18,-0.65,-69.46,15.75,-38.76,1.38,1.39,-32.9,1.0
0.48,0.18,-0.65,-69.46,15.75,-38.76,1.38,1.39,-32.9,1.0
0.49,0.22,-0.64,-61.58,15.62,-38.7,1.68,2.39,-33.39,1.0
0.49,0.22,-0.64,-61.58,15.62,-38.7,1.68,2.39,-33.39,1.0
0.49,0.22,-0.64,-61.58,15.62,-38.7,1.68,2.39,-33.39,1.0
0.49,0.15,-0.67,-44.62,14.28,-37.84,1.68,2.39,-33.39,1.0
0.49,0.12,-0.67,-39.49,14.04,-35.22,1.68,2.39,-33.39,1.0
0.48,0.1,-0.69,-39.37,14.1,-33.94,1.15,3.38,-33.42,1.0
0.48,0.1,-0.69,-39.37,14.1,-33.94,1.15,3.38,-33.42,1.0
0.5,0.02,-0.71,-55.91,14.89,-26.86,1.15,3.38,-33.42,1.0
0.5,0.07,-0.7,-57.98,13.06,-22.46,0.62,5.29,-33.9,1.0
0.51,0.02,-0.72,-45.47,11.66,-21.12,0.62,5.29,-33.9,1.0
0.51,0.02,-0.72,-45.47,11.66,-21.12,0.62,5.29,-33.9,1.0
0.5,0.01,-0.74,-31.98,9.4,-18.31,0.84,5.15,-34.01,1.0
0.5,-0.01,-0.75,-23.8,6.84,-17.94,0.84,5.15,-34.01,1.0
0.5,-0.01,-0.75,-23.8,6.84,-17.94,0.84,5.15,-34.01,1.0
0.51,-0.01,-0.74,-19.1,4.94,-16.24,0.84,5.15,-34.01,1.0
0.5,-0.03,-0.77,-15.69,3.48,-13.79,0.84,5.15,-34.01,1.0
0.51,0.01,-0.76,-14.77,2.93,-12.82,0.74,5.1,-34.13,1.0
0.51,-0.02,-0.81,-6.59,1.59,-12.88,0.74,5.1,-34.13,1.0
0.51,-0.02,-0.81,-6.59,1.59,-12.88,0.74,5.1,-34.13,1.0
0.5,-0.02,-0.84,-6.1,1.46,-11.84,0.74,5.1,-34.13,1.0
0.51,-0.01,-0.85,-8.24,1.95,-11.54,0.12,4.97,-34.9,1.0
0.52,0.0,-0.86,-7.81,1.4,-11.17,0.12,4.97,-34.9,1.0
0.52,0.0,-0.86,-7.81,1.4,-11.17,0.12,4.97,-34.9,1.0
0.52,-0.0,-0.86,-4.88,1.16,-10.25,0.12,4.97,-34.9,1.0
0.52,-0.04,-0.88,-6.04,1.59,-8.73,-0.21,5.38,-34.18,1.0
0.52,-0.04,-0.88,-6.04,1.59,-8.73,-0.21,5.38,-34.18,1.0
0.52,-0.07,-0.88,-8.85,1.77,-7.57,-0.21,5.38,-34.18,1.0
0.52,-0.01,-0.88,-13.98,1.77,-5.19,-0.21,5.38,-34.18,1.0
0.52,-0.01,-0.88,-11.41,0.67,-4.39,0.07,6.19,-34.61,1.0
0.53,-0.02,-0.89,-8.91,0.61,-3.66,0.07,6.19,-34.61,1.0
0.53,-0.02,-0.89,-8.91,0.61,-3.66,0.07,6.19,-34.61,1.0
0.51,-0.04,-0.88,-7.57,2.62,-2.69,0.07,6.19,-34.61,1.0
0.51,-0.04,-0.88,-7.57,2.62,-2.69,0.07,6.19,-34.61,1.0
0.5,-0.03,-0.87,-8.61,2.32,-1.34,-0.56,5.93,-34.69,1.0
0.51,-0.02,-0.87,-6.9,1.4,-0.24,-0.56,5.93,-34.69,1.0
0.52,-0.01,-0.88,-4.64,0.61,0.24,-0.56,5.93,-34.69,1.0
0.52,-0.01,-0.88,-4.64,0.61,0.24,-0.56,5.93,-34.69,1.0
0.52,-0.01,-0.88,-4.64,0.61,0.24,-0.56,5.93,-34.69,1.0
0.52,-0.02,-0.89,-1.83,-0.79,1.4,-0.48,6.1,-35.25,1.0
0.52,-0.05,-0.88,-3.3,-0.67,1.89,-0.48,6.1,-35.25,1.0
0.53,-0.04,-0.88,-7.87,0.24,3.3,-0.48,6.1,-35.25,1.0
0.53,-0.04,-0.88,-7.87,0.24,3.3,-0.48,6.1,-35.25,1.0
0.53,-0.02,-0.87,-9.77,1.34,3.48,-0.48,6.1,-35.25,1.0
0.54,-0.02,-0.88,-9.03,1.65,3.48,-0.29,6.31,-34.7,1.0
0.54,-0.03,-0.88,-8.91,1.28,3.66,-0.29,6.31,-34.7,1.0
0.54,-0.03,-0.88,-8.91,1.28,3.66,-0.29,6.31,-34.7,1.0
0.54,-0.03,-0.87,-10.25,2.5,1.89,-0.32,5.6,-34.02,1.0
0.54,-0.03,-0.87,-10.25,2.5,1.89,-0.32,5.6,-34.02,1.0
0.55,-0.02,-0.86,-10.19,2.99,1.16,-0.32,5.6,-34.02,1.0
0.54,-0.04,-0.87,-9.34,3.42,0.98,-0.32,5.6,-34.02,1.0
0.54,-0.05,-0.87,-9.83,3.97,0.67,-0.32,5.6,-34.02,1.0
0.54,-0.03,-0.86,-7.93,3.78,-0.55,0.45,5.93,-34.34,1.0
0.54,-0.03,-0.86,-7.93,3.78,-0.55,0.45,5.93,-34.34,1.0
0.54,-0.03,-0.86,-7.93,3.78,-0.55,0.45,5.93,-34.34,1.0
0.54,-0.06,-0.86,-6.23,3.3,-0.43,0.45,5.93,-34.34,1.0
0.55,-0.08,-0.87,-5.0,3.42,-0.67,0.45,5.93,-34.34,1.0
0.55,-0.08,-0.87,-5.0,3.42,-0.67,0.45,5.93,-34.34,1.0
0.55,-0.12,-0.88,-7.57,3.72,-0.18,0.49,6.98,-34.46,1.0
0.55,-0.12,-0.88,-7.57,3.72,-0.18,0.49,6.98,-34.46,1.0
0.55,-0.1,-0.88,-13.49,3.97,1.22,0.49,6.98,-34.46,1.0
0.55,-0.09,-0.89,-14.1,3.23,1.1,0.49,6.98,-34.46,1.0
0.55,-0.11,-0.9,-13.55,2.5,1.22,0.12,6.98,-34.52,1.0
0.55,-0.11,-0.9,-13.55,2.5,1.22,0.12,6.98,-34.52,1.0
0.55,-0.11,-0.9,-13.55,2.5,1.22,0.12,6.98,-34.52,1.0
0.56,-0.1,-0.88,-16.54,2.08,1.65,0.12,6.98,-34.52,1.0
0.55,-0.08,-0.87,-17.76,2.44,1.1,0.12,6.98,-34.52,1.0
0.55,-0.09,-0.86,-14.1,2.26,0.73,0.27,6.43,-34.61,1.0
0.54,-0.11,-0.86,-12.57,2.44,0.18,0.27,6.43,-34.61,1.0
0.53,-0.12,-0.86,-18.55,3.23,1.1,0.27,6.43,-34.61,1.0
0.53,-0.12,-0.86,-20.57,3.66,1.22,-0.15,6.93,-34.79,1.0
0.53,-0.11,-0.87,-20.87,4.21,1.4,-0.15,6.93,-34.79,1.0
0.53,-0.11,-0.87,-20.87,4.21,1.4,-0.15,6.93,-34.79,1.0
0.53,-0.11,-0.87,-20.87,4.21,1.4,-0.15,6.93,-34.79,1.0
0.53,-0.11,-0.87,-21.48,4.27,0.79,-0.15,6.93,-34.79,1.0
0.53,-0.11,-0.87,-21.48,4.27,0.79,-0.15,6.93,-34.79,1.0
0.53,-0.11,-0.87,-21.48,4.27,0.79,-0.15,6.93,-34.79,1.0
0.55,-0.11,-0.87,-21.12,4.21,0.49,-0.33,7.81,-35.46,1.0
0.55,-0.12,-0.88,-19.17,3.66,-0.12,-0.33,7.81,-35.46,1.0
0.54,-0.16,-0.88,-21.91,3.72,0.37,-0.33,7.81,-35.46,1.0
0.53,-0.15,-0.88,-24.35,3.72,0.67,-0.33,7.81,-35.46,1.0
0.53,-0.15,-0.88,-24.35,3.72,0.67,-0.33,7.81,-35.46,1.0
0.52,-0.16,-0.87,-20.94,4.58,0.24,-0.35,8.09,-35.84,1.0
0.52,-0.15,-0.88,-21.24,4.09,0.85,-1.17,8.29,-35.68,1.0
0.52,-0.15,-0.87,-20.81,3.6,1.04,-1.17,8.29,-35.68,1.0
0.53,-0.17,-0.87,-18.98,3.72,0.49,-1.17,8.29,-35.68,1.0
0.53,-0.17,-0.87,-19.59,4.58,0.24,-1.17,8.29,-35.68,1.0
0.53,-0.17,-0.87,-19.59,4.58,0.24,-1.17,8.29,-35.68,1.0
0.52,-0.16,-0.87,-19.9,4.88,0.06,-1.05,8.87,-36.07,1.0
0.52,-0.13,-0.86,-19.71,5.55,-0.92,-1.05,8.87,-36.07,1.0
0.52,-0.16,-0.85,-17.03,5.86,-1.28,-1.05,8.87,-36.07,1.0
0.52,-0.16,-0.85,-17.03,5.86,-1.28,-1.05,8.87,-36.07,1.0
0.52,-0.16,-0.85,-17.03,5.86,-1.28,-1.05,8.87,-36.07,1.0
0.52,-0.17,-0.85,-10.93,7.08,-1.53,-1.05,8.87,-36.07,1.0
0.51,-0.18,-0.86,-8.85,9.95,-2.32,-0.95,9.47,-35.62,1.0
0.51,-0.2,-0.86,-11.72,12.33,-2.2,-0.95,9.47,-35.62,1.0
0.51,-0.2,-0.85,-12.63,13.0,-2.14,-0.95,9.47,-35.62,1.0
0.51,-0.2,-0.85,-12.63,13.0,-2.14,-0.95,9.47,-35.62,1.0
0.5,-0.21,-0.88,-12.45,13.61,-1.1,-1.14,8.78,-35.89,1.0
0.5,-0.21,-0.88,-12.45,13.61,-1.1,-1.14,8.78,-35.89,1.0
0.5,-0.22,-0.88,-12.82,11.96,-1.16,-1.14,8.78,-35.89,1.0
0.5,-0.22,-0.87,-13.49,10.74,-0.98,-1.22,8.54,-35.36,1.0
0.5,-0.22,-0.85,-13.18,8.12,-1.1,-1.22,8.54,-35.36,1.0
0.5,-0.22,-0.85,-13.18,8.12,-1.1,-1.22,8.54,-35.36,1.0
0.5,-0.23,-0.82,-13.06,6.1,-1.16,-1.22,8.54,-35.36,1.0
0.5,-0.23,-0.82,-12.76,5.86,-1.28,-1.22,8.54,-35.36,1.0
0.49,-0.22,-0.83,-12.33,5.62,-2.14,-1.05,9.91,-37.23,1.0
0.47,-0.2,-0.81,-10.25,5.19,-2.62,-1.05,9.91,-37.23,1.0
0.47,-0.2,-0.81,-10.25,5.19,-2.62,-1.05,9.91,-37.23,1.0
0.46,-0.24,-0.8,-6.23,3.97,-3.11,-1.05,9.91,-37.23,1.0
0.46,-0.24,-0.79,-4.58,2.69,-2.87,-0.92,9.78,-36.38,1.0
0.46,-0.25,-0.8,-3.17,2.32,-2.81,-0.92,9.78,-36.38,1.0
0.46,-0.25,-0.8,-3.17,2.32,-2.81,-0.92,9.78,-36.38,1.0
0.45,-0.25,-0.8,-2.2,2.81,-2.44,-0.92,9.78,-36.38,1.0
0.44,-0.25,-0.81,-1.83,2.69,-1.77,-0.92,9.78,-36.38,1.0
0.43,-0.26,-0.85,-2.44,2.01,-1.28,-1.28,9.57,-36.85,1.0
0.43,-0.26,-0.85,-2.44,2.01,-1.28,-1.28,9.57,-36.85,1.0
0.44,-0.23,-0.85,-4.39,-0.37,-0.12,-1.28,9.57,-36.85,1.0
0.47,-0.24,-0.83,-1.04,-2.38,-0.43,-1.28,9.57,-36.85,1.0
0.48,-0.26,-0.84,2.56,-2.99,-0.79,-1.31,9.24,-36.6,1.0
0.48,-0.26,-0.86,0.79,-2.87,-0.61,-1.31,9.24,-36.6,1.0
0.49,-0.23,-0.85,-1.59,-3.23,0.06,-1.31,9.24,-36.6,1.0
0.5,-0.22,-0.85,2.01,-3.48,-0.79,-1.31,9.24,-36.6,1.0
0.5,-0.22,-0.85,2.01,-3.48,-0.79,-1.31,9.24,-36.6,1.0
0.5,-0.25,-0.86,4.15,-3.66,-1.04,-0.89,9.7,-36.29,1.0
0.49,-0.25,-0.84,2.87,-2.81,-0.55,-0.89,9.7,-36.29,1.0
0.49,-0.25,-0.85,2.01,-2.08,0.06,-0.89,9.7,-36.29,1.0
0.49,-0.25,-0.85,2.01,-2.08,0.06,-0.89,9.7,-36.29,1.0
0.47,-0.26,-0.87,2.14,-1.4,0.24,-1.03,9.14,-36.63,1.0
0.47,-0.26,-0.89,0.49,-1.16,0.55,-1.03,9.14,-36.63,1.0
0.48,-0.25,-0.88,-1.59,-1.4,0.85,-1.03,9.14,-36.63,1.0
0.48,-0.25,-0.88,-1.59,-1.4,0.85,-1.03,9.14,-36.63,1.0
0.48,-0.24,-0.87,-0.98,-1.77,0.67,-1.03,9.14,-36.63,1.0
0.48,-0.26,-0.85,2.69,-2.87,0.98,-1.31,9.46,-36.35,1.0
0.46,-0.25,-0.82,3.97,-3.91,2.2,-1.31,9.46,-36.35,1.0
0.45,-0.23,-0.8,5.55,-4.76,3.36,-1.31,9.46,-36.35,1.0
0.43,-0.23,-0.79,7.69,-5.68,3.78,-0.72,9.2,-36.96,1.0
0.43,-0.23,-0.79,7.69,-5.68,3.78,-0.72,9.2,-36.96,1.0
0.43,-0.23,-0.79,7.69,-5.68,3.78,-0.72,9.2,-36.96,1.0
0.41,-0.19,-0.71,16.6,-10.44,6.29,-0.72,9.2,-36.96,1.0
0.38,-0.16,-0.66,25.94,-12.88,7.14,-0.89,9.46,-36.56,1.0
0.38,-0.16,-0.66,25.94,-12.88,7.14,-0.89,9.46,-36.56,1.0
0.38,-0.16,-0.66,25.94,-12.88,7.14,-0.89,9.46,-36.56,1.0
0.36,-0.18,-0.66,39.61,-15.32,7.81,-0.89,9.46,-36.56,1.0
0.34,-0.18,-0.67,48.52,-18.55,10.44,-0.89,9.46,-36.56,1.0
0.32,-0.18,-0.69,51.64,-20.14,11.96,-0.77,8.56,-36.39,1.0
0.32,-0.18,-0.69,51.64,-20.14,11.96,-0.77,8.56,-36.39,1.0
0.33,-0.17,-0.7,54.93,-22.64,15.32,-0.77,8.56,-36.39,1.0
0.36,-0.17,-0.67,59.02,-24.11,18.25,-0.77,8.56,-36.39,1.0
0.42,-0.13,-0.67,69.89,-25.09,20.39,-0.77,8.56,-36.39,1.0
0.44,-0.11,-0.68,78.74,-25.88,23.32,-0.46,8.04,-37.1,1.0
0.43,-0.09,-0.68,101.87,-28.14,27.77,-0.46,8.04,-37.1,1.0
0.43,-0.09,-0.68,101.87,-28.14,27.77,-0.46,8.04,-37.1,1.0
0.42,-0.09,-0.73,105.04,-30.27,30.94,-0.46,8.04,-37.1,1.0
0.45,-0.06,-0.73,104.8,-35.71,38.02,0.15,7.4,-35.47,1.0
0.5,0.04,-0.69,105.65,-37.41,43.58,0.15,7.4,-35.47,1.0
0.5,0.04,-0.69,105.65,-37.41,43.58,0.15,7.4,-35.47,1.0
0.53,0.09,-0.66,119.26,-35.77,45.41,0.15,7.4,-35.47,1.0
0.51,0.09,-0.71,136.78,-34.85,47.73,0.11,5.96,-34.19,1.0
0.5,0.15,-0.71,143.43,-38.7,50.48,0.11,5.96,-34.19,1.0
0.5,0.15,-0.71,143.43,-38.7,50.48,0.11,5.96,-34.19,1.0
0.5,0.16,-0.72,145.32,-45.35,53.96,0.11,5.96,-34.19,1.0
0.56,0.19,-0.7,144.96,-48.28,56.46,1.2,3.16,-33.83,1.0
0.62,0.24,-0.66,144.71,-50.17,61.77,1.2,3.16,-33.83,1.0
0.62,0.24,-0.66,144.71,-50.17,61.77,1.2,3.16,-33.83,1.0
0.61,0.31,-0.63,150.63,-49.13,65.31,1.2,3.16,-33.83,1.0
0.58,0.36,-0.66,157.78,-50.72,66.89,1.2,3.16,-33.83,1.0
0.57,0.4,-0.64,160.16,-57.56,66.96,2.14,0.51,-33.34,1.0
0.57,0.42,-0.62,160.28,-65.06,68.3,2.14,0.51,-33.34,1.0
0.59,0.43,-0.61,157.41,-67.75,70.07,2.14,0.51,-33.34,1.0
0.59,0.43,-0.61,157.41,-67.75,70.07,2.14,0.51,-33.34,1.0
0.59,0.47,-0.6,151.49,-69.03,73.91,3.16,-1.89,-32.62,1.0
0.57,0.55,-0.58,148.07,-67.2,77.39,3.16,-1.89,-32.62,1.0
0.58,0.57,-0.57,146.42,-65.43,80.38,3.16,-1.89,-32.62,1.0
0.58,0.57,-0.57,146.42,-65.43,80.38,3.16,-1.89,-32.62,1.0
0.62,0.58,-0.57,137.27,-66.71,84.11,4.16,-5.77,-33.86,1.0
0.67,0.59,-0.54,129.15,-66.71,86.55,4.16,-5.77,-33.86,1.0
0.67,0.59,-0.54,129.15,-66.71,86.55,4.16,-5.77,-33.86,1.0
0.67,0.6,-0.49,109.07,-66.04,93.57,4.16,-5.77,-33.86,1.0
0.65,0.69,-0.43,85.39,-63.48,101.32,4.16,-5.77,-33.86,1.0
0.64,0.8,-0.39,69.15,-59.02,104.13,4.96,-8.02,-33.67,1.0
0.64,0.8,-0.39,69.15,-59.02,104.13,4.96,-8.02,-33.67,1.0
0.65,0.96,-0.31,66.89,-56.34,103.39,4.96,-8.02,-33.67,1.0
0.65,1.09,-0.26,68.12,-51.27,98.33,4.96,-8.02,-33.67,1.0
0.65,1.15,-0.23,73.85,-47.73,89.17,5.59,-9.25,-35.96,1.0
0.65,1.15,-0.23,73.85,-47.73,89.17,5.59,-9.25,-35.96,1.0
0.62,1.16,-0.21,77.58,-46.69,79.1,5.59,-9.25,-35.96,1.0
0.58,1.14,-0.16,75.44,-46.45,74.52,5.59,-9.25,-35.96,1.0
0.54,1.08,-0.11,69.09,-45.53,66.83,5.85,-11.69,-36.79,1.0
0.54,1.08,-0.11,69.09,-45.53,66.83,5.85,-11.69,-36.79,1.0
0.54,1.08,-0.11,69.09,-45.53,66.83,5.85,-11.69,-36.79,1.0
0.5,1.0,-0.05,58.41,-43.95,61.83,5.85,-11.69,-36.79,1.0
0.49,0.98,-0.03,51.64,-39.79,58.23,5.85,-11.69,-36.79,1.0
0.47,0.99,-0.01,38.88,-37.17,56.52,5.94,-13.88,-37.78,1.0
0.47,0.99,-0.01,38.88,-37.17,56.52,5.94,-13.88,-37.78,1.0
0.44,1.01,-0.01,27.34,-33.45,53.59,5.94,-13.88,-37.78,1.0
0.42,1.08,-0.03,19.84,-30.52,48.71,5.94,-13.88,-37.78,1.0
0.43,1.06,-0.04,20.14,-29.3,42.79,5.87,-15.23,-37.6,1.0
0.43,1.06,-0.04,20.14,-29.3,42.79,5.87,-15.23,-37.6,1.0
0.43,1.06,-0.04,20.14,-29.3,42.79,5.87,-15.23,-37.6,1.0
0.43,1.03,-0.01,18.25,-27.71,37.54,5.87,-15.23,-37.6,1.0
0.42,1.03,0.01,15.56,-24.17,32.9,5.87,-15.23,-37.6,1.0
0.42,1.03,0.01,15.56,-24.17,32.9,5.87,-15.23,-37.6,1.0
0.41,1.04,0.03,15.56,-22.34,30.58,5.87,-15.23,-37.6,1.0
0.4,1.04,0.09,19.53,-17.46,27.1,6.45,-16.05,-38.88,1.0
0.5,1.1,-0.08,28.02,-5.8,31.68,6.45,-16.05,-38.88,1.0
0.5,1.1,-0.08,28.02,-5.8,31.68,6.45,-16.05,-38.88,1.0
0.38,1.04,-0.1,17.03,-4.33,28.44,6.45,-16.05,-38.88,1.0
0.38,1.04,-0.1,17.03,-4.33,28.44,6.45,-16.05,-38.88,1.0
0.35,1.02,-0.06,4.7,-4.88,25.57,5.75,-16.86,-38.89,1.0
0.35,1.02,-0.06,4.7,-4.88,25.57,5.75,-16.86,-38.89,1.0
0.35,1.02,-0.06,4.7,-4.88,25.57,5.75,-16.86,-38.89,1.0
0.38,0.98,0.03,1.16,-4.52,23.19,5.75,-16.86,-38.89,1.0
0.38,1.05,0.13,-7.81,-2.99,20.26,5.75,-16.86,-38.89,1.0
0.47,1.33,0.16,-4.27,3.05,5.98,5.75,-16.86,-38.89,1.0
0.4,0.99,0.06,-5.07,4.52,2.69,5.87,-17.32,-38.98,1.0
0.36,0.99,-0.01,-12.88,2.38,2.75,5.87,-17.32,-38.98,1.0
0.36,0.99,-0.01,-12.88,2.38,2.75,5.87,-17.32,-38.98,1.0
0.3,0.86,0.01,-5.31,3.3,2.32,5.87,-17.32,-38.98,1.0
0.3,0.86,0.01,-5.31,3.3,2.32,5.87,-17.32,-38.98,1.0
0.29,0.81,0.03,-3.23,4.58,2.99,5.99,-17.35,-38.5,1.0
0.3,0.86,0.03,-3.54,6.71,4.39,5.99,-17.35,-38.5,1.0
0.3,0.86,0.03,-3.54,6.71,4.39,5.99,-17.35,-38.5,1.0
0.3,0.86,0.03,-3.54,6.71,4.39,5.99,-17.35,-38.5,1.0
0.29,0.92,-0.02,-0.12,6.96,4.7,5.99,-17.35,-38.5,1.0
0.29,0.88,-0.02,6.16,7.81,5.86,5.46,-17.26,-38.98,1.0
0.29,0.96,-0.01,10.93,6.23,7.39,5.46,-17.26,-38.98,1.0
0.29,0.96,-0.01,10.93,6.23,7.39,5.46,-17.26,-38.98,1.0
0.29,0.93,-0.03,16.97,5.49,6.84,4.98,-17.74,-39.25,1.0
0.29,0.91,-0.04,15.56,4.76,6.9,4.98,-17.74,-39.25,1.0
0.29,0.91,-0.04,15.56,4.76,6.9,4.98,-17.74,-39.25,1.0
0.3,0.91,-0.04,8.42,5.19,7.45,4.98,-17.74,-39.25,1.0
0.31,0.93,-0.07,0.37,4.58,7.63,4.98,-17.74,-39.25,1.0
0.31,0.93,-0.07,0.37,4.58,7.63,4.98,-17.74,-39.25,1.0
0.32,1.0,-0.09,-5.07,1.4,6.9,4.82,-17.75,-38.93,1.0
0.32,1.0,-0.09,-5.07,1.4,6.9,4.82,-17.75,-38.93,1.0
0.31,0.98,-0.1,0.31,-0.98,4.88,4.82,-17.75,-38.93,1.0
0.31,0.98,-0.1,0.31,-0.98,4.88,4.82,-17.75,-38.93,1.0
0.31,0.98,-0.1,0.31,-0.98,4.88,4.82,-17.75,-38.93,1.0
0.28,0.96,-0.09,2.81,-3.05,3.54,4.15,-17.69,-39.37,1.0
0.28,0.95,-0.06,0.24,-3.3,3.17,4.15,-17.69,-39.37,1.0
0.27,0.89,-0.02,-1.95,-2.62,4.03,4.15,-17.69,-39.37,1.0
0.29,0.97,-0.02,-5.55,-1.95,3.42,4.27,-17.31,-39.04,1.0
0.28,0.92,-0.05,9.28,-3.05,3.6,4.44,-17.48,-39.22,1.0
0.28,0.92,-0.05,9.28,-3.05,3.6,4.44,-17.48,-39.22,1.0
0.29,0.88,-0.03,16.78,-2.81,4.03,4.44,-17.48,-39.22,1.0
0.29,0.94,-0.0,14.47,-0.55,4.46,4.44,-17.48,-39.22,1.0
0.29,0.94,-0.0,14.47,-0.55,4.46,4.44,-17.48,-39.22,1.0
0.29,0.98,0.0,9.7,1.89,3.11,4.44,-17.48,-39.22,1.0
0.29,0.98,0.0,9.7,1.89,3.11,4.44,-17.48,-39.22,1.0
0.29,0.98,0.0,9.7,1.89,3.11,4.44,-17.48,-39.22,1.0
0.31,1.0,-0.0,3.78,3.42,1.34,4.69,-19.08,-38.46,1.0
0.32,1.04,-0.02,0.55,4.76,-1.16,4.69,-19.08,-38.46,1.0
0.32,1.04,-0.02,0.55,4.76,-1.16,4.69,-19.08,-38.46,1.0
0.32,1.04,-0.02,0.55,4.76,-1.16,4.69,-19.08,-38.46,1.0
0.33,0.99,0.01,-0.43,6.59,-2.62,4.69,-19.08,-38.46,1.0
0.33,0.99,0.01,-0.43,6.59,-2.62,4.69,-19.08,-38.46,1.0
0.33,0.99,0.01,-0.43,6.59,-2.62,4.69,-19.08,-38.46,1.0
0.33,0.95,0.0,-0.79,8.18,-3.17,4.13,-17.68,-40.22,1.0
0.37,0.99,-0.01,21.67,10.74,-9.28,5.22,-17.93,-40.06,1.0
0.37,0.99,-0.01,21.67,10.74,-9.28,5.22,-17.93,-40.06,1.0
0.34,0.98,0.02,-7.32,15.81,-9.09,5.22,-17.93,-40.06,1.0
0.38,1.22,0.03,-45.29,26.37,-15.69,4.98,-18.03,-39.65,1.0
0.4,1.26,-0.04,-41.5,27.71,-19.17,4.98,-18.03,-39.65,1.0
0.4,1.26,-0.04,-41.5,27.71,-19.17,4.98,-18.03,-39.65,1.0
0.44,1.23,-0.12,-38.76,31.07,-24.48,4.98,-18.03,-39.65,1.0
0.42,1.18,-0.2,-47.91,35.1,-28.38,5.2,-16.65,-37.29,1.0
0.44,1.17,-0.23,-63.29,37.6,-32.41,5.2,-16.65,-37.29,1.0
0.44,1.2,-0.23,-78.67,39.43,-35.77,5.2,-16.65,-37.29,1.0
0.44,1.2,-0.23,-78.67,39.43,-35.77,5.2,-16.65,-37.29,1.0
0.45,1.2,-0.23,-82.76,41.5,-40.1,4.57,-14.28,-37.0,1.0
0.45,1.18,-0.26,-78.12,43.46,-44.86,4.57,-14.28,-37.0,1.0
0.46,1.14,-0.31,-77.94,44.13,-49.74,4.57,-14.28,-37.0,1.0
0.46,1.14,-0.31,-77.94,44.13,-49.74,4.57,-14.28,-37.0,1.0
0.46,1.14,-0.31,-77.94,44.13,-49.74,4.57,-14.28,-37.0,1.0
0.45,1.11,-0.32,-79.28,43.88,-52.31,4.39,-12.33,-34.39,1.0
0.45,1.11,-0.32,-79.28,43.88,-52.31,4.39,-12.33,-34.39,1.0
0.45,1.11,-0.32,-79.28,43.88,-52.31,4.39,-12.33,-34.39,1.0
0.45,1.04,-0.33,-82.21,42.79,-57.74,4.39,-12.33,-34.39,1.0
0.47,1.0,-0.34,-89.9,42.24,-60.06,4.39,-12.33,-34.39,1.0
0.48,1.0,-0.35,-94.12,42.42,-61.16,4.39,-12.33,-34.39,1.0
0.48,1.0,-0.35,-94.12,42.42,-61.16,4.39,-12.33,-34.39,1.0
0.49,0.97,-0.36,-94.91,41.99,-63.9,3.88,-9.7,-33.31,1.0
0.49,0.97,-0.36,-94.91,41.99,-63.9,3.88,-9.7,-33.31,1.0
0.49,0.82,-0.4,-90.88,38.21,-67.57,3.88,-9.7,-33.31,1.0
0.49,0.74,-0.41,-96.92,38.45,-66.59,3.53,-6.34,-33.11,1.0
0.49,0.74,-0.41,-96.92,38.45,-66.59,3.53,-6.34,-33.11,1.0
0.48,0.7,-0.42,-113.77,38.88,-63.66,3.53,-6.34,-33.11,1.0
0.48,0.7,-0.42,-128.48,37.96,-61.58,3.53,-6.34,-33.11,1.0
0.48,0.7,-0.41,-132.93,36.93,-60.85,2.33,-3.93,-32.56,1.0
0.48,0.73,-0.43,-132.39,34.73,-62.01,2.33,-3.93,-32.56,1.0
0.48,0.73,-0.43,-132.39,34.73,-62.01,2.33,-3.93,-32.56,1.0
0.47,0.68,-0.45,-105.1,30.33,-68.3,1.77,-2.03,-32.47,1.0
0.46,0.63,-0.45,-93.57,28.87,-70.19,1.77,-2.03,-32.47,1.0
0.44,0.54,-0.48,-91.98,28.02,-69.95,1.77,-2.03,-32.47,1.0
0.43,0.44,-0.49,-96.44,25.94,-69.52,1.77,-2.03,-32.47,1.0
0.45,0.4,-0.5,-107.91,25.51,-66.89,1.78,-0.62,-33.75,1.0
0.45,0.4,-0.5,-107.91,25.51,-66.89,1.78,-0.62,-33.75,1.0
0.45,0.41,-0.54,-113.1,27.16,-64.7,1.78,-0.62,-33.75,1.0
0.46,0.41,-0.55,-106.2,27.53,-64.33,1.78,-0.62,-33.75,1.0
0.46,0.41,-0.55,-106.2,27.53,-64.33,1.78,-0.62,-33.75,1.0
0.46,0.38,-0.6,-98.08,26.12,-64.15,1.28,1.59,-32.95,1.0
0.46,0.31,-0.62,-82.34,22.83,-62.74,1.28,1.59,-32.95,1.0
0.45,0.21,-0.64,-71.78,21.24,-60.18,1.28,1.59,-32.95,1.0
0.44,0.14,-0.67,-70.74,21.18,-56.4,0.99,3.43,-34.25,1.0
0.44,0.18,-0.69,-74.46,20.57,-50.96,0.99,3.43,-34.25,1.0
0.45,0.17,-0.7,-70.19,19.04,-47.0,0.99,3.43,-34.25,1.0
0.45,0.17,-0.7,-70.19,19.04,-47.0,0.99,3.43,-34.25,1.0
0.45,0.16,-0.72,-66.41,18.68,-45.35,0.99,3.43,-34.25,1.0
0.46,0.12,-0.77,-59.33,18.37,-42.54,-0.6,3.91,-33.42,1.0
0.46,0.12,-0.77,-59.33,18.37,-42.54,-0.6,3.91,-33.42,1.0
0.46,0.12,-0.77,-59.33,18.37,-42.54,-0.6,3.91,-33.42,1.0
0.45,0.1,-0.78,-56.88,17.52,-38.7,-0.6,3.91,-33.42,1.0
0.46,0.05,-0.79,-48.34,13.06,-31.43,-0.26,5.58,-33.98,1.0
0.46,0.05,-0.79,-48.34,13.06,-31.43,-0.26,5.58,-33.98,1.0
0.46,0.01,-0.81,-48.22,13.24,-29.17,-0.26,5.58,-33.98,1.0
0.46,0.01,-0.81,-53.22,14.47,-25.21,-0.26,5.58,-33.98,1.0
0.5,0.04,-0.83,-54.57,13.67,-22.52,-0.84,6.21,-34.61,1.0
0.5,0.04,-0.83,-54.57,13.67,-22.52,-0.84,6.21,-34.61,1.0
0.48,0.03,-0.84,-49.74,11.41,-20.69,-0.84,6.21,-34.61,1.0
0.48,-0.0,-0.84,-45.84,9.52,-18.68,-0.84,6.21,-34.61,1.0
0.49,-0.01,-0.84,-46.14,9.34,-17.7,-1.07,6.36,-35.24,1.0
0.49,-0.01,-0.84,-46.14,9.34,-17.7,-1.07,6.36,-35.24,1.0
0.5,-0.04,-0.85,-42.42,8.42,-16.66,-1.07,6.36,-35.24,1.0
0.49,-0.05,-0.87,-41.2,7.2,-14.22,-1.07,6.36,-35.24,1.0
0.49,-0.07,-0.87,-42.54,6.47,-11.84,-1.07,6.36,-35.24,1.0
0.49,-0.07,-0.87,-42.54,6.47,-11.84,-1.07,6.36,-35.24,1.0
0.51,-0.07,-0.85,-46.14,4.58,-8.3,-1.21,7.6,-35.28,1.0
0.51,-0.07,-0.85,-46.14,4.58,-8.3,-1.21,7.6,-35.28,1.0
0.53,-0.05,-0.83,-36.32,3.97,-8.12,-1.21,7.6,-35.28,1.0
0.52,-0.07,-0.85,-30.03,3.72,-8.0,-1.37,7.79,-35.31,1.0
0.5,-0.1,-0.85,-27.47,4.76,-7.57,-1.37,7.79,-35.31,1.0
0.51,-0.1,-0.86,-32.78,5.86,-6.77,-1.37,7.79,-35.31,1.0
0.51,-0.1,-0.86,-32.78,5.86,-6.77,-1.37,7.79,-35.31,1.0
0.51,-0.09,-0.86,-36.13,6.04,-6.71,-1.37,7.79,-35.31,1.0
0.51,-0.08,-0.86,-36.74,5.98,-7.32,-1.4,8.14,-36.47,1.0
0.51,-0.08,-0.86,-36.74,5.98,-7.32,-1.4,8.14,-36.47,1.0
0.52,-0.07,-0.86,-34.97,5.86,-8.42,-1.4,8.14,-36.47,1.0
0.52,-0.07,-0.86,-34.97,5.86,-8.42,-1.4,8.14,-36.47,1.0
0.51,-0.08,-0.84,-31.86,5.8,-8.79,-1.4,8.14,-36.47,1.0
0.49,-0.12,-0.84,-25.09,5.19,-9.95,-1.46,8.36,-34.8,1.0
0.49,-0.15,-0.84,-26.55,4.58,-10.01,-1.46,8.36,-34.8,1.0
0.48,-0.15,-0.83,-28.75,4.03,-9.4,-1.46,8.36,-34.8,1.0
0.47,-0.16,-0.82,-28.44,3.3,-8.36,-1.46,8.36,-34.8,1.0
0.47,-0.17,-0.82,-26.43,2.5,-6.96,-1.28,9.0,-35.83,1.0
0.47,-0.17,-0.82,-26.43,2.5,-6.96,-1.28,9.0,-35.83,1.0
0.46,-0.18,-0.84,-22.4,2.75,-6.16,-1.28,9.0,-35.83,1.0
0.45,-0.19,-0.84,-20.02,3.78,-5.68,-1.28,9.0,-35.83,1.0
0.44,-0.2,-0.89,-21.79,3.3,-4.76,-1.25,9.88,-36.05,1.0
0.44,-0.2,-0.89,-21.79,3.3,-4.76,-1.25,9.88,-36.05,1.0
0.45,-0.18,-0.87,-24.35,-0.12,-3.3,-1.25,9.88,-36.05,1.0
0.48,-0.18,-0.84,-18.74,-4.76,-2.75,-1.25,9.88,-36.05,1.0
0.48,-0.19,-0.8,-12.45,-6.71,-2.38,-1.73,8.9,-36.02,1.0
0.48,-0.19,-0.8,-12.45,-6.71,-2.38,-1.73,8.9,-36.02,1.0
0.5,-0.2,-0.77,-8.54,-4.94,-2.56,-1.73,8.9,-36.02,1.0
0.49,-0.2,-0.79,-3.6,-2.87,-2.2,-1.73,8.9,-36.02,1.0
0.49,-0.2,-0.79,-3.6,-2.87,-2.2,-1.73,8.9,-36.02,1.0
0.48,-0.21,-0.8,-0.37,-1.4,-1.59,-1.73,8.9,-36.02,1.0
0.47,-0.2,-0.82,-0.37,-0.98,-1.04,-1.54,9.05,-36.69,1.0
0.48,-0.2,-0.84,1.83,-0.06,-0.43,-1.54,9.05,-36.69,1.0
0.48,-0.22,-0.85,3.66,0.55,0.0,-1.54,9.05,-36.69,1.0
0.48,-0.22,-0.85,3.66,0.55,0.0,-1.54,9.05,-36.69,1.0
0.48,-0.22,-0.85,3.66,0.55,0.0,-1.54,9.05,-36.69,1.0
0.48,-0.21,-0.87,3.3,0.73,0.61,-1.62,9.95,-36.89,1.0
0.48,-0.21,-0.87,1.71,0.92,1.04,-1.62,9.95,-36.89,1.0
0.5,-0.2,-0.85,1.59,-0.12,1.59,-1.62,9.95,-36.89,1.0
0.5,-0.19,-0.85,4.09,-0.06,1.59,-1.57,9.62,-36.34,1.0
0.5,-0.22,-0.87,4.39,0.37,1.4,-1.57,9.62,-36.34,1.0
0.5,-0.22,-0.87,4.39,0.37,1.4,-1.57,9.62,-36.34,1.0
0.52,-0.2,-0.88,1.59,0.79,1.53,-1.57,9.62,-36.34,1.0
0.52,-0.2,-0.88,0.49,1.04,1.1,-1.39,9.0,-36.27,1.0
0.52,-0.2,-0.87,-0.49,-0.06,0.79,-1.39,9.0,-36.27,1.0
0.52,-0.2,-0.87,-0.49,-0.06,0.79,-1.39,9.0,-36.27,1.0
0.51,-0.19,-0.86,-0.12,-1.28,1.16,-1.39,9.0,-36.27,1.0
0.5,-0.21,-0.84,-1.04,-0.67,1.1,-1.39,9.0,-36.27,1.0
0.5,-0.19,-0.84,-1.83,0.06,0.37,-1.64,9.28,-36.32,1.0
0.5,-0.19,-0.84,-1.83,0.06,0.37,-1.64,9.28,-36.32,1.0
0.49,-0.21,-0.87,-1.46,1.83,0.92,-1.64,9.28,-36.32,1.0
0.49,-0.21,-0.87,-1.46,1.83,0.92,-1.64,9.28,-36.32,1.0
0.5,-0.21,-0.86,-1.22,1.04,1.34,-1.55,9.64,-37.07,1.0
0.5,-0.21,-0.87,0.92,1.22,1.46,-1.55,9.64,-37.07,1.0
0.51,-0.22,-0.86,0.79,1.53,1.53,-1.55,9.64,-37.07,1.0
0.52,-0.21,-0.87,-0.31,2.2,1.71,-1.39,8.86,-37.76,1.0
0.52,-0.21,-0.87,-0.31,2.2,1.71,-1.39,8.86,-37.76,1.0
0.51,-0.2,-0.87,-0.12,2.01,1.89,-1.39,8.86,-37.76,1.0
0.51,-0.2,-0.88,0.12,1.89,1.89,-1.39,8.86,-37.76,1.0
0.51,-0.2,-0.88,0.12,1.89,1.89,-1.39,8.86,-37.76,1.0
0.51,-0.2,-0.88,0.12,1.89,1.89,-1.39,8.86,-37.76,1.0
0.51,-0.2,-0.88,-0.49,1.1,2.26,-1.39,8.86,-37.76,1.0
0.51,-0.21,-0.86,-0.55,0.73,2.2,-1.93,8.73,-37.34,1.0
0.51,-0.2,-0.86,-0.92,0.37,1.89,-1.93,8.73,-37.34,1.0
0.52,-0.19,-0.87,-0.24,1.1,1.1,-1.93,8.73,-37.34,1.0
0.52,-0.19,-0.87,-0.24,1.1,1.1,-1.93,8.73,-37.34,1.0
0.51,-0.21,-0.88,-0.43,1.4,1.04,-1.93,8.73,-37.34,1.0
0.5,-0.2,-0.87,-1.95,0.85,1.16,-1.99,9.12,-36.54,1.0
0.5,-0.2,-0.86,-0.67,-0.61,1.4,-1.99,9.12,-36.54,1.0
0.51,-0.22,-0.86,-0.24,-0.98,1.77,-1.99,9.12,-36.54,1.0
0.5,-0.2,-0.84,-0.06,-0.98,1.95,-1.23,9.4,-36.24,1.0
0.49,-0.2,-0.83,1.22,-1.22,1.77,-1.23,9.4,-36.24,1.0
0.49,-0.2,-0.83,1.22,-1.22,1.77,-1.23,9.4,-36.24,1.0
0.49,-0.19,-0.8,4.21,-1.65,2.26,-1.23,9.4,-36.24,1.0
0.48,-0.18,-0.8,9.09,-1.89,2.62,-1.32,8.8,-36.57,1.0
0.47,-0.16,-0.77,16.05,-1.46,2.01,-1.32,8.8,-36.57,1.0
0.47,-0.16,-0.77,16.05,-1.46,2.01,-1.32,8.8,-36.57,1.0
0.46,-0.15,-0.75,22.64,-1.4,2.08,-1.32,8.8,-36.57,1.0
0.45,-0.14,-0.74,25.63,-1.4,2.44,-1.34,9.2,-36.69,1.0
0.42,-0.14,-0.76,30.03,-2.32,3.3,-1.34,9.2,-36.69,1.0
0.42,-0.14,-0.76,30.03,-2.32,3.3,-1.34,9.2,-36.69,1.0
0.42,-0.11,-0.76,32.78,-4.46,4.03,-1.34,9.2,-36.69,1.0
0.44,-0.1,-0.77,40.65,-6.71,3.11,-1.34,9.2,-36.69,1.0
0.47,-0.1,-0.77,45.72,-6.84,2.69,-1.03,8.42,-35.38,1.0
0.47,-0.1,-0.77,45.72,-6.84,2.69,-1.03,8.42,-35.38,1.0
0.48,-0.1,-0.77,54.69,-5.0,1.77,-1.03,8.42,-35.38,1.0
0.49,-0.08,-0.79,62.87,-3.66,0.98,-1.03,8.42,-35.38,1.0
0.47,-0.07,-0.81,70.86,-4.46,1.71,-0.59,7.46,-35.4,1.0
0.46,-0.07,-0.8,77.21,-6.77,2.81,-0.59,7.46,-35.4,1.0
0.47,-0.04,-0.78,80.14,-7.87,3.23,-0.59,7.46,-35.4,1.0
0.48,-0.05,-0.78,86.18,-8.54,3.36,-0.59,7.46,-35.4,1.0
0.48,-0.05,-0.78,86.18,-8.54,3.36,-0.59,7.46,-35.4,1.0
0.49,-0.05,-0.81,85.63,-7.39,4.76,-0.55,5.66,-34.03,1.0
0.49,-0.02,-0.83,80.99,-6.77,6.59,-0.55,5.66,-34.03,1.0
0.49,-0.02,-0.83,80.99,-6.77,6.59,-0.55,5.66,-34.03,1.0
0.47,-0.01,-0.83,77.7,-7.08,7.81,-0.55,5.66,-34.03,1.0
0.46,0.01,-0.8,71.66,-10.38,10.99,-0.73,4.46,-33.98,1.0
0.45,0.04,-0.75,71.47,-16.36,14.28,-0.73,4.46,-33.98,1.0
0.45,0.04,-0.75,71.47,-16.36,14.28,-0.73,4.46,-33.98,1.0
0.44,0.05,-0.72,80.75,-22.64,17.15,-0.73,4.46,-33.98,1.0
0.45,0.05,-0.7,87.83,-24.72,18.19,-0.73,4.46,-33.98,1.0
0.45,0.05,-0.7,87.83,-24.72,18.19,-0.73,4.46,-33.98,1.0
0.45,0.05,-0.77,97.29,-25.94,21.48,0.17,3.86,-33.47,1.0
0.45,0.05,-0.77,97.29,-25.94,21.48,0.17,3.86,-33.47,1.0
0.44,0.04,-0.79,96.07,-26.49,23.56,0.17,3.86,-33.47,1.0
0.43,0.05,-0.77,83.56,-28.93,28.93,0.17,3.86,-33.47,1.0
0.42,0.07,-0.74,70.8,-32.96,34.73,0.52,2.93,-33.64,1.0
0.43,0.13,-0.71,67.14,-40.34,40.28,0.52,2.93,-33.64,1.0
0.43,0.13,-0.71,67.14,-40.34,40.28,0.52,2.93,-33.64,1.0
0.46,0.21,-0.66,67.69,-43.82,42.3,0.52,2.93,-33.64,1.0
0.51,0.26,-0.66,81.54,-49.68,44.37,0.81,1.62,-32.06,1.0
0.53,0.28,-0.68,98.57,-51.21,45.72,0.81,1.62,-32.06,1.0
0.53,0.28,-0.68,98.57,-51.21,45.72,0.81,1.62,-32.06,1.0
0.56,0.31,-0.7,106.02,-51.27,46.2,0.81,1.62,-32.06,1.0
0.57,0.33,-0.68,114.26,-52.19,48.4,0.81,1.62,-32.06,1.0
0.57,0.36,-0.7,115.3,-55.05,50.17,2.87,-0.79,-32.23,1.0
0.6,0.43,-0.66,111.02,-61.28,52.12,2.87,-0.79,-32.23,1.0
0.66,0.5,-0.6,114.26,-64.88,52.67,2.87,-0.79,-32.23,1.0
0.66,0.5,-0.6,114.26,-64.88,52.67,2.87,-0.79,-32.23,1.0
0.66,0.5,-0.6,114.26,-64.88,52.67,2.87,-0.79,-32.23,1.0
0.7,0.51,-0.6,121.77,-63.6,52.92,3.26,-3.08,-33.28,1.0
0.7,0.54,-0.59,126.28,-60.24,54.26,3.26,-3.08,-33.28,1.0
0.7,0.58,-0.63,127.56,-59.02,54.93,3.26,-3.08,-33.28,1.0
0.7,0.58,-0.63,127.56,-59.02,54.93,3.26,-3.08,-33.28,1.0
0.67,0.59,-0.58,101.93,-62.32,58.84,4.2,-5.42,-33.59,1.0
0.67,0.59,-0.58,101.93,-62.32,58.84,4.2,-5.42,-33.59,1.0
0.68,0.65,-0.53,91.92,-63.17,61.34,4.2,-5.42,-33.59,1.0
0.69,0.65,-0.44,90.33,-61.89,62.38,5.32,-8.01,-34.77,1.0
0.68,0.67,-0.39,87.95,-57.37,65.61,5.32,-8.01,-34.77,1.0
0.64,0.76,-0.38,88.75,-52.49,67.69,5.32,-8.01,-34.77,1.0
0.64,0.76,-0.38,88.75,-52.49,67.69,5.32,-8.01,-34.77,1.0
0.61,0.79,-0.43,91.13,-51.03,68.79,5.32,-8.01,-34.77,1.0
0.61,0.79,-0.41,79.59,-51.39,68.97,5.04,-8.7,-34.42,1.0
0.63,0.81,-0.32,64.58,-49.01,68.97,5.04,-8.7,-34.42,1.0
0.63,0.81,-0.32,64.58,-49.01,68.97,5.04,-8.7,-34.42,1.0
0.63,0.81,-0.32,64.58,-49.01,68.97,5.04,-8.7,-34.42,1.0
0.63,0.86,-0.27,60.12,-46.81,68.73,5.04,-8.7,-34.42,1.0
0.61,0.91,-0.18,60.24,-42.18,67.75,5.73,-10.9,-35.05,1.0
0.6,0.98,-0.14,77.39,-37.72,64.03,5.73,-10.9,-35.05,1.0
0.58,0.96,-0.16,95.15,-34.55,59.51,5.73,-10.9,-35.05,1.0
0.58,0.94,-0.14,91.49,-31.19,56.09,5.76,-13.0,-36.87,1.0
0.56,0.92,-0.1,72.14,-26.18,53.34,5.76,-13.0,-36.87,1.0
0.56,0.92,-0.1,72.14,-26.18,53.34,5.76,-13.0,-36.87,1.0
0.56,0.92,-0.1,72.14,-26.18,53.34,5.76,-13.0,-36.87,1.0
0.55,0.94,-0.05,61.4,-23.93,51.94,5.76,-13.0,-36.87,1.0
0.53,0.95,-0.02,44.07,-20.02,49.19,5.76,-13.0,-36.87,1.0
0.53,0.95,-0.02,44.07,-20.02,49.19,5.76,-13.0,-36.87,1.0
0.51,1.0,-0.03,36.56,-17.09,46.08,5.79,-14.44,-37.68,1.0
0.5,1.01,-0.03,38.82,-15.08,42.24,5.79,-14.44,-37.68,1.0
0.48,1.0,-0.03,41.32,-14.34,37.78,5.79,-14.44,-37.68,1.0
0.47,0.94,-0.02,43.27,-13.55,35.89,5.58,-15.45,-38.94,1.0
0.47,0.94,-0.02,43.27,-13.55,35.89,5.58,-15.45,-38.94,1.0
0.47,0.94,-0.02,43.27,-13.55,35.89,5.58,-15.45,-38.94,1.0
0.47,0.94,-0.02,43.27,-13.55,35.89,5.58,-15.45,-38.94,1.0
0.44,0.87,-0.01,33.39,-12.57,34.79,5.58,-15.45,-38.94,1.0
0.43,0.89,0.02,14.4,-10.5,35.77,5.58,-15.45,-38.94,1.0
0.43,0.91,0.03,2.69,-7.39,37.05,5.58,-16.39,-38.2,1.0
0.43,0.91,0.03,2.69,-7.39,37.05,5.58,-16.39,-38.2,1.0
0.43,0.92,0.02,-2.62,-0.73,43.09,5.58,-16.39,-38.2,1.0
0.41,1.01,-0.08,-8.48,1.71,44.86,5.58,-16.39,-38.2,1.0
0.36,1.06,-0.04,-13.92,1.83,42.24,5.58,-16.39,-38.2,1.0
0.36,1.06,-0.04,-13.92,1.83,42.24,5.58,-16.39,-38.2,1.0
0.38,1.01,0.01,-2.99,0.37,30.88,5.44,-17.13,-39.4,1.0
0.38,1.01,0.01,-2.99,0.37,30.88,5.44,-17.13,-39.4,1.0
0.37,1.03,0.0,4.46,-0.79,25.7,5.44,-17.13,-39.4,1.0
0.37,1.05,-0.03,9.34,-1.53,23.19,5.05,-16.93,-37.98,1.0
0.34,1.02,-0.04,16.85,-2.62,19.04,5.05,-16.93,-37.98,1.0
0.32,0.98,-0.03,16.3,-3.54,16.17,5.05,-16.93,-37.98,1.0
0.31,0.94,-0.01,11.05,-3.05,14.65,4.54,-17.87,-39.21,1.0
0.31,0.94,-0.01,11.05,-3.05,14.65,4.54,-17.87,-39.21,1.0
0.31,0.93,-0.01,8.67,-2.87,14.1,4.54,-17.87,-39.21,1.0
0.31,0.92,0.0,2.56,-2.56,14.34,4.54,-17.87,-39.21,1.0
0.31,0.95,0.01,0.67,-2.81,14.22,4.85,-18.41,-39.04,1.0
0.31,0.95,0.01,0.67,-2.81,14.22,4.85,-18.41,-39.04,1.0
0.31,0.98,0.04,3.72,-3.42,13.43,4.85,-18.41,-39.04,1.0
0.35,1.19,-0.03,18.01,-3.3,4.88,4.85,-18.41,-39.04,1.0
0.3,1.05,-0.04,28.99,-4.27,0.49,4.85,-18.41,-39.04,1.0
0.3,1.05,-0.04,28.99,-4.27,0.49,4.85,-18.41,-39.04,1.0
0.3,0.9,0.01,24.23,-6.96,0.37,5.07,-19.07,-39.37,1.0
0.32,0.92,0.04,7.63,-4.39,1.1,5.07,-19.07,-39.37,1.0
0.3,0.93,0.04,-7.75,-2.01,1.16,5.07,-19.07,-39.37,1.0
0.29,0.93,0.02,-10.74,-1.65,1.34,4.91,-18.33,-39.37,1.0
0.29,0.89,0.03,-10.19,-1.59,1.89,4.91,-18.33,-39.37,1.0
0.29,0.92,0.04,-7.51,-1.65,3.11,4.91,-18.33,-39.37,1.0
0.29,0.92,0.04,-7.51,-1.65,3.11,4.91,-18.33,-39.37,1.0
0.3,0.93,0.03,-1.53,-1.89,2.93,4.86,-18.44,-39.27,1.0
0.3,0.93,0.03,-1.53,-1.89,2.93,4.86,-18.44,-39.27,1.0
0.3,0.91,0.02,2.75,-1.59,2.69,4.86,-18.44,-39.27,1.0
0.3,0.91,0.02,2.75,-1.59,2.69,4.86,-18.44,-39.27,1.0
0.3,0.93,0.03,2.44,-1.04,2.93,4.86,-18.44,-39.27,1.0
0.3,0.95,0.02,4.15,-0.43,2.62,4.86,-18.44,-39.27,1.0
0.3,0.93,0.02,4.39,-0.06,2.38,4.64,-19.2,-39.58,1.0
0.3,0.93,0.03,2.01,0.61,2.32,4.64,-19.2,-39.58,1.0
0.3,0.92,0.03,0.85,1.4,2.44,4.64,-19.2,-39.58,1.0
0.3,0.91,0.03,0.85,1.71,2.75,4.53,-19.36,-39.26,1.0
0.3,0.92,0.02,1.16,1.89,2.93,4.53,-19.36,-39.26,1.0
0.3,0.92,0.02,1.16,1.89,2.93,4.53,-19.36,-39.26,1.0
0.28,0.93,-0.03,3.42,1.65,2.93,4.53,-19.36,-39.26,1.0
0.27,0.95,-0.05,3.42,0.18,3.05,4.04,-18.73,-39.49,1.0
0.27,0.94,-0.02,3.23,-1.1,2.69,4.04,-18.73,-39.49,1.0
0.27,0.94,-0.02,3.23,-1.1,2.69,4.04,-18.73,-39.49,1.0
0.28,0.93,0.02,1.53,-1.59,2.56,4.04,-18.73,-39.49,1.0
0.28,0.94,0.05,-0.18,-1.59,2.5,4.83,-19.06,-39.69,1.0
0.28,0.94,0.05,-0.18,-1.59,2.5,4.83,-19.06,-39.69,1.0
0.28,0.94,0.05,-0.12,-1.59,2.26,4.83,-19.06,-39.69,1.0
0.29,0.93,0.05,0.49,-0.67,2.32,4.83,-19.06,-39.69,1.0
0.29,0.93,0.04,0.55,-0.49,2.56,4.7,-19.27,-38.92,1.0
0.29,0.93,0.04,0.55,-0.49,2.56,4.7,-19.27,-38.92,1.0
0.29,0.93,0.01,0.79,-0.61,2.44,4.7,-19.27,-38.92,1.0
0.29,0.92,0.01,-0.31,-0.98,2.5,4.7,-19.27,-38.92,1.0
0.29,0.93,0.01,-0.67,-1.22,2.5,4.7,-19.27,-38.92,1.0
0.29,0.93,0.01,-0.67,-1.22,2.5,4.7,-19.27,-38.92,1.0
0.28,0.95,0.0,-0.24,-1.4,2.32,4.81,-18.88,-39.07,1.0
0.28,0.97,-0.0,-0.55,-1.34,1.71,4.81,-18.88,-39.07,1.0
0.29,0.97,-0.01,0.67,-1.65,0.73,4.81,-18.88,-39.07,1.0
0.29,0.94,-0.01,1.16,-1.83,0.49,4.68,-18.9,-38.75,1.0
0.29,0.92,-0.0,0.12,-2.14,0.55,4.68,-18.9,-38.75,1.0
0.28,0.93,0.01,0.37,-2.5,0.73,4.68,-18.9,-38.75,1.0
0.28,0.93,0.01,0.37,-2.5,0.73,4.68,-18.9,-38.75,1.0
0.28,0.93,0.02,3.66,-2.81,0.43,4.68,-18.9,-38.75,1.0
0.28,0.92,0.02,5.37,-2.99,0.49,4.87,-19.29,-39.78,1.0
0.28,0.92,0.04,4.64,-2.87,0.79,4.87,-19.29,-39.78,1.0
0.28,0.92,0.04,4.64,-2.87,0.79,4.87,-19.29,-39.78,1.0
0.28,0.93,0.05,3.54,-2.75,1.04,4.87,-19.29,-39.78,1.0
0.28,0.92,0.07,2.08,-1.71,1.4,4.77,-19.59,-39.73,1.0
0.28,0.92,0.07,2.08,-1.71,1.4,4.77,-19.59,-39.73,1.0
0.28,0.91,0.07,-0.06,-0.61,2.14,4.77,-19.59,-39.73,1.0
0.28,0.89,0.07,-1.4,0.12,2.75,4.77,-19.59,-39.73,1.0
0.28,0.9,0.07,-3.78,1.77,3.72,4.13,-18.2,-40.28,1.0
0.28,0.9,0.07,-3.78,1.77,3.72,4.13,-18.2,-40.28,1.0
0.28,0.91,0.06,-4.76,2.87,4.39,4.13,-18.2,-40.28,1.0
0.29,0.92,0.05,-5.68,3.48,4.82,4.13,-18.2,-40.28,1.0
0.29,0.92,0.05,-5.68,3.48,4.82,4.13,-18.2,-40.28,1.0
0.29,0.92,0.05,-5.68,3.48,4.82,4.13,-18.2,-40.28,1.0
0.29,0.94,-0.02,-4.76,3.48,4.39,4.13,-18.2,-40.28,1.0
