0.15,0.55,-0.8,40.1,81.05,21.36,-1.68,-0.55,-32.43,0.0
-0.25,0.78,-1.09,11.66,73.49,27.65,-1.68,-0.55,-32.43,0.0
-0.25,0.78,-1.09,11.66,73.49,27.65,-1.68,-0.55,-32.43,0.0
-0.51,0.98,-1.19,1.77,62.44,26.98,-1.68,-0.55,-32.43,0.0
-0.59,0.98,-1.31,-4.33,28.69,19.17,-2.73,-0.6,-32.2,0.0
-0.43,0.85,-1.35,-3.3,-10.5,9.7,-2.73,-0.6,-32.2,0.0
-0.13,0.69,-1.22,4.7,-48.77,3.17,-2.73,-0.6,-32.2,0.0
-0.13,0.69,-1.22,4.7,-48.77,3.17,-2.73,-0.6,-32.2,0.0
0.03,0.56,-1.14,22.4,-81.18,-2.38,-2.73,-0.6,-32.2,0.0
0.5,0.25,-0.96,29.17,-95.34,-3.42,-2.06,-1.57,-32.15,0.0
0.5,0.25,-0.96,29.17,-95.34,-3.42,-2.06,-1.57,-32.15,0.0
1.14,-0.01,-0.71,32.96,-117.68,-4.03,-2.06,-1.57,-32.15,0.0
1.73,-0.34,-0.4,29.85,-117.86,-4.15,-2.06,-1.57,-32.15,0.0
1.88,-0.48,-0.2,19.71,-88.26,-3.6,-0.65,-2.22,-32.82,0.0
1.83,-0.57,0.09,17.7,-35.58,-2.81,-0.65,-2.22,-32.82,0.0
1.83,-0.57,0.09,17.7,-35.58,-2.81,-0.65,-2.22,-32.82,0.0
1.66,-0.3,0.07,37.48,18.19,-0.43,-0.65,-2.22,-32.82,0.0
1.32,0.11,-0.15,46.08,43.95,2.99,0.02,-1.94,-32.2,0.0
0.82,0.53,-0.46,60.42,84.66,7.39,0.02,-1.94,-32.2,0.0
0.82,0.53,-0.46,60.42,84.66,7.39,0.02,-1.94,-32.2,0.0
0.2,0.82,-0.69,51.57,105.77,11.05,0.02,-1.94,-32.2,0.0
-0.07,0.91,-0.79,18.8,107.42,14.16,-1.56,-2.55,-32.36,0.0
-0.43,1.13,-1.01,1.1,100.16,12.51,-1.56,-2.55,-32.36,0.0
-0.43,1.13,-1.01,1.1,100.16,12.51,-1.56,-2.55,-32.36,0.0
-0.59,1.18,-1.27,-25.21,74.28,6.47,-1.56,-2.55,-32.36,0.0
-0.62,1.06,-1.39,-37.23,33.45,-4.58,-2.2,-2.87,-31.4,0.0
-0.62,1.06,-1.39,-37.23,33.45,-4.58,-2.2,-2.87,-31.4,0.0
-0.31,0.83,-1.29,-32.1,-11.05,-16.85,-2.2,-2.87,-31.4,0.0
-0.13,0.63,-1.22,-23.99,-47.24,-22.89,-2.2,-2.87,-31.4,0.0
0.36,0.26,-1.07,-18.68,-62.26,-23.13,-2.2,-2.87,-31.4,0.0
0.36,0.26,-1.07,-18.68,-62.26,-23.13,-2.2,-2.87,-31.4,0.0
1.01,-0.07,-0.81,-28.26,-88.26,-23.44,-2.01,-2.29,-31.92,0.0
1.59,-0.41,-0.38,-33.75,-96.07,-21.97,-2.01,-2.29,-31.92,0.0
1.71,-0.69,-0.08,-26.37,-70.31,-15.81,-2.01,-2.29,-31.92,0.0
1.71,-0.69,-0.08,-26.37,-70.31,-15.81,-2.01,-2.29,-31.92,0.0
1.4,-0.47,-0.11,-9.77,-0.06,-2.69,-0.76,-1.84,-32.73,0.0
1.4,-0.47,-0.11,-9.77,-0.06,-2.69,-0.76,-1.84,-32.73,0.0
1.11,-0.08,-0.3,15.81,42.18,7.93,-0.76,-1.84,-32.73,0.0
0.91,0.15,-0.39,33.63,60.85,13.37,-0.76,-1.84,-32.73,0.0
0.43,0.41,-0.63,62.68,87.65,22.46,-0.9,-2.43,-31.69,0.0
0.16,0.53,-0.73,58.78,94.91,36.99,-0.9,-2.43,-31.69,0.0
0.16,0.53,-0.73,58.78,94.91,36.99,-0.9,-2.43,-31.69,0.0
-0.3,0.78,-0.91,23.25,97.84,43.15,-0.9,-2.43,-31.69,0.0
-0.57,1.05,-1.17,-16.85,81.42,48.4,-0.9,-2.43,-31.69,0.0
-0.6,1.19,-1.3,-29.79,65.61,44.98,-2.77,-2.62,-31.01,0.0
-0.6,1.19,-1.3,-29.79,65.61,44.98,-2.77,-2.62,-31.01,0.0
-0.52,1.22,-1.43,-26.86,21.24,26.31,-2.77,-2.62,-31.01,0.0
-0.24,0.93,-1.35,-7.08,-26.67,5.37,-2.77,-2.62,-31.01,0.0
-0.01,0.71,-1.28,2.32,-66.41,-7.81,-2.15,-2.71,-31.86,0.0
0.58,0.28,-1.01,-6.29,-97.72,-17.7,-2.15,-2.71,-31.86,0.0
1.31,-0.14,-0.63,-11.17,-106.14,-20.81,-2.15,-2.71,-31.86,0.0
1.87,-0.49,-0.21,-12.21,-97.84,-22.28,-0.92,-2.62,-31.58,0.0
1.86,-0.58,-0.1,-7.81,-51.03,-16.97,-0.92,-2.62,-31.58,0.0
1.86,-0.58,-0.1,-7.81,-51.03,-16.97,-0.92,-2.62,-31.58,0.0
1.61,-0.49,-0.04,-6.16,-22.83,-13.37,-0.92,-2.62,-31.58,0.0
1.46,-0.36,-0.13,0.06,2.87,-8.67,-0.92,-2.62,-31.58,0.0
1.17,0.08,-0.4,20.45,47.18,-5.13,-0.92,-2.65,-32.5,0.0
0.69,0.45,-0.62,44.13,78.8,-0.67,-0.92,-2.65,-32.5,0.0
0.69,0.45,-0.62,44.13,78.8,-0.67,-0.92,-2.65,-32.5,0.0
0.41,0.54,-0.66,47.79,94.3,6.53,-0.92,-2.65,-32.5,0.0
-0.21,0.71,-0.71,40.41,98.39,13.18,-3.12,-3.5,-32.3,0.0
-0.21,0.71,-0.71,40.41,98.39,13.18,-3.12,-3.5,-32.3,0.0
-0.66,0.91,-0.92,16.91,93.26,26.67,-3.12,-3.5,-32.3,0.0
-0.82,1.07,-1.27,-10.31,66.96,31.49,-3.12,-3.5,-32.3,0.0
-0.71,0.96,-1.41,-30.4,21.61,24.11,-3.12,-3.5,-32.3,0.0
-0.54,0.9,-1.39,-28.75,-24.84,16.24,-3.11,-2.04,-32.57,0.0
-0.54,0.9,-1.39,-28.75,-24.84,16.24,-3.11,-2.04,-32.57,0.0
-0.14,0.6,-1.25,-19.41,-46.08,13.43,-3.11,-2.04,-32.57,0.0
0.52,0.28,-1.1,-3.42,-87.1,8.54,-3.11,-2.04,-32.57,0.0
0.88,0.1,-0.92,2.38,-120.73,2.2,-2.12,-1.28,-31.88,0.0
0.88,0.1,-0.92,2.38,-120.73,2.2,-2.12,-1.28,-31.88,0.0
1.67,-0.25,-0.44,7.2,-119.2,-1.4,-2.12,-1.28,-31.88,0.0
1.99,-0.49,-0.01,11.78,-72.57,-0.37,-2.12,-1.28,-31.88,0.0
1.99,-0.49,-0.01,11.78,-72.57,-0.37,-2.12,-1.28,-31.88,0.0
1.72,-0.47,0.08,10.74,-41.75,-0.67,-2.12,-1.28,-31.88,0.0
1.42,-0.09,-0.14,5.25,13.06,-2.5,-0.87,-2.39,-32.4,0.0
1.05,0.51,-0.41,22.77,56.15,-2.2,-0.87,-2.39,-32.4,0.0
1.05,0.51,-0.41,22.77,56.15,-2.2,-0.87,-2.39,-32.4,0.0
0.78,0.67,-0.53,42.18,71.23,-4.58,-0.87,-2.39,-32.4,0.0
0.22,0.81,-0.67,64.88,87.71,-5.0,-1.68,-2.03,-31.46,0.0
-0.27,0.85,-0.78,51.45,91.43,-0.31,-1.68,-2.03,-31.46,0.0
-0.27,0.85,-0.78,51.45,91.43,-0.31,-1.68,-2.03,-31.46,0.0
-0.46,0.95,-0.89,34.91,87.4,4.27,-1.68,-2.03,-31.46,0.0
-0.62,1.03,-1.13,2.62,67.75,8.67,-1.68,-2.03,-31.46,0.0
-0.73,1.12,-1.25,-9.7,52.25,9.28,-2.95,-2.61,-32.37,0.0
-0.73,1.12,-1.25,-9.7,52.25,9.28,-2.95,-2.61,-32.37,0.0
-0.64,1.0,-1.3,-24.29,12.33,6.77,-2.95,-2.61,-32.37,0.0
-0.33,0.81,-1.21,-19.9,-26.55,1.34,-2.95,-2.61,-32.37,0.0
0.09,0.49,-1.08,-2.32,-61.89,-2.62,-3.27,-1.99,-31.98,0.0
0.09,0.49,-1.08,-2.32,-61.89,-2.62,-3.27,-1.99,-31.98,0.0
0.4,0.19,-0.86,7.63,-94.97,-2.99,-3.27,-1.99,-31.98,0.0
1.07,-0.01,-0.7,0.85,-111.88,-2.81,-3.27,-1.99,-31.98,0.0
1.73,-0.33,-0.38,-5.74,-110.41,-1.77,-1.89,-2.01,-32.35,0.0
1.73,-0.33,-0.38,-5.74,-110.41,-1.77,-1.89,-2.01,-32.35,0.0
1.89,-0.42,-0.06,-8.79,-79.35,-0.92,-1.89,-2.01,-32.35,0.0
1.78,-0.28,-0.06,4.94,-24.9,-3.6,-1.89,-2.01,-32.35,0.0
1.78,-0.28,-0.06,4.94,-24.9,-3.6,-1.89,-2.01,-32.35,0.0
1.5,-0.19,-0.15,12.39,2.14,-5.55,-1.89,-2.01,-32.35,0.0
1.23,0.25,-0.39,23.74,51.82,-6.16,-1.67,-1.84,-31.81,0.0
0.8,0.6,-0.65,40.89,85.27,-6.77,-1.67,-1.84,-31.81,0.0
0.55,0.71,-0.71,44.43,98.75,-5.37,-1.67,-1.84,-31.81,0.0
0.55,0.71,-0.71,44.43,98.75,-5.37,-1.67,-1.84,-31.81,0.0
-0.34,0.98,-0.94,3.36,95.52,2.75,-2.95,-2.08,-32.71,0.0
-0.34,0.98,-0.94,3.36,95.52,2.75,-2.95,-2.08,-32.71,0.0
-0.53,1.06,-1.03,-24.54,76.35,4.03,-2.95,-2.08,-32.71,0.0
-0.72,1.11,-1.21,-37.96,40.1,0.79,-4.59,-2.28,-31.31,0.0
-0.72,1.11,-1.21,-37.96,40.1,0.79,-4.59,-2.28,-31.31,0.0
-0.63,0.98,-1.22,-33.39,-5.25,-3.97,-4.59,-2.28,-31.31,0.0
-0.63,0.98,-1.22,-33.39,-5.25,-3.97,-4.59,-2.28,-31.31,0.0
0.17,0.33,-0.91,-6.65,-62.93,-3.85,-4.59,-2.28,-31.31,0.0
0.78,-0.02,-0.68,0.67,-93.81,-5.49,-3.38,-2.29,-32.06,0.0
0.78,-0.02,-0.68,0.67,-93.81,-5.49,-3.38,-2.29,-32.06,0.0
1.13,-0.16,-0.54,0.92,-106.38,-9.4,-3.38,-2.29,-32.06,0.0
1.72,-0.47,-0.27,0.43,-99.3,-10.68,-3.38,-2.29,-32.06,0.0
1.73,-0.54,-0.11,-6.41,-58.11,-8.3,-1.61,-1.79,-32.13,0.0
1.73,-0.54,-0.11,-6.41,-58.11,-8.3,-1.61,-1.79,-32.13,0.0
1.42,-0.32,-0.11,-5.8,-8.91,-8.3,-1.61,-1.79,-32.13,0.0
1.2,0.07,-0.31,11.96,35.03,-8.54,-1.61,-1.79,-32.13,0.0
1.03,0.24,-0.51,33.14,71.11,-5.62,-1.6,-2.98,-32.2,0.0
0.55,0.64,-0.77,27.16,90.21,-2.5,-1.6,-2.98,-32.2,0.0
0.55,0.64,-0.77,27.16,90.21,-2.5,-1.6,-2.98,-32.2,0.0
0.07,0.78,-0.9,-4.46,92.1,3.6,-1.6,-2.98,-32.2,0.0
-0.31,0.91,-0.95,-21.73,87.71,6.71,-1.6,-2.98,-32.2,0.0
-0.51,1.09,-1.15,-29.97,67.38,5.74,-2.59,-3.11,-32.34,0.0
-0.52,1.15,-1.23,-11.41,29.48,-2.81,-2.59,-3.11,-32.34,0.0
-0.52,1.15,-1.23,-11.41,29.48,-2.81,-2.59,-3.11,-32.34,0.0
-0.52,1.15,-1.23,-11.41,29.48,-2.81,-2.59,-3.11,-32.34,0.0
-0.38,0.98,-1.27,2.87,7.32,-7.93,-2.59,-3.11,-32.34,0.0
-0.09,0.65,-1.18,25.15,-35.1,-14.1,-2.65,-2.84,-31.79,0.0
0.11,0.47,-1.1,29.54,-54.14,-14.95,-2.65,-2.84,-31.79,0.0
0.62,0.18,-0.9,27.71,-87.65,-16.6,-2.65,-2.84,-31.79,0.0
0.62,0.18,-0.9,27.71,-87.65,-16.6,-2.65,-2.84,-31.79,0.0
1.2,-0.1,-0.68,21.36,-108.89,-19.9,-2.65,-2.84,-31.79,0.0
1.43,-0.22,-0.54,18.86,-110.23,-21.73,-1.34,-3.03,-31.85,0.0
1.66,-0.32,-0.34,20.26,-87.83,-23.13,-1.34,-3.03,-31.85,0.0
1.66,-0.32,-0.34,20.26,-87.83,-23.13,-1.34,-3.03,-31.85,0.0
1.55,-0.23,-0.31,29.11,-41.69,-21.67,-1.34,-3.03,-31.85,0.0
1.45,-0.16,-0.32,34.42,-16.48,-20.87,-0.54,-4.49,-31.04,0.0
1.24,0.08,-0.36,44.19,29.79,-14.83,-0.54,-4.49,-31.04,0.0
1.08,0.23,-0.39,50.17,65.92,-2.99,-0.54,-4.49,-31.04,0.0
0.62,0.5,-0.5,40.04,83.98,8.73,-1.53,-5.68,-33.29,0.0
0.62,0.5,-0.5,40.04,83.98,8.73,-1.53,-5.68,-33.29,0.0
0.1,0.74,-0.59,18.86,83.56,18.49,-1.53,-5.68,-33.29,0.0
-0.26,1.06,-0.81,6.41,77.39,21.12,-1.53,-5.68,-33.29,0.0
-0.5,1.17,-0.98,-13.49,52.8,16.36,-1.53,-5.68,-33.29,0.0
-0.54,1.18,-1.01,-20.94,36.01,11.72,-2.83,-4.82,-32.59,0.0
-0.54,1.18,-1.01,-20.94,36.01,11.72,-2.83,-4.82,-32.59,0.0
-0.46,1.08,-1.02,-23.25,0.06,0.18,-2.83,-4.82,-32.59,0.0
-0.34,0.94,-1.0,-18.43,-16.6,-4.15,-2.83,-4.82,-32.59,0.0
-0.01,0.61,-0.95,-7.32,-44.86,-8.97,-2.83,-4.82,-32.59,0.0
0.53,0.23,-0.87,-7.93,-69.95,-10.38,-1.73,-4.1,-31.98,0.0
0.53,0.23,-0.87,-7.93,-69.95,-10.38,-1.73,-4.1,-31.98,0.0
1.4,-0.21,-0.53,-21.3,-89.54,-10.74,-1.73,-4.1,-31.98,0.0
1.4,-0.21,-0.53,-21.3,-89.54,-10.74,-1.73,-4.1,-31.98,0.0
1.63,-0.38,-0.34,-7.32,-72.57,-11.9,-0.62,-4.68,-32.25,0.0
1.51,-0.43,-0.28,10.19,-34.61,-11.47,-0.62,-4.68,-32.25,0.0
1.42,-0.37,-0.3,19.35,8.0,-7.51,-0.62,-4.68,-32.25,0.0
1.23,-0.14,-0.36,40.41,44.8,-0.06,-0.62,-4.68,-32.25,0.0
1.23,-0.14,-0.36,40.41,44.8,-0.06,-0.62,-4.68,-32.25,0.0
0.93,0.19,-0.45,53.04,60.61,5.55,-0.57,-5.04,-31.57,0.0
0.5,0.44,-0.56,72.51,81.97,17.58,-0.57,-5.04,-31.57,0.0
0.5,0.44,-0.56,72.51,81.97,17.58,-0.57,-5.04,-31.57,0.0
0.26,0.59,-0.62,67.14,86.43,30.64,-0.57,-5.04,-31.57,0.0
-0.2,0.9,-0.7,56.09,69.64,37.72,-2.73,-6.05,-31.8,0.0
-0.57,1.27,-0.91,49.93,52.98,37.35,-2.73,-6.05,-31.8,0.0
-0.71,1.21,-1.01,39.25,9.34,22.77,-2.73,-6.05,-31.8,0.0
-0.71,1.21,-1.01,39.25,9.34,22.77,-2.73,-6.05,-31.8,0.0
-0.69,1.15,-1.0,18.07,-35.34,4.46,-2.71,-6.41,-32.24,0.0
-0.42,0.89,-0.97,14.34,-68.6,-11.78,-2.71,-6.41,-32.24,0.0
-0.01,0.76,-0.97,16.97,-82.03,-18.37,-2.71,-6.41,-32.24,0.0
0.64,0.41,-0.96,23.19,-106.93,-29.11,-2.71,-6.41,-32.24,0.0
1.05,0.22,-0.9,23.01,-117.86,-33.08,-1.34,-6.38,-32.57,0.0
1.84,-0.06,-0.56,22.09,-126.89,-38.39,-1.34,-6.38,-32.57,0.0
1.84,-0.06,-0.56,22.09,-126.89,-38.39,-1.34,-6.38,-32.57,0.0
1.9,-0.19,-0.18,41.75,-96.62,-38.57,-1.34,-6.38,-32.57,0.0
1.63,-0.31,-0.16,60.18,-45.1,-33.14,0.57,-6.95,-32.4,0.0
1.58,-0.21,-0.11,49.99,-20.08,-27.59,0.57,-6.95,-32.4,0.0
1.58,-0.21,-0.11,49.99,-20.08,-27.59,0.57,-6.95,-32.4,0.0
1.39,0.14,-0.18,38.39,27.77,-13.31,0.57,-6.95,-32.4,0.0
1.26,0.33,-0.19,61.4,64.51,0.18,0.57,-6.95,-32.4,0.0
0.9,0.53,-0.16,76.35,78.31,7.14,-0.82,-8.53,-32.68,0.0
0.9,0.53,-0.16,76.35,78.31,7.14,-0.82,-8.53,-32.68,0.0
0.21,1.02,-0.35,30.27,105.96,38.82,-0.82,-8.53,-32.68,0.0
0.21,1.02,-0.35,30.27,105.96,38.82,-0.82,-8.53,-32.68,0.0
-0.18,1.15,-0.47,3.05,103.76,42.3,-1.43,-8.56,-32.73,0.0
-0.43,1.34,-0.73,-39.67,86.06,39.12,-1.43,-8.56,-32.73,0.0
-0.43,1.48,-0.92,-45.59,57.92,24.78,-1.43,-8.56,-32.73,0.0
-0.38,1.37,-0.94,-22.22,23.07,3.72,-1.43,-8.56,-32.73,0.0
-0.16,0.97,-0.94,-13.12,-7.57,-8.91,-2.33,-7.79,-32.81,0.0
-0.16,0.97,-0.94,-13.12,-7.57,-8.91,-2.33,-7.79,-32.81,0.0
0.16,0.61,-0.86,-15.81,-19.96,-10.8,-2.33,-7.79,-32.81,0.0
0.69,0.31,-0.86,-25.45,-43.76,-10.44,-2.33,-7.79,-32.81,0.0
1.29,-0.08,-0.72,-41.14,-65.67,-10.5,-2.09,-7.37,-31.6,0.0
1.29,-0.08,-0.72,-41.14,-65.67,-10.5,-2.09,-7.37,-31.6,0.0
1.29,-0.08,-0.72,-41.14,-65.67,-10.5,-2.09,-7.37,-31.6,0.0
1.63,-0.25,-0.4,-51.03,-61.34,-9.09,-2.09,-7.37,-31.6,0.0
1.6,-0.29,-0.31,-44.68,-45.84,-7.75,-2.09,-7.37,-31.6,0.0
1.6,-0.29,-0.31,-44.68,-45.84,-7.75,-2.09,-7.37,-31.6,0.0
1.26,-0.18,-0.46,-39.43,33.51,10.68,-1.23,-6.77,-31.47,0.0
1.01,0.29,-0.47,-34.67,67.81,22.64,-1.23,-6.77,-31.47,0.0
1.01,0.29,-0.47,-34.67,67.81,22.64,-1.23,-6.77,-31.47,0.0
0.83,0.49,-0.45,-0.18,90.52,32.29,-1.23,-6.77,-31.47,0.0
0.39,0.64,-0.5,8.12,97.9,37.6,-2.56,-6.88,-31.76,0.0
-0.09,0.8,-0.64,-18.68,104.31,51.15,-2.56,-6.88,-31.76,0.0
-0.09,0.8,-0.64,-18.68,104.31,51.15,-2.56,-6.88,-31.76,0.0
-0.48,1.11,-0.86,-73.97,94.36,58.72,-2.56,-6.88,-31.76,0.0
-0.69,1.24,-1.01,-106.32,65.86,52.06,-4.32,-4.72,-32.13,0.0
-0.66,1.2,-1.06,-98.57,26.86,38.39,-4.32,-4.72,-32.13,0.0
-0.56,1.1,-1.05,-63.35,-13.92,24.84,-4.32,-4.72,-32.13,0.0
-0.56,1.1,-1.05,-63.35,-13.92,24.84,-4.32,-4.72,-32.13,0.0
-0.28,0.69,-0.94,-48.28,-33.2,19.84,-3.47,-3.23,-32.23,0.0
0.06,0.31,-0.82,-48.83,-63.78,19.17,-3.47,-3.23,-32.23,0.0
0.06,0.31,-0.82,-48.83,-63.78,19.17,-3.47,-3.23,-32.23,0.0
0.61,0.09,-0.77,-80.81,-86.43,26.86,-3.47,-3.23,-32.23,0.0
1.53,-0.15,-0.48,-131.04,-103.33,31.8,-2.81,-2.43,-33.0,0.0
1.53,-0.15,-0.48,-131.04,-103.33,31.8,-2.81,-2.43,-33.0,0.0
1.75,-0.22,-0.24,-129.33,-79.22,26.86,-2.81,-2.43,-33.0,0.0
1.52,-0.04,-0.23,-89.42,-28.08,20.32,-2.81,-2.43,-33.0,0.0
1.35,0.03,-0.24,-58.9,-3.78,12.27,-2.21,-0.54,-32.15,0.0
1.35,0.03,-0.24,-58.9,-3.78,12.27,-2.21,-0.54,-32.15,0.0
1.15,0.06,-0.52,1.65,39.73,-5.49,-2.21,-0.54,-32.15,0.0
0.93,0.3,-0.84,22.16,75.32,-14.04,-2.21,-0.54,-32.15,0.0
0.78,0.43,-0.89,23.93,85.45,-15.32,-2.21,-0.54,-32.15,0.0
0.78,0.43,-0.89,23.93,85.45,-15.32,-2.21,-0.54,-32.15,0.0
0.41,0.67,-0.93,26.55,94.79,-13.61,-3.61,-1.28,-32.18,0.0
0.17,0.68,-0.93,31.86,96.37,-7.51,-3.61,-1.28,-32.18,0.0
0.17,0.68,-0.93,31.86,96.37,-7.51,-3.61,-1.28,-32.18,0.0
-0.33,0.63,-0.94,26.25,94.54,-0.55,-3.61,-1.28,-32.18,0.0
-0.33,0.63,-0.94,26.25,94.54,-0.55,-3.61,-1.28,-32.18,0.0
-0.82,0.8,-1.31,-31.62,49.68,20.69,-4.75,-1.25,-32.65,0.0
-0.68,0.87,-1.33,-42.85,3.91,17.64,-4.75,-1.25,-32.65,0.0
-0.68,0.87,-1.33,-42.85,3.91,17.64,-4.75,-1.25,-32.65,0.0
-0.53,0.81,-1.27,-33.51,-18.55,14.47,-4.75,-1.25,-32.65,0.0
-0.22,0.51,-1.11,-0.73,-56.7,9.09,-5.3,-0.79,-30.76,0.0
0.23,0.24,-0.96,20.02,-86.12,7.32,-5.3,-0.79,-30.76,0.0
0.23,0.24,-0.96,20.02,-86.12,7.32,-5.3,-0.79,-30.76,0.0
0.79,0.01,-0.79,21.61,-108.15,4.58,-5.3,-0.79,-30.76,0.0
1.1,-0.09,-0.69,14.89,-115.66,-0.49,-3.11,-0.72,-32.3,0.0
1.69,-0.26,-0.44,12.82,-93.51,-6.59,-3.11,-0.72,-32.3,0.0
1.79,-0.37,-0.22,15.44,-71.04,-8.85,-3.11,-0.72,-32.3,0.0
1.79,-0.37,-0.22,15.44,-71.04,-8.85,-3.11,-0.72,-32.3,0.0
1.64,-0.23,-0.21,31.25,-16.24,-15.32,-2.51,-0.83,-32.23,0.0
1.27,-0.15,-0.33,46.26,28.56,-25.94,-2.51,-0.83,-32.23,0.0
1.04,0.07,-0.62,46.88,47.06,-29.6,-2.51,-0.83,-32.23,0.0
1.04,0.07,-0.62,46.88,47.06,-29.6,-2.51,-0.83,-32.23,0.0
0.73,0.39,-0.84,37.48,73.24,-30.46,-2.98,-1.48,-30.63,0.0
0.32,0.63,-0.85,25.27,83.8,-27.47,-2.98,-1.48,-30.63,0.0
-0.13,0.56,-0.79,9.4,88.13,-19.41,-2.98,-1.48,-30.63,0.0
-0.13,0.56,-0.79,9.4,88.13,-19.41,-2.98,-1.48,-30.63,0.0
-0.32,0.63,-0.82,-21.18,85.94,-4.7,-2.98,-1.48,-30.63,0.0
-0.61,0.76,-0.96,-47.55,68.97,2.69,-4.68,-1.28,-31.3,0.0
-0.68,0.84,-1.14,-55.18,54.57,4.88,-4.68,-1.28,-31.3,0.0
-0.53,0.82,-1.14,-50.72,16.97,4.09,-4.68,-1.28,-31.3,0.0
-0.38,0.74,-1.1,-25.27,-18.43,0.61,-4.88,-1.17,-32.46,0.0
-0.02,0.42,-0.98,-7.02,-47.55,-1.28,-4.88,-1.17,-32.46,0.0
-0.02,0.42,-0.98,-7.02,-47.55,-1.28,-4.88,-1.17,-32.46,0.0
0.49,0.19,-0.88,-2.56,-60.67,-1.4,-4.88,-1.17,-32.46,0.0
1.1,0.0,-0.74,3.97,-81.18,-4.09,-4.27,-1.28,-32.24,0.0
1.1,0.0,-0.74,3.97,-81.18,-4.09,-4.27,-1.28,-32.24,0.0
1.4,-0.09,-0.62,15.14,-80.08,-11.47,-4.27,-1.28,-32.24,0.0
1.4,-0.09,-0.62,15.14,-80.08,-11.47,-4.27,-1.28,-32.24,0.0
1.8,-0.28,-0.41,23.44,-65.12,-14.04,-4.27,-1.28,-32.24,0.0
1.63,-0.26,-0.35,43.4,-17.21,-14.83,-4.27,-1.28,-32.24,0.0
1.41,-0.22,-0.42,52.37,7.08,-16.48,-3.09,-2.43,-32.8,0.0
1.14,-0.0,-0.66,53.28,45.53,-19.35,-3.09,-2.43,-32.8,0.0
0.99,0.15,-0.81,35.22,73.0,-20.57,-3.09,-2.43,-32.8,0.0
0.99,0.15,-0.81,35.22,73.0,-20.57,-3.09,-2.43,-32.8,0.0
0.58,0.45,-0.95,23.99,80.63,-19.29,-4.6,-3.12,-31.91,0.0
0.58,0.45,-0.95,23.99,80.63,-19.29,-4.6,-3.12,-31.91,0.0
0.13,0.73,-0.97,7.57,86.73,-11.54,-4.6,-3.12,-31.91,0.0
-0.3,0.84,-0.96,0.49,84.84,0.61,-4.6,-3.12,-31.91,0.0
-0.3,0.84,-0.96,0.49,84.84,0.61,-4.6,-3.12,-31.91,0.0
-0.49,0.88,-1.01,-11.29,76.6,13.06,-4.6,-3.12,-31.91,0.0
-0.74,0.94,-1.08,-20.63,68.66,17.76,-5.6,-1.71,-32.84,0.0
-0.78,0.88,-1.14,-41.38,41.56,21.79,-5.6,-1.71,-32.84,0.0
-0.78,0.88,-1.14,-41.38,41.56,21.79,-5.6,-1.71,-32.84,0.0
-0.56,0.75,-1.13,-56.15,8.18,23.32,-5.6,-1.71,-32.84,0.0
-0.15,0.51,-1.1,-54.87,-21.12,23.86,-6.23,-1.46,-32.01,0.0
0.1,0.38,-1.08,-43.03,-52.0,23.5,-6.23,-1.46,-32.01,0.0
0.73,0.13,-0.94,-25.51,-79.9,18.74,-6.23,-1.46,-32.01,0.0
1.38,-0.11,-0.67,-14.4,-86.85,14.22,-4.7,-1.5,-32.64,0.0
1.71,-0.33,-0.33,7.81,-72.88,6.71,-4.7,-1.5,-32.64,0.0
1.71,-0.33,-0.33,7.81,-72.88,6.71,-4.7,-1.5,-32.64,0.0
1.64,-0.38,-0.23,28.32,-28.5,5.19,-4.7,-1.5,-32.64,0.0
1.64,-0.38,-0.23,28.32,-28.5,5.19,-4.7,-1.5,-32.64,0.0
1.03,-0.03,-0.68,2.32,49.62,-3.36,-4.72,-1.61,-32.32,0.0
1.03,-0.03,-0.68,2.32,49.62,-3.36,-4.72,-1.61,-32.32,0.0
1.03,-0.03,-0.68,2.32,49.62,-3.36,-4.72,-1.61,-32.32,0.0
0.66,0.27,-0.92,-28.2,68.91,-7.93,-4.72,-1.61,-32.32,0.0
0.27,0.65,-1.01,-32.84,71.96,-9.09,-4.72,-1.61,-32.32,0.0
-0.14,0.79,-1.06,-18.98,71.11,-6.16,-5.58,-1.49,-32.91,0.0
-0.14,0.79,-1.06,-18.98,71.11,-6.16,-5.58,-1.49,-32.91,0.0
-0.53,0.81,-1.08,-6.9,63.9,1.04,-5.58,-1.49,-32.91,0.0
-0.68,0.84,-1.07,-7.08,56.21,3.91,-5.58,-1.49,-32.91,0.0
-0.68,0.84,-1.07,-7.08,56.21,3.91,-5.58,-1.49,-32.91,0.0
-0.77,0.83,-1.07,-12.63,31.25,4.39,-6.18,-1.05,-32.58,0.0
-0.63,0.63,-1.05,-19.1,-3.48,3.97,-6.18,-1.05,-32.58,0.0
-0.37,0.4,-1.01,-19.29,-35.22,8.12,-6.18,-1.05,-32.58,0.0
-0.22,0.3,-0.97,-12.39,-62.5,13.98,-6.18,-1.05,-32.58,0.0
-0.22,0.3,-0.97,-12.39,-62.5,13.98,-6.18,-1.05,-32.58,0.0
0.23,0.16,-0.88,-6.71,-75.81,15.2,-5.74,-0.48,-32.82,0.0
0.76,-0.02,-0.72,9.28,-96.92,12.82,-5.74,-0.48,-32.82,0.0
1.06,-0.12,-0.62,26.98,-103.88,7.32,-5.74,-0.48,-32.82,0.0
1.06,-0.12,-0.62,26.98,-103.88,7.32,-5.74,-0.48,-32.82,0.0
1.65,-0.43,-0.2,47.3,-58.41,-0.24,-4.37,-0.44,-32.91,0.0
1.65,-0.43,-0.2,47.3,-58.41,-0.24,-4.37,-0.44,-32.91,0.0
1.65,-0.43,-0.2,47.3,-58.41,-0.24,-4.37,-0.44,-32.91,0.0
1.52,-0.29,-0.34,50.84,-6.71,-1.28,-4.37,-0.44,-32.91,0.0
1.2,-0.16,-0.49,45.96,14.1,-3.72,-4.37,-0.44,-32.91,0.0
0.94,0.19,-0.8,30.46,45.53,-10.31,-4.05,-1.07,-32.13,0.0
0.59,0.55,-0.94,25.88,62.38,-13.12,-4.05,-1.07,-32.13,0.0
0.59,0.55,-0.94,25.88,62.38,-13.12,-4.05,-1.07,-32.13,0.0
0.4,0.63,-0.92,30.88,65.67,-10.5,-4.05,-1.07,-32.13,0.0
0.01,0.6,-0.82,45.53,65.67,-6.1,-5.76,-2.73,-31.64,0.0
-0.32,0.7,-0.89,41.69,64.82,6.84,-5.76,-2.73,-31.64,0.0
-0.32,0.7,-0.89,41.69,64.82,6.84,-5.76,-2.73,-31.64,0.0
-0.68,0.82,-1.07,-10.99,44.01,22.09,-5.76,-2.73,-31.64,0.0
-0.68,0.82,-1.07,-10.99,44.01,22.09,-5.76,-2.73,-31.64,0.0
-0.68,0.82,-1.07,-10.99,44.01,22.09,-5.76,-2.73,-31.64,0.0
-0.69,0.82,-1.1,-48.46,13.55,23.07,-5.96,-2.12,-32.04,0.0
-0.47,0.75,-1.1,-54.57,-16.17,21.3,-5.96,-2.12,-32.04,0.0
-0.33,0.68,-1.09,-29.11,-42.48,19.41,-5.96,-2.12,-32.04,0.0
-0.33,0.68,-1.09,-29.11,-42.48,19.41,-5.96,-2.12,-32.04,0.0
-0.01,0.48,-1.04,-12.08,-54.14,17.46,-5.3,-1.61,-32.52,0.0
0.43,0.28,-0.96,15.38,-74.46,12.45,-5.3,-1.61,-32.52,0.0
0.43,0.28,-0.96,15.38,-74.46,12.45,-5.3,-1.61,-32.52,0.0
0.69,0.17,-0.91,29.6,-86.61,6.16,-5.3,-1.61,-32.52,0.0
0.69,0.17,-0.91,29.6,-86.61,6.16,-5.3,-1.61,-32.52,0.0
1.26,-0.01,-0.77,31.01,-89.42,1.83,-4.35,-1.72,-32.34,0.0
1.69,-0.21,-0.53,28.56,-81.24,-8.73,-4.35,-1.72,-32.34,0.0
1.69,-0.21,-0.53,28.56,-81.24,-8.73,-4.35,-1.72,-32.34,0.0
1.71,-0.26,-0.4,29.79,-48.4,-17.58,-4.35,-1.72,-32.34,0.0
1.33,-0.18,-0.37,36.32,14.65,-28.32,-4.14,-2.62,-32.01,0.0
0.79,0.34,-0.9,26.06,58.17,-33.2,-4.14,-2.62,-32.01,0.0
0.34,0.61,-0.95,23.01,68.24,-28.38,-4.14,-2.62,-32.01,0.0
0.12,0.72,-0.95,25.33,69.21,-23.56,-4.43,-3.06,-31.08,0.0
0.12,0.72,-0.95,25.33,69.21,-23.56,-4.43,-3.06,-31.08,0.0
0.12,0.72,-0.95,25.33,69.21,-23.56,-4.43,-3.06,-31.08,0.0
-0.3,0.76,-0.9,30.03,65.61,-4.82,-4.43,-3.06,-31.08,0.0
-0.62,0.82,-0.89,17.4,56.03,0.98,-4.43,-3.06,-31.08,0.0
-0.69,0.84,-0.95,-6.1,37.11,10.07,-4.97,-2.8,-31.85,0.0
-0.69,0.84,-0.95,-6.1,37.11,10.07,-4.97,-2.8,-31.85,0.0
-0.68,0.84,-1.08,-26.61,8.0,13.67,-4.97,-2.8,-31.85,0.0
-0.55,0.81,-1.08,-30.7,-6.53,16.48,-4.97,-2.8,-31.85,0.0
-0.3,0.64,-1.04,-22.77,-34.3,17.46,-5.52,-2.86,-32.54,0.0
-0.3,0.64,-1.04,-22.77,-34.3,17.46,-5.52,-2.86,-32.54,0.0
0.08,0.45,-0.98,-6.47,-60.06,18.74,-5.52,-2.86,-32.54,0.0
0.55,0.25,-0.87,6.41,-84.59,17.88,-5.52,-2.86,-32.54,0.0
1.11,0.06,-0.73,14.28,-99.79,14.47,-4.15,-3.08,-32.25,0.0
1.59,-0.13,-0.51,19.53,-99.12,8.0,-4.15,-3.08,-32.25,0.0
1.72,-0.21,-0.4,28.75,-74.58,2.69,-4.15,-3.08,-32.25,0.0
1.59,-0.23,-0.22,35.46,-54.93,-14.95,-4.15,-3.08,-32.25,0.0
1.32,-0.13,-0.29,47.85,-11.6,-2.99,-3.17,-2.66,-31.79,0.0
1.32,-0.13,-0.29,47.85,-11.6,-2.99,-3.17,-2.66,-31.79,0.0
1.09,0.11,-0.52,44.68,27.04,-3.97,-3.17,-2.66,-31.79,0.0
1.09,0.11,-0.52,44.68,27.04,-3.97,-3.17,-2.66,-31.79,0.0
0.78,0.49,-0.82,28.32,56.58,-4.27,-3.17,-2.66,-31.79,0.0
0.78,0.49,-0.82,28.32,56.58,-4.27,-3.17,-2.66,-31.79,0.0
0.56,0.65,-0.88,10.13,66.35,-2.01,-4.06,-4.13,-32.03,0.0
0.14,0.8,-0.79,0.55,66.53,4.03,-4.06,-4.13,-32.03,0.0
-0.19,0.77,-0.69,-3.91,65.43,9.34,-4.06,-4.13,-32.03,0.0
-0.19,0.77,-0.69,-3.91,65.43,9.34,-4.06,-4.13,-32.03,0.0
-0.43,0.86,-0.8,-17.4,62.38,21.0,-5.29,-3.58,-32.71,0.0
-0.59,0.92,-1.04,-35.95,48.16,27.04,-5.29,-3.58,-32.71,0.0
-0.62,0.9,-1.12,-47.06,19.96,27.1,-5.29,-3.58,-32.71,0.0
-0.62,0.9,-1.12,-47.06,19.96,27.1,-5.29,-3.58,-32.71,0.0
-0.53,0.8,-1.15,-63.54,4.7,25.45,-5.29,-3.58,-32.71,0.0
-0.28,0.62,-1.07,-63.42,-25.21,22.28,-4.71,-2.72,-31.84,0.0
0.09,0.42,-0.99,-43.82,-52.0,19.78,-4.71,-2.72,-31.84,0.0
0.09,0.42,-0.99,-43.82,-52.0,19.78,-4.71,-2.72,-31.84,0.0
0.61,0.26,-0.93,-15.69,-75.44,15.87,-4.71,-2.72,-31.84,0.0
0.89,0.06,-0.76,11.78,-91.31,7.45,-3.78,-1.93,-31.81,0.0
1.47,-0.03,-0.64,24.23,-91.92,2.99,-3.78,-1.93,-31.81,0.0
1.47,-0.03,-0.64,24.23,-91.92,2.99,-3.78,-1.93,-31.81,0.0
1.48,-0.17,-0.29,51.82,-34.24,-9.77,-3.25,-2.49,-32.63,0.0
1.48,-0.17,-0.29,51.82,-34.24,-9.77,-3.25,-2.49,-32.63,0.0
1.48,-0.17,-0.29,51.82,-34.24,-9.77,-3.25,-2.49,-32.63,0.0
1.23,-0.04,-0.42,33.87,5.13,-14.47,-3.25,-2.49,-32.63,0.0
1.11,0.08,-0.5,17.88,22.71,-16.48,-3.25,-2.49,-32.63,0.0
0.79,0.47,-0.69,-8.42,52.31,-17.76,-3.25,-2.49,-32.63,0.0
0.79,0.47,-0.69,-8.42,52.31,-17.76,-3.25,-2.49,-32.63,0.0
0.59,0.64,-0.8,-17.27,67.63,-14.28,-3.27,-3.22,-32.37,0.0
0.13,0.84,-1.01,-19.9,65.37,-7.87,-3.27,-3.22,-32.37,0.0
-0.28,0.91,-1.01,-22.4,59.14,-4.39,-3.27,-3.22,-32.37,0.0
-0.5,0.91,-1.0,-28.99,39.67,-0.85,-4.11,-2.28,-32.34,0.0
-0.5,0.91,-1.0,-28.99,39.67,-0.85,-4.11,-2.28,-32.34,0.0
-0.55,0.88,-0.98,-35.16,17.09,0.37,-4.11,-2.28,-32.34,0.0
-0.54,0.83,-0.97,-35.71,-5.92,0.61,-4.11,-2.28,-32.34,0.0
-0.42,0.72,-0.95,-28.69,-31.19,-1.1,-4.05,-1.72,-31.57,0.0
-0.21,0.57,-0.88,-24.9,-44.62,-2.26,-4.05,-1.72,-31.57,0.0
0.12,0.44,-0.88,-22.95,-69.34,-4.52,-4.05,-1.72,-31.57,0.0
0.12,0.44,-0.88,-22.95,-69.34,-4.52,-4.05,-1.72,-31.57,0.0
0.37,0.36,-0.89,-28.32,-95.03,-11.78,-4.05,-1.72,-31.57,0.0
0.89,0.18,-0.72,-29.54,-106.38,-16.66,-2.78,-1.59,-32.36,0.0
0.89,0.18,-0.72,-29.54,-106.38,-16.66,-2.78,-1.59,-32.36,0.0
1.21,0.07,-0.62,-18.68,-119.08,-28.5,-2.78,-1.59,-32.36,0.0
1.21,0.07,-0.62,-18.68,-119.08,-28.5,-2.78,-1.59,-32.36,0.0
1.72,-0.38,-0.22,9.03,-81.3,-43.88,-2.78,-1.59,-32.36,0.0
1.72,-0.38,-0.22,9.03,-81.3,-43.88,-2.78,-1.59,-32.36,0.0
1.72,-0.38,-0.22,9.03,-81.3,-43.88,-2.78,-1.59,-32.36,0.0
1.52,-0.39,-0.3,11.84,-35.46,-52.06,-1.04,-1.42,-32.19,0.0
1.39,-0.23,-0.49,2.14,8.91,-54.63,-1.04,-1.42,-32.19,0.0
0.98,0.21,-0.79,-1.04,64.33,-43.15,-1.97,-1.35,-32.76,0.0
0.58,0.47,-0.95,4.58,79.47,-29.3,-1.97,-1.35,-32.76,0.0
0.58,0.47,-0.95,4.58,79.47,-29.3,-1.97,-1.35,-32.76,0.0
0.39,0.58,-1.01,1.83,78.92,-13.31,-1.97,-1.35,-32.76,0.0
0.01,0.69,-1.06,-15.2,66.96,0.67,-2.75,-0.46,-31.88,0.0
-0.26,0.74,-1.13,-42.6,44.74,10.07,-2.75,-0.46,-31.88,0.0
-0.26,0.74,-1.13,-42.6,44.74,10.07,-2.75,-0.46,-31.88,0.0
-0.35,0.86,-1.26,-55.97,-2.26,13.37,-2.99,-0.67,-31.93,0.0
-0.31,0.79,-1.22,-41.26,-34.36,9.95,-2.99,-0.67,-31.93,0.0
-0.31,0.79,-1.22,-41.26,-34.36,9.95,-2.99,-0.67,-31.93,0.0
-0.13,0.59,-1.11,-32.9,-49.44,7.87,-2.99,-0.67,-31.93,0.0
0.19,0.39,-0.98,-22.03,-76.11,3.23,-2.99,-0.67,-31.93,0.0
0.42,0.27,-0.89,-21.79,-98.45,-2.2,-1.95,0.65,-32.74,0.0
0.42,0.27,-0.89,-21.79,-98.45,-2.2,-1.95,0.65,-32.74,0.0
0.91,-0.01,-0.55,-22.95,-105.53,-4.33,-1.95,0.65,-32.74,0.0
0.91,-0.01,-0.55,-22.95,-105.53,-4.33,-1.95,0.65,-32.74,0.0
1.18,-0.15,-0.38,-23.5,-104.0,-10.38,-1.95,0.65,-32.74,0.0
1.18,-0.15,-0.38,-23.5,-104.0,-10.38,-1.95,0.65,-32.74,0.0
1.54,-0.44,-0.05,-22.09,-93.08,-13.43,-1.95,0.65,-32.74,0.0
1.6,-0.56,-0.01,-23.19,-53.71,-18.01,-0.94,0.82,-32.3,0.0
1.51,-0.59,-0.07,-25.51,-9.83,-21.91,-0.94,0.82,-32.3,0.0
1.51,-0.59,-0.07,-25.51,-9.83,-21.91,-0.94,0.82,-32.3,0.0
0.79,0.04,-0.57,47.73,76.35,-10.56,-0.06,0.01,-32.54,0.0
0.63,0.1,-0.69,56.03,85.33,0.85,-0.06,0.01,-32.54,0.0
0.63,0.1,-0.69,56.03,85.33,0.85,-0.06,0.01,-32.54,0.0
0.24,0.27,-0.88,43.27,92.96,8.48,-1.99,-0.63,-30.91,0.0
-0.13,0.51,-1.08,10.5,87.83,26.31,-1.99,-0.63,-30.91,0.0
-0.33,0.74,-1.35,-19.96,66.96,33.26,-1.99,-0.63,-30.91,0.0
-0.33,0.74,-1.35,-19.96,66.96,33.26,-1.99,-0.63,-30.91,0.0
-0.41,0.84,-1.48,-41.63,32.17,29.17,-1.99,-0.63,-30.91,0.0
-0.37,0.79,-1.37,-41.26,-6.29,20.57,-2.73,1.09,-32.43,0.0
-0.16,0.59,-1.23,-22.89,-39.12,11.96,-2.73,1.09,-32.43,0.0
-0.0,0.47,-1.15,-7.81,-64.45,7.32,-2.73,1.09,-32.43,0.0
-0.0,0.47,-1.15,-7.81,-64.45,7.32,-2.73,1.09,-32.43,0.0
0.43,0.22,-0.95,-5.07,-75.74,5.37,-2.4,0.82,-33.26,0.0
0.89,-0.11,-0.59,-4.82,-91.25,0.98,-2.4,0.82,-33.26,0.0
1.14,-0.26,-0.41,-3.97,-89.78,-2.26,-2.4,0.82,-33.26,0.0
1.52,-0.46,-0.15,-0.92,-79.71,-3.3,-0.72,0.99,-32.37,0.0
1.6,-0.54,-0.06,9.58,-45.72,-6.53,-0.72,0.99,-32.37,0.0
1.52,-0.54,-0.07,19.71,-2.81,-10.74,-0.72,0.99,-32.37,0.0
1.52,-0.54,-0.07,19.71,-2.81,-10.74,-0.72,0.99,-32.37,0.0
1.3,-0.36,-0.18,23.5,16.97,-10.93,-0.72,0.99,-32.37,0.0
1.3,-0.36,-0.18,23.5,16.97,-10.93,-0.72,0.99,-32.37,0.0
1.19,-0.23,-0.24,31.07,35.71,-7.45,-1.0,-0.38,-31.86,0.0
1.19,-0.23,-0.24,31.07,35.71,-7.45,-1.0,-0.38,-31.86,0.0
0.95,0.01,-0.49,55.05,69.03,-4.52,-1.0,-0.38,-31.86,0.0
0.65,0.28,-0.76,59.57,91.37,2.08,-1.0,-0.38,-31.86,0.0
0.46,0.4,-0.86,39.0,96.74,8.79,-1.0,-0.38,-31.86,0.0
0.03,0.58,-1.05,24.48,93.57,13.55,-2.6,-0.18,-31.8,0.0
-0.27,0.79,-1.2,-1.95,75.32,18.62,-2.6,-0.18,-31.8,0.0
-0.39,0.84,-1.36,-17.76,44.43,15.32,-2.6,-0.18,-31.8,0.0
-0.39,0.84,-1.36,-17.76,44.43,15.32,-2.6,-0.18,-31.8,0.0
-0.38,0.84,-1.38,-25.21,9.03,7.08,-3.02,0.34,-32.4,0.0
-0.3,0.71,-1.32,-18.55,-21.24,-1.83,-3.02,0.34,-32.4,0.0
-0.06,0.47,-1.21,-12.7,-46.75,-6.23,-3.02,0.34,-32.4,0.0
0.37,0.22,-1.04,-2.01,-59.81,-7.69,-1.75,-0.52,-32.51,0.0
0.37,0.22,-1.04,-2.01,-59.81,-7.69,-1.75,-0.52,-32.51,0.0
0.87,-0.1,-0.71,8.54,-79.16,-10.25,-1.75,-0.52,-32.51,0.0
1.3,-0.38,-0.34,20.14,-81.48,-11.78,-1.75,-0.52,-32.51,0.0
1.45,-0.48,-0.24,25.09,-71.17,-10.25,-1.75,-0.52,-32.51,0.0
1.45,-0.48,-0.24,25.09,-71.17,-10.25,-1.75,-0.52,-32.51,0.0
1.29,-0.39,-0.28,11.84,9.52,-0.43,-1.35,-0.87,-32.36,0.0
1.29,-0.39,-0.28,11.84,9.52,-0.43,-1.35,-0.87,-32.36,0.0
1.1,-0.06,-0.37,14.53,46.88,2.69,-1.35,-0.87,-32.36,0.0
0.99,0.06,-0.43,26.79,77.94,2.5,-1.65,-0.79,-31.43,0.0
0.75,0.2,-0.61,50.6,86.06,1.28,-1.65,-0.79,-31.43,0.0
0.47,0.33,-0.77,48.58,96.07,-0.92,-1.65,-0.79,-31.43,0.0
0.47,0.33,-0.77,48.58,96.07,-0.92,-1.65,-0.79,-31.43,0.0
0.14,0.46,-0.84,30.15,92.35,-2.14,-2.61,-0.79,-32.03,0.0
-0.14,0.56,-0.94,13.0,76.42,-1.83,-2.61,-0.79,-32.03,0.0
-0.22,0.69,-1.07,6.41,52.31,-2.38,-2.61,-0.79,-32.03,0.0
-0.22,0.69,-1.07,6.41,52.31,-2.38,-2.61,-0.79,-32.03,0.0
-0.29,0.7,-1.13,7.69,24.72,-3.78,-3.64,-1.28,-31.54,0.0
-0.27,0.64,-1.16,9.46,11.47,-4.21,-3.64,-1.28,-31.54,0.0
-0.27,0.64,-1.16,9.46,11.47,-4.21,-3.64,-1.28,-31.54,0.0
0.17,0.35,-1.08,15.5,-27.77,0.06,-3.64,-1.28,-31.54,0.0
0.17,0.35,-1.08,15.5,-27.77,0.06,-3.64,-1.28,-31.54,0.0
0.38,0.3,-1.03,17.21,-45.59,2.5,-2.91,-1.81,-31.87,0.0
0.38,0.3,-1.03,17.21,-45.59,2.5,-2.91,-1.81,-31.87,0.0
0.87,0.16,-0.93,20.2,-52.49,2.01,-2.91,-1.81,-31.87,0.0
1.3,0.03,-0.7,26.37,-58.72,-1.53,-2.91,-1.81,-31.87,0.0
1.44,-0.02,-0.6,31.31,-41.81,-3.85,-2.75,-2.43,-30.98,0.0
1.44,-0.02,-0.6,31.31,-41.81,-3.85,-2.75,-2.43,-30.98,0.0
1.39,-0.07,-0.48,16.48,5.07,-7.81,-2.75,-2.43,-30.98,0.0
1.16,0.16,-0.52,12.08,20.69,-9.03,-2.75,-2.43,-30.98,0.0
1.16,0.16,-0.52,12.08,20.69,-9.03,-2.75,-2.43,-30.98,0.0
0.85,0.41,-0.63,14.59,46.81,-10.8,-3.34,-3.22,-32.57,0.0
0.49,0.51,-0.75,21.61,62.93,-10.68,-3.34,-3.22,-32.57,0.0
0.31,0.54,-0.79,22.22,67.38,-7.93,-3.34,-3.22,-32.57,0.0
0.31,0.54,-0.79,22.22,67.38,-7.93,-3.34,-3.22,-32.57,0.0
-0.07,0.53,-0.87,15.2,71.11,-5.31,-3.34,-3.22,-32.57,0.0
-0.36,0.55,-0.95,1.34,64.03,1.77,-3.96,-3.25,-31.4,0.0
-0.47,0.57,-1.1,-8.36,44.43,10.13,-3.96,-3.25,-31.4,0.0
-0.47,0.57,-1.1,-8.36,44.43,10.13,-3.96,-3.25,-31.4,0.0
-0.45,0.55,-1.14,-14.71,16.3,16.6,-3.96,-3.25,-31.4,0.0
-0.31,0.45,-1.15,-15.32,2.38,20.02,-4.77,-1.95,-31.04,0.0
-0.31,0.45,-1.15,-15.32,2.38,20.02,-4.77,-1.95,-31.04,0.0
-0.08,0.36,-1.14,-9.58,-23.32,25.82,-4.77,-1.95,-31.04,0.0
0.11,0.32,-1.11,7.51,-50.6,27.16,-4.77,-1.95,-31.04,0.0
0.54,0.25,-0.95,32.47,-74.95,23.62,-3.88,-2.67,-31.57,0.0
0.96,0.12,-0.69,57.8,-82.89,17.52,-3.88,-2.67,-31.57,0.0
1.24,-0.0,-0.46,46.45,-77.27,15.44,-3.88,-2.67,-31.57,0.0
1.24,-0.0,-0.46,46.45,-77.27,15.44,-3.88,-2.67,-31.57,0.0
1.3,0.02,-0.34,30.4,-51.88,11.23,-2.2,-3.52,-32.07,0.0
1.19,0.22,-0.31,15.2,-18.8,2.93,-2.2,-3.52,-32.07,0.0
1.12,0.32,-0.35,17.27,12.02,-6.84,-2.2,-3.52,-32.07,0.0
1.12,0.32,-0.35,17.27,12.02,-6.84,-2.2,-3.52,-32.07,0.0
0.94,0.51,-0.43,33.63,25.76,-10.86,-2.2,-3.52,-32.07,0.0
0.83,0.53,-0.5,50.6,48.03,-16.78,-3.21,-3.74,-32.52,0.0
0.56,0.56,-0.64,49.19,57.25,-18.43,-3.21,-3.74,-32.52,0.0
0.56,0.56,-0.64,49.19,57.25,-18.43,-3.21,-3.74,-32.52,0.0
0.56,0.56,-0.64,49.19,57.25,-18.43,-3.21,-3.74,-32.52,0.0
0.43,0.61,-0.77,29.91,69.21,-19.29,-3.21,-3.74,-32.52,0.0
0.15,0.61,-0.83,16.72,70.8,-18.55,-3.21,-3.74,-32.52,0.0
-0.11,0.71,-0.96,-4.46,66.1,-15.14,-4.35,-4.49,-31.85,0.0
-0.11,0.71,-0.96,-4.46,66.1,-15.14,-4.35,-4.49,-31.85,0.0
-0.3,0.74,-1.1,-9.22,49.87,-12.02,-4.35,-4.49,-31.85,0.0
-0.35,0.71,-1.19,-8.0,21.36,-10.19,-4.35,-4.49,-31.85,0.0
-0.34,0.6,-1.2,-5.13,-15.26,-9.16,-4.69,-4.66,-31.21,0.0
-0.16,0.49,-1.12,-2.26,-34.91,-8.3,-4.69,-4.66,-31.21,0.0
0.13,0.35,-1.01,8.06,-67.81,-5.55,-4.69,-4.66,-31.21,0.0
0.57,0.22,-0.93,14.89,-93.69,-3.05,-3.12,-4.76,-32.02,0.0
0.57,0.22,-0.93,14.89,-93.69,-3.05,-3.12,-4.76,-32.02,0.0
1.09,0.14,-0.74,18.62,-107.54,-3.3,-3.12,-4.76,-32.02,0.0
1.3,0.06,-0.64,23.13,-106.02,-3.66,-3.12,-4.76,-32.02,0.0
1.49,-0.03,-0.44,32.65,-84.41,-2.69,-3.12,-4.76,-32.02,0.0
1.49,-0.03,-0.44,32.65,-84.41,-2.69,-3.12,-4.76,-32.02,0.0
1.32,-0.04,-0.32,33.87,-46.57,0.12,-1.77,-5.6,-31.98,0.0
1.15,0.11,-0.37,16.42,-5.8,3.23,-1.77,-5.6,-31.98,0.0
1.02,0.22,-0.44,-5.98,26.37,7.32,-1.77,-5.6,-31.98,0.0
1.02,0.22,-0.44,-5.98,26.37,7.32,-1.77,-5.6,-31.98,0.0
0.74,0.48,-0.59,-14.59,54.69,8.54,-1.94,-4.52,-31.19,0.0
0.4,0.6,-0.69,-24.48,52.98,8.36,-1.94,-4.52,-31.19,0.0
0.09,0.67,-0.81,-25.82,55.85,9.64,-1.94,-4.52,-31.19,0.0
0.09,0.67,-0.81,-25.82,55.85,9.64,-1.94,-4.52,-31.19,0.0
-0.14,0.76,-0.95,-23.19,48.65,10.86,-2.75,-4.9,-32.31,0.0
-0.28,0.79,-1.03,-17.27,30.27,9.64,-2.75,-4.9,-32.31,0.0
-0.28,0.79,-1.03,-17.27,30.27,9.64,-2.75,-4.9,-32.31,0.0
-0.3,0.73,-1.05,-10.74,4.64,7.93,-2.75,-4.9,-32.31,0.0
-0.25,0.67,-1.05,-7.93,-20.14,8.48,-2.75,-4.9,-32.31,0.0
-0.05,0.54,-1.04,-6.65,-31.37,9.16,-3.21,-4.9,-31.57,0.0
-0.05,0.54,-1.04,-6.65,-31.37,9.16,-3.21,-4.9,-31.57,0.0
0.34,0.42,-1.05,-9.16,-52.92,11.6,-3.21,-4.9,-31.57,0.0
0.86,0.31,-0.91,-8.67,-77.82,6.9,-3.21,-4.9,-31.57,0.0
0.86,0.31,-0.91,-8.67,-77.82,6.9,-3.21,-4.9,-31.57,0.0
1.36,0.18,-0.63,4.88,-95.58,-4.39,-1.94,-3.92,-32.4,0.0
1.54,0.09,-0.49,26.55,-88.32,-15.01,-1.94,-3.92,-32.4,0.0
1.57,-0.12,-0.24,32.47,-56.95,-18.98,-1.94,-3.92,-32.4,0.0
1.57,-0.12,-0.24,32.47,-56.95,-18.98,-1.94,-3.92,-32.4,0.0
1.31,-0.21,-0.07,27.04,-36.99,-19.1,-0.74,-4.88,-31.87,0.0
1.12,-0.06,-0.12,6.84,5.43,-13.92,-0.74,-4.88,-31.87,0.0
1.01,0.11,-0.24,-2.99,42.18,-4.03,-0.74,-4.88,-31.87,0.0
0.73,0.53,-0.51,13.98,63.35,1.16,-1.34,-5.04,-32.47,0.0
0.73,0.53,-0.51,13.98,63.35,1.16,-1.34,-5.04,-32.47,0.0
0.35,0.74,-0.72,3.91,67.69,2.44,-1.34,-5.04,-32.47,0.0
-0.05,0.79,-0.79,-4.82,67.99,3.97,-1.34,-5.04,-32.47,0.0
-0.2,0.81,-0.83,-24.29,57.92,5.19,-1.34,-5.04,-32.47,0.0
-0.2,0.81,-0.83,-24.29,57.92,5.19,-1.34,-5.04,-32.47,0.0
-0.34,0.88,-0.95,-33.33,35.95,2.01,-2.73,-4.09,-31.74,0.0
-0.32,0.87,-1.06,-43.27,21.3,-0.85,-2.73,-4.09,-31.74,0.0
-0.19,0.77,-1.09,-36.5,-9.58,-5.55,-2.73,-4.09,-31.74,0.0
-0.09,0.67,-1.08,-28.32,-24.41,-8.24,-2.71,-3.03,-32.23,0.0
-0.09,0.67,-1.08,-28.32,-24.41,-8.24,-2.71,-3.03,-32.23,0.0
0.29,0.44,-1.08,-13.92,-69.46,-12.39,-2.71,-3.03,-32.23,0.0
0.29,0.44,-1.08,-13.92,-69.46,-12.39,-2.71,-3.03,-32.23,0.0
0.8,0.22,-0.91,-7.14,-84.11,-14.65,-2.71,-3.03,-32.23,0.0
1.33,-0.01,-0.62,-0.06,-102.29,-19.9,-1.46,-3.59,-32.56,0.0
1.51,-0.16,-0.46,7.14,-93.69,-22.52,-1.46,-3.59,-32.56,0.0
1.51,-0.16,-0.46,7.14,-93.69,-22.52,-1.46,-3.59,-32.56,0.0
1.57,-0.4,-0.16,6.84,-78.98,-20.81,-1.46,-3.59,-32.56,0.0
1.44,-0.45,-0.06,0.49,-38.21,-14.83,-1.46,-3.59,-32.56,0.0
1.44,-0.45,-0.06,0.49,-38.21,-14.83,-1.46,-3.59,-32.56,0.0
1.19,-0.12,-0.26,-1.53,25.21,0.49,-0.16,-3.86,-31.65,0.0
0.94,0.32,-0.51,17.94,58.41,13.73,-0.16,-3.86,-31.65,0.0
0.94,0.32,-0.51,17.94,58.41,13.73,-0.16,-3.86,-31.65,0.0
0.78,0.5,-0.65,39.18,76.78,20.51,-0.16,-3.86,-31.65,0.0
0.38,0.69,-0.84,38.39,81.54,22.28,-1.2,-3.64,-31.81,0.0
0.38,0.69,-0.84,38.39,81.54,22.28,-1.2,-3.64,-31.81,0.0
0.02,0.76,-0.89,14.83,83.62,23.86,-1.2,-3.64,-31.81,0.0
0.02,0.76,-0.89,14.83,83.62,23.86,-1.2,-3.64,-31.81,0.0
-0.12,0.79,-0.88,-14.04,75.13,24.41,-1.2,-3.64,-31.81,0.0
-0.3,0.95,-0.95,-22.16,66.77,22.58,-2.45,-4.35,-31.7,0.0
-0.3,1.01,-1.09,-21.48,38.39,13.0,-2.45,-4.35,-31.7,0.0
-0.18,0.8,-1.15,-14.47,0.98,0.55,-2.45,-4.35,-31.7,0.0
-0.1,0.68,-1.13,-13.79,-16.48,-3.54,-2.4,-3.98,-31.4,0.0
0.18,0.46,-1.07,-12.51,-48.28,-8.0,-2.4,-3.98,-31.4,0.0
0.18,0.46,-1.07,-12.51,-48.28,-8.0,-2.4,-3.98,-31.4,0.0
0.64,0.26,-0.93,-7.69,-81.73,-12.02,-2.4,-3.98,-31.4,0.0
0.92,0.13,-0.82,-4.03,-96.98,-15.56,-2.4,-3.98,-31.4,0.0
1.44,-0.15,-0.49,0.61,-117.13,-25.21,-1.18,-3.41,-31.95,0.0
1.44,-0.15,-0.49,0.61,-117.13,-25.21,-1.18,-3.41,-31.95,0.0
1.6,-0.29,-0.32,6.35,-108.46,-30.58,-1.18,-3.41,-31.95,0.0
1.56,-0.48,-0.07,7.57,-93.26,-30.7,-1.18,-3.41,-31.95,0.0
1.39,-0.45,-0.1,-0.43,-53.34,-27.59,-1.18,-3.41,-31.95,0.0
1.39,-0.45,-0.1,-0.43,-53.34,-27.59,-1.18,-3.41,-31.95,0.0
1.33,-0.31,-0.17,-6.1,-32.71,-23.44,0.35,-3.36,-32.3,0.0
1.16,0.15,-0.41,-2.26,5.19,-13.61,0.35,-3.36,-32.3,0.0
0.87,0.46,-0.61,21.36,32.47,-7.32,0.35,-3.36,-32.3,0.0
0.87,0.46,-0.61,21.36,32.47,-7.32,0.35,-3.36,-32.3,0.0
0.71,0.54,-0.68,30.76,42.11,-4.88,-0.38,-3.2,-32.54,0.0
0.4,0.61,-0.73,27.77,56.34,-0.18,-0.38,-3.2,-32.54,0.0
0.11,0.68,-0.75,4.64,63.23,7.08,-0.38,-3.2,-32.54,0.0
-0.01,0.77,-0.78,-15.5,60.49,12.76,-0.38,-3.2,-32.54,0.0
-0.17,0.92,-0.99,-20.57,53.16,13.61,-1.72,-3.31,-32.69,0.0
-0.2,0.95,-1.09,-22.83,27.1,10.5,-1.72,-3.31,-32.69,0.0
-0.17,0.9,-1.13,-14.22,-4.76,3.23,-1.72,-3.31,-32.69,0.0
-0.17,0.9,-1.13,-14.22,-4.76,3.23,-1.72,-3.31,-32.69,0.0
0.0,0.67,-1.1,-8.12,-19.1,0.55,-1.72,-3.31,-32.69,0.0
0.14,0.52,-1.06,-3.54,-46.88,-1.53,-1.88,-3.02,-31.25,0.0
0.55,0.25,-0.91,-5.74,-72.08,-2.62,-1.88,-3.02,-31.25,0.0
0.55,0.25,-0.91,-5.74,-72.08,-2.62,-1.88,-3.02,-31.25,0.0
1.04,0.02,-0.65,-5.86,-81.67,-3.17,-1.88,-3.02,-31.25,0.0
1.49,-0.19,-0.39,-2.26,-86.85,-4.27,-0.59,-3.47,-30.91,0.0
1.65,-0.34,-0.16,2.32,-68.66,-5.62,-0.59,-3.47,-30.91,0.0
1.61,-0.36,-0.11,3.42,-51.7,-6.29,-0.59,-3.47,-30.91,0.0
1.61,-0.36,-0.11,3.42,-51.7,-6.29,-0.59,-3.47,-30.91,0.0
1.42,-0.26,-0.11,0.12,-12.88,-6.9,-0.59,-3.47,-30.91,0.0
1.2,-0.03,-0.27,-3.42,24.78,-3.78,-0.68,-4.08,-32.64,0.0
0.93,0.25,-0.5,-0.92,56.46,2.32,-0.68,-4.08,-32.64,0.0
0.61,0.5,-0.74,3.72,76.29,7.63,-0.68,-4.08,-32.64,0.0
0.44,0.58,-0.82,5.0,81.67,10.13,-0.5,-4.04,-32.5,0.0
0.08,0.66,-0.91,0.18,80.2,12.45,-0.5,-4.04,-32.5,0.0
0.08,0.66,-0.91,0.18,80.2,12.45,-0.5,-4.04,-32.5,0.0
-0.22,0.77,-0.97,-10.86,69.21,16.3,-0.5,-4.04,-32.5,0.0
-0.31,0.89,-1.09,-18.62,44.01,15.69,-1.87,-2.88,-31.9,0.0
-0.25,0.81,-1.12,-17.94,8.61,9.77,-1.87,-2.88,-31.9,0.0
-0.25,0.81,-1.12,-17.94,8.61,9.77,-1.87,-2.88,-31.9,0.0
-0.19,0.74,-1.1,-14.47,-23.13,5.92,-1.87,-2.88,-31.9,0.0
-0.19,0.74,-1.1,-14.47,-23.13,5.92,-1.87,-2.88,-31.9,0.0
-0.01,0.58,-1.02,-9.95,-37.66,4.64,-1.73,-2.0,-32.13,0.0
-0.01,0.58,-1.02,-9.95,-37.66,4.64,-1.73,-2.0,-32.13,0.0
0.91,0.15,-0.67,12.76,-94.12,-3.23,-1.73,-2.0,-32.13,0.0
0.91,0.15,-0.67,12.76,-94.12,-3.23,-1.73,-2.0,-32.13,0.0
1.14,-0.1,-0.29,30.15,-102.42,-9.95,-0.21,-4.09,-31.47,0.0
1.53,-0.26,-0.14,42.6,-84.84,-13.06,-0.21,-4.09,-31.47,0.0
1.65,-0.45,0.17,46.88,-66.28,-12.39,-0.21,-4.09,-31.47,0.0
1.65,-0.45,0.17,46.88,-66.28,-12.39,-0.21,-4.09,-31.47,0.0
1.47,-0.43,0.18,44.8,-15.75,-5.31,1.32,-5.04,-32.54,0.0
1.26,-0.14,-0.01,27.77,34.06,6.65,1.32,-5.04,-32.54,0.0
1.03,0.27,-0.26,16.78,75.62,21.97,1.32,-5.04,-32.54,0.0
1.03,0.27,-0.26,16.78,75.62,21.97,1.32,-5.04,-32.54,0.0
0.87,0.4,-0.42,12.76,104.49,29.48,1.32,-5.04,-32.54,0.0
0.53,0.6,-0.68,4.76,112.79,31.43,-0.42,-4.31,-32.71,0.0
0.16,0.74,-0.79,-17.4,118.04,32.71,-0.42,-4.31,-32.71,0.0
0.16,0.74,-0.79,-17.4,118.04,32.71,-0.42,-4.31,-32.71,0.0
-0.16,0.96,-1.07,-29.6,111.08,31.49,-0.42,-4.31,-32.71,0.0
-0.3,1.09,-1.36,-34.67,84.66,23.19,-2.81,-3.45,-31.47,0.0
-0.3,1.07,-1.43,-36.62,41.5,7.57,-2.81,-3.45,-31.47,0.0
-0.2,0.93,-1.41,-34.97,18.49,-0.12,-2.81,-3.45,-31.47,0.0
-0.04,0.68,-1.23,-20.69,-21.18,-10.99,-2.81,-3.45,-31.47,0.0
-0.04,0.68,-1.23,-20.69,-21.18,-10.99,-2.81,-3.45,-31.47,0.0
0.34,0.35,-1.13,-6.65,-53.77,-16.6,-2.49,-3.21,-32.17,0.0
0.87,0.07,-0.87,-7.02,-82.89,-19.47,-2.49,-3.21,-32.17,0.0
0.87,0.07,-0.87,-7.02,-82.89,-19.47,-2.49,-3.21,-32.17,0.0
0.87,0.07,-0.87,-7.02,-82.89,-19.47,-2.49,-3.21,-32.17,0.0
1.13,-0.07,-0.69,-3.6,-95.95,-23.44,-2.49,-3.21,-32.17,0.0
1.41,-0.32,-0.32,4.88,-81.67,-24.17,-1.09,-2.77,-32.54,0.0
1.47,-0.51,-0.11,5.13,-47.06,-20.2,-1.09,-2.77,-32.54,0.0
1.47,-0.51,-0.11,5.13,-47.06,-20.2,-1.09,-2.77,-32.54,0.0
1.44,-0.48,-0.05,-1.53,-26.25,-17.21,-1.09,-2.77,-32.54,0.0
1.28,-0.17,-0.08,7.2,15.01,-8.61,-0.84,-2.62,-31.13,0.0
1.01,0.1,-0.21,36.68,52.8,-0.18,-0.84,-2.62,-31.13,0.0
1.01,0.1,-0.21,36.68,52.8,-0.18,-0.84,-2.62,-31.13,0.0
0.88,0.22,-0.34,43.09,85.33,8.97,-0.84,-2.62,-31.13,0.0
0.55,0.46,-0.61,31.86,96.86,12.7,-2.26,-3.47,-32.43,0.0
0.18,0.77,-0.85,-0.92,105.29,16.24,-2.26,-3.47,-32.43,0.0
-0.14,1.01,-1.07,-18.62,94.06,13.24,-2.26,-3.47,-32.43,0.0
-0.14,1.01,-1.07,-18.62,94.06,13.24,-2.26,-3.47,-32.43,0.0
-0.24,1.07,-1.29,-18.98,65.61,4.27,-4.41,-2.76,-31.48,0.0
-0.24,1.07,-1.29,-18.98,65.61,4.27,-4.41,-2.76,-31.48,0.0
-0.33,1.04,-1.36,-17.21,24.17,-5.8,-4.41,-2.76,-31.48,0.0
-0.28,0.84,-1.35,-15.87,3.05,-10.44,-4.41,-2.76,-31.48,0.0
-0.13,0.58,-1.21,-14.4,-35.1,-15.2,-4.41,-2.76,-31.48,0.0
0.18,0.3,-1.13,-11.05,-66.04,-12.94,-3.02,-2.53,-31.48,0.0
0.18,0.3,-1.13,-11.05,-66.04,-12.94,-3.02,-2.53,-31.48,0.0
0.7,0.05,-0.92,-15.26,-94.91,-9.52,-3.02,-2.53,-31.48,0.0
0.96,-0.08,-0.75,-11.72,-112.0,-8.24,-3.02,-2.53,-31.48,0.0
1.32,-0.28,-0.3,-4.76,-97.35,-7.93,-1.15,-2.59,-32.24,0.0
1.32,-0.28,-0.3,-4.76,-97.35,-7.93,-1.15,-2.59,-32.24,0.0
1.46,-0.44,-0.06,15.26,-94.42,-7.2,-1.15,-2.59,-32.24,0.0
1.46,-0.45,0.04,16.6,-56.52,-6.16,-1.15,-2.59,-32.24,0.0
1.4,-0.34,0.05,12.76,-8.97,-1.53,-1.15,-2.59,-32.24,0.0
1.23,-0.0,-0.03,18.8,13.18,1.65,-0.07,-3.04,-32.25,0.0
0.96,0.18,-0.22,37.05,54.38,8.12,-0.07,-3.04,-32.25,0.0
0.63,0.37,-0.45,31.43,85.08,14.65,-0.07,-3.04,-32.25,0.0
0.63,0.37,-0.45,31.43,85.08,14.65,-0.07,-3.04,-32.25,0.0
0.46,0.5,-0.59,12.15,98.57,18.62,-2.14,-3.22,-31.8,0.0
0.46,0.5,-0.59,12.15,98.57,18.62,-2.14,-3.22,-31.8,0.0
0.13,0.84,-0.94,-2.38,92.35,16.36,-2.14,-3.22,-31.8,0.0
0.13,0.84,-0.94,-2.38,92.35,16.36,-2.14,-3.22,-31.8,0.0
-0.15,0.99,-1.24,-6.29,81.97,12.94,-2.14,-3.22,-31.8,0.0
-0.3,1.06,-1.41,-11.29,50.48,4.21,-3.48,-2.31,-32.58,0.0
-0.31,1.01,-1.44,-11.72,30.88,-0.92,-3.48,-2.31,-32.58,0.0
-0.28,0.93,-1.44,-12.63,-10.31,-8.91,-3.48,-2.31,-32.58,0.0
-0.28,0.93,-1.44,-12.63,-10.31,-8.91,-3.48,-2.31,-32.58,0.0
-0.16,0.74,-1.29,-10.74,-29.72,-11.47,-3.48,-2.31,-32.58,0.0
0.07,0.45,-1.15,-6.65,-61.22,-11.41,-3.34,-1.92,-32.39,0.0
0.45,0.21,-0.92,-13.67,-86.24,-6.41,-3.34,-1.92,-32.39,0.0
0.45,0.21,-0.92,-13.67,-86.24,-6.41,-3.34,-1.92,-32.39,0.0
1.04,-0.1,-0.45,-2.75,-102.91,0.61,-3.34,-1.92,-32.39,0.0
1.04,-0.1,-0.45,-2.75,-102.91,0.61,-3.34,-1.92,-32.39,0.0
1.3,-0.26,-0.15,-10.07,-96.5,1.65,-1.1,-2.67,-31.34,0.0
1.42,-0.32,0.1,4.39,-71.17,2.32,-1.1,-2.67,-31.34,0.0
1.4,-0.28,0.18,23.86,-30.88,3.48,-1.1,-2.67,-31.34,0.0
1.26,-0.13,0.12,42.66,14.16,9.64,0.26,-3.06,-31.51,0.0
1.26,-0.13,0.12,42.66,14.16,9.64,0.26,-3.06,-31.51,0.0
1.15,-0.04,0.04,57.68,57.92,19.23,0.26,-3.06,-31.51,0.0
0.93,0.17,-0.22,55.91,77.27,24.17,0.26,-3.06,-31.51,0.0
0.67,0.44,-0.51,35.89,103.7,31.43,-0.6,-3.88,-31.95,0.0
0.5,0.61,-0.81,13.18,112.24,32.78,-0.6,-3.88,-31.95,0.0
0.5,0.61,-0.81,13.18,112.24,32.78,-0.6,-3.88,-31.95,0.0
0.17,0.89,-0.99,5.0,109.31,31.07,-0.6,-3.88,-31.95,0.0
-0.08,1.04,-1.29,-7.45,89.97,23.44,-0.6,-3.88,-31.95,0.0
-0.19,1.11,-1.5,-14.89,57.07,10.5,-2.21,-4.91,-31.57,0.0
-0.21,1.08,-1.49,-14.71,21.42,-2.81,-2.21,-4.91,-31.57,0.0
-0.17,0.88,-1.38,-6.35,-3.05,-7.32,-2.21,-4.91,-31.57,0.0
-0.1,0.76,-1.3,2.38,-38.76,-13.24,-2.6,-4.35,-30.66,0.0
-0.1,0.76,-1.3,2.38,-38.76,-13.24,-2.6,-4.35,-30.66,0.0
0.08,0.49,-1.11,2.93,-52.98,-13.49,-2.6,-4.35,-30.66,0.0
0.41,0.3,-0.93,-4.58,-75.56,-9.28,-2.6,-4.35,-30.66,0.0
0.6,0.22,-0.82,-11.05,-90.03,-5.49,-2.6,-4.35,-30.66,0.0
0.6,0.22,-0.82,-11.05,-90.03,-5.49,-2.6,-4.35,-30.66,0.0
0.99,0.04,-0.57,-10.31,-93.14,-4.27,-1.17,-3.94,-31.09,0.0
1.25,-0.14,-0.27,-3.36,-89.66,-3.48,-1.17,-3.94,-31.09,0.0
1.33,-0.23,-0.14,1.65,-65.19,-2.81,-1.17,-3.94,-31.09,0.0
1.33,-0.23,-0.14,1.65,-65.19,-2.81,-1.17,-3.94,-31.09,0.0
1.37,-0.3,0.02,10.44,-50.9,14.16,-0.06,-3.44,-30.48,0.0
1.3,-0.18,0.06,20.39,-10.99,2.87,-0.06,-3.44,-30.48,0.0
1.15,0.02,-0.07,35.46,29.97,10.13,-0.06,-3.44,-30.48,0.0
1.04,0.12,-0.17,43.88,66.59,19.23,-0.06,-3.44,-30.48,0.0
0.77,0.36,-0.42,38.33,81.36,23.5,-0.52,-4.97,-32.62,0.0
0.77,0.36,-0.42,38.33,81.36,23.5,-0.52,-4.97,-32.62,0.0
0.43,0.61,-0.65,11.54,97.05,27.28,-0.52,-4.97,-32.62,0.0
0.12,0.85,-0.87,-19.96,94.97,27.22,-0.52,-4.97,-32.62,0.0
0.0,0.92,-0.97,-44.01,77.45,20.87,-1.95,-4.55,-32.09,0.0
0.0,0.92,-0.97,-44.01,77.45,20.87,-1.95,-4.55,-32.09,0.0
-0.18,1.06,-1.23,-51.09,47.3,8.91,-1.95,-4.55,-32.09,0.0
-0.18,1.06,-1.23,-51.09,47.3,8.91,-1.95,-4.55,-32.09,0.0
-0.28,0.97,-1.34,-47.85,28.69,2.87,-1.95,-4.55,-32.09,0.0
-0.25,0.92,-1.3,-43.21,-8.18,-5.43,-1.95,-4.55,-32.09,0.0
-0.25,0.92,-1.3,-43.21,-8.18,-5.43,-1.95,-4.55,-32.09,0.0
-0.1,0.68,-1.14,-23.5,-23.44,-8.24,-2.5,-4.08,-31.79,0.0
-0.02,0.53,-1.07,-11.47,-47.18,-6.1,-2.5,-4.08,-31.79,0.0
0.25,0.3,-0.9,-13.61,-56.7,-3.42,-2.5,-4.08,-31.79,0.0
0.25,0.3,-0.9,-13.61,-56.7,-3.42,-2.5,-4.08,-31.79,0.0
0.66,0.15,-0.7,-20.63,-72.02,2.87,-1.25,-4.24,-32.58,0.0
1.1,-0.03,-0.51,-22.58,-77.82,7.45,-1.25,-4.24,-32.58,0.0
1.1,-0.03,-0.51,-22.58,-77.82,7.45,-1.25,-4.24,-32.58,0.0
1.29,-0.11,-0.41,-22.22,-74.77,8.85,-1.25,-4.24,-32.58,0.0
1.5,-0.24,-0.21,-18.43,-54.69,10.68,0.02,-4.08,-31.63,0.0
1.42,-0.23,-0.15,-9.58,-22.83,10.62,0.02,-4.08,-31.63,0.0
1.42,-0.23,-0.15,-9.58,-22.83,10.62,0.02,-4.08,-31.63,0.0
1.29,-0.08,-0.24,-4.39,10.99,8.61,0.02,-4.08,-31.63,0.0
1.09,0.17,-0.44,-5.07,42.36,7.26,0.02,-4.08,-31.63,0.0
0.97,0.31,-0.55,-8.12,65.19,3.91,-0.88,-3.59,-31.97,0.0
0.97,0.31,-0.55,-8.12,65.19,3.91,-0.88,-3.59,-31.97,0.0
0.7,0.55,-0.81,-9.89,71.78,1.46,-0.88,-3.59,-31.97,0.0
0.37,0.72,-0.93,-11.6,73.55,-3.85,-0.88,-3.59,-31.97,0.0
0.03,0.77,-0.98,-6.35,62.56,-7.87,-2.17,-2.75,-31.62,0.0
-0.2,0.79,-1.08,0.98,41.87,-8.42,-2.17,-2.75,-31.62,0.0
-0.2,0.79,-1.08,0.98,41.87,-8.42,-2.17,-2.75,-31.62,0.0
-0.26,0.78,-1.1,4.82,16.11,-8.24,-2.17,-2.75,-31.62,0.0
-0.26,0.78,-1.1,4.82,16.11,-8.24,-2.17,-2.75,-31.62,0.0
-0.29,0.64,-1.08,4.15,-8.67,-4.27,-2.58,-3.8,-31.91,0.0
-0.23,0.49,-0.98,-4.64,-19.23,-1.28,-2.58,-3.8,-31.91,0.0
-0.23,0.49,-0.98,-4.64,-19.23,-1.28,-2.58,-3.8,-31.91,0.0
-0.07,0.36,-0.89,-14.16,-36.32,8.12,-2.58,-3.8,-31.91,0.0
0.05,0.31,-0.86,-17.7,-50.96,20.26,-2.58,-3.8,-31.91,0.0
0.47,0.26,-0.8,-11.29,-70.19,25.51,-2.37,-2.72,-32.15,0.0
1.03,0.14,-0.67,3.05,-81.24,23.25,-2.37,-2.72,-32.15,0.0
1.03,0.14,-0.67,3.05,-81.24,23.25,-2.37,-2.72,-32.15,0.0
1.52,-0.04,-0.45,12.63,-79.53,19.9,-2.37,-2.72,-32.15,0.0
1.68,-0.21,-0.27,26.0,-58.84,15.56,-0.32,-2.93,-31.62,0.0
1.52,-0.16,-0.2,24.35,-23.74,9.46,-0.32,-2.93,-31.62,0.0
1.43,-0.02,-0.24,18.68,12.33,1.89,-0.32,-2.93,-31.62,0.0
1.26,0.28,-0.49,17.15,28.02,-2.14,-1.07,-3.27,-32.57,0.0
1.26,0.28,-0.49,17.15,28.02,-2.14,-1.07,-3.27,-32.57,0.0
1.03,0.47,-0.75,9.09,51.39,-10.62,-1.07,-3.27,-32.57,0.0
1.03,0.47,-0.75,9.09,51.39,-10.62,-1.07,-3.27,-32.57,0.0
0.9,0.56,-0.83,1.89,62.01,-19.17,-1.07,-3.27,-32.57,0.0
0.6,0.73,-0.96,7.81,59.75,-27.28,-1.07,-3.27,-32.57,0.0
0.26,0.8,-1.03,15.69,54.69,-30.03,-1.9,-3.38,-31.79,0.0
-0.02,0.8,-1.06,22.4,36.8,-32.1,-1.9,-3.38,-31.79,0.0
-0.18,0.76,-1.04,13.79,15.99,-30.03,-1.9,-3.38,-31.79,0.0
-0.24,0.7,-1.0,4.33,5.37,-27.34,-1.42,-3.52,-31.25,0.0
-0.24,0.7,-1.0,4.33,5.37,-27.34,-1.42,-3.52,-31.25,0.0
-0.29,0.67,-0.99,-17.4,-11.47,-18.13,-1.42,-3.52,-31.25,0.0
-0.29,0.64,-1.0,-28.75,-19.29,-13.0,-1.42,-3.52,-31.25,0.0
-0.2,0.58,-0.96,-47.61,-37.6,-4.21,-1.42,-3.52,-31.25,0.0
-0.2,0.58,-0.96,-47.61,-37.6,-4.21,-1.42,-3.52,-31.25,0.0
-0.2,0.58,-0.96,-47.61,-37.6,-4.21,-1.42,-3.52,-31.25,0.0
-0.11,0.47,-0.89,-54.57,-55.42,2.93,-1.82,-2.62,-31.38,0.0
0.16,0.41,-0.86,-53.47,-63.17,6.59,-1.82,-2.62,-31.38,0.0
0.63,0.29,-0.8,-45.96,-78.61,11.78,-1.82,-2.62,-31.38,0.0
0.63,0.29,-0.8,-45.96,-78.61,11.78,-1.82,-2.62,-31.38,0.0
1.16,0.14,-0.62,-23.74,-95.21,7.75,0.11,-1.81,-30.94,0.0
1.41,0.04,-0.3,8.48,-101.68,-2.08,0.11,-1.81,-30.94,0.0
1.41,0.04,-0.3,8.48,-101.68,-2.08,0.11,-1.81,-30.94,0.0
1.61,-0.25,-0.12,22.09,-95.4,-5.92,0.11,-1.81,-30.94,0.0
1.56,-0.53,0.13,24.41,-65.49,-11.84,0.11,-1.81,-30.94,0.0
1.47,-0.51,0.15,-7.2,-21.06,-10.5,1.31,-2.95,-32.04,0.0
1.47,-0.51,0.15,-7.2,-21.06,-10.5,1.31,-2.95,-32.04,0.0
1.3,-0.22,-0.01,-21.67,25.33,-3.42,1.31,-2.95,-32.04,0.0
1.05,0.1,-0.27,2.08,62.74,5.13,1.31,-2.95,-32.04,0.0
0.92,0.18,-0.41,17.52,77.39,10.93,0.29,-3.04,-31.08,0.0
0.64,0.25,-0.62,15.56,101.01,16.42,0.29,-3.04,-31.08,0.0
0.37,0.46,-0.8,5.0,101.99,19.53,0.29,-3.04,-31.08,0.0
0.37,0.46,-0.8,5.0,101.99,19.53,0.29,-3.04,-31.08,0.0
0.1,0.67,-0.9,-2.5,93.26,23.32,-1.01,-2.31,-31.97,0.0
-0.09,0.8,-1.14,2.62,75.07,25.57,-1.01,-2.31,-31.97,0.0
-0.21,0.81,-1.29,-1.59,48.1,22.52,-1.01,-2.31,-31.97,0.0
-0.23,0.79,-1.32,-18.62,16.54,17.4,-1.29,-3.06,-31.34,0.0
-0.23,0.79,-1.32,-18.62,16.54,17.4,-1.29,-3.06,-31.34,0.0
-0.03,0.62,-1.16,-25.15,-28.38,8.48,-1.29,-3.06,-31.34,0.0
-0.03,0.62,-1.16,-25.15,-28.38,8.48,-1.29,-3.06,-31.34,0.0
0.3,0.43,-1.02,-17.76,-52.98,4.52,-1.29,-3.06,-31.34,0.0
0.76,0.23,-0.8,-6.1,-76.17,-0.79,-0.82,-2.28,-31.29,0.0
0.76,0.23,-0.8,-6.1,-76.17,-0.79,-0.82,-2.28,-31.29,0.0
0.99,0.11,-0.65,12.45,-89.97,-8.73,-0.82,-2.28,-31.29,0.0
1.44,-0.12,-0.29,25.15,-82.28,-19.29,-0.82,-2.28,-31.29,0.0
1.7,-0.42,-0.0,51.39,-66.96,-22.46,-0.29,-2.28,-31.77,0.0
1.7,-0.42,-0.0,51.39,-66.96,-22.46,-0.29,-2.28,-31.77,0.0
1.57,-0.53,0.08,59.75,-19.78,-20.08,-0.29,-2.28,-31.77,0.0
1.46,-0.43,0.03,47.79,32.23,-11.96,-0.29,-2.28,-31.77,0.0
1.21,-0.03,-0.21,43.4,72.08,-2.5,0.76,-3.41,-30.82,0.0
0.89,0.34,-0.51,44.37,85.75,-0.06,0.76,-3.41,-30.82,0.0
0.54,0.54,-0.75,35.22,99.12,0.92,0.76,-3.41,-30.82,0.0
0.54,0.54,-0.75,35.22,99.12,0.92,0.76,-3.41,-30.82,0.0
0.23,0.67,-0.89,10.13,97.29,0.49,-1.75,-4.14,-31.14,0.0
0.23,0.67,-0.89,10.13,97.29,0.49,-1.75,-4.14,-31.14,0.0
-0.03,0.89,-1.03,-6.16,84.11,-0.31,-1.75,-4.14,-31.14,0.0
-0.13,0.97,-1.22,-7.02,58.47,-3.6,-1.75,-4.14,-31.14,0.0
-0.29,0.96,-1.26,-13.31,22.09,-7.81,-1.75,-4.14,-31.14,0.0
-0.31,0.89,-1.24,-16.17,3.42,-10.19,-2.32,-3.15,-31.27,0.0
-0.31,0.89,-1.24,-16.17,3.42,-10.19,-2.32,-3.15,-31.27,0.0
-0.24,0.72,-1.11,-17.76,-31.13,-12.63,-2.32,-3.15,-31.27,0.0
-0.08,0.51,-0.96,-16.11,-57.98,-9.64,-2.32,-3.15,-31.27,0.0
0.2,0.33,-0.9,-15.32,-75.62,-2.44,-1.21,-3.23,-30.8,0.0
0.2,0.33,-0.9,-15.32,-75.62,-2.44,-1.21,-3.23,-30.8,0.0
0.62,0.16,-0.75,-19.35,-91.43,4.27,-1.21,-3.23,-30.8,0.0
0.85,0.08,-0.65,-13.43,-100.65,7.2,-1.21,-3.23,-30.8,0.0
1.26,-0.11,-0.38,-5.8,-101.44,6.71,-0.72,-3.22,-33.26,0.0
1.26,-0.11,-0.38,-5.8,-101.44,6.71,-0.72,-3.22,-33.26,0.0
1.51,-0.34,-0.13,13.79,-86.79,5.07,-0.72,-3.22,-33.26,0.0
1.57,-0.37,0.11,24.23,-55.36,1.46,-0.72,-3.22,-33.26,0.0
1.57,-0.37,0.11,24.23,-55.36,1.46,-0.72,-3.22,-33.26,0.0
1.55,-0.29,0.04,38.94,-12.33,-2.62,-0.72,-3.22,-33.26,0.0
1.42,-0.19,-0.02,43.82,31.98,0.79,0.62,-4.04,-32.17,0.0
1.21,0.07,-0.22,43.21,68.79,8.42,0.62,-4.04,-32.17,0.0
1.21,0.07,-0.22,43.21,68.79,8.42,0.62,-4.04,-32.17,0.0
0.94,0.32,-0.49,34.36,86.79,10.86,0.62,-4.04,-32.17,0.0
0.78,0.57,-0.71,15.01,105.29,14.53,-0.63,-3.39,-32.29,0.0
0.46,0.68,-0.82,-3.17,108.58,14.47,-0.63,-3.39,-32.29,0.0
0.12,0.86,-1.01,-8.73,103.88,13.79,-0.63,-3.39,-32.29,0.0
0.12,0.86,-1.01,-8.73,103.88,13.79,-0.63,-3.39,-32.29,0.0
-0.12,1.07,-1.24,-8.36,84.11,10.86,-2.12,-3.5,-31.23,0.0
-0.12,1.07,-1.24,-8.36,84.11,10.86,-2.12,-3.5,-31.23,0.0
-0.27,1.07,-1.35,-0.98,50.6,3.72,-2.12,-3.5,-31.23,0.0
-0.28,0.93,-1.33,-4.15,13.43,-0.06,-2.12,-3.5,-31.23,0.0
-0.28,0.93,-1.33,-4.15,13.43,-0.06,-2.12,-3.5,-31.23,0.0
-0.23,0.87,-1.27,-11.17,-19.29,-0.98,-2.11,-3.98,-31.25,0.0
-0.06,0.69,-1.1,-9.89,-42.72,2.2,-2.11,-3.98,-31.25,0.0
-0.06,0.69,-1.1,-9.89,-42.72,2.2,-2.11,-3.98,-31.25,0.0
0.19,0.47,-0.99,-4.64,-50.6,5.74,-2.11,-3.98,-31.25,0.0
0.61,0.27,-0.86,-7.51,-65.98,11.66,-2.11,-3.98,-31.25,0.0
1.07,0.04,-0.6,-10.99,-78.37,12.76,-1.28,-4.15,-32.18,0.0
1.07,0.04,-0.6,-10.99,-78.37,12.76,-1.28,-4.15,-32.18,0.0
1.25,-0.07,-0.27,-4.76,-75.26,11.47,-1.28,-4.15,-32.18,0.0
1.46,-0.28,-0.16,1.77,-65.31,11.35,-1.28,-4.15,-32.18,0.0
1.47,-0.4,-0.03,6.84,-33.2,11.23,-0.35,-3.92,-32.91,0.0
1.36,-0.27,-0.07,-0.61,7.51,13.06,-0.35,-3.92,-32.91,0.0
1.36,-0.27,-0.07,-0.61,7.51,13.06,-0.35,-3.92,-32.91,0.0
1.04,0.14,-0.32,0.31,73.55,19.53,-0.5,-4.6,-31.96,0.0
1.04,0.14,-0.32,0.31,73.55,19.53,-0.5,-4.6,-31.96,0.0
0.74,0.33,-0.54,-12.08,91.19,21.06,-0.5,-4.6,-31.96,0.0
0.42,0.57,-0.73,-22.46,95.21,20.94,-0.5,-4.6,-31.96,0.0
0.08,0.81,-0.89,-36.99,91.19,17.52,-2.47,-4.28,-32.01,0.0
0.08,0.81,-0.89,-36.99,91.19,17.52,-2.47,-4.28,-32.01,0.0
-0.2,0.98,-1.05,-37.78,72.2,10.13,-2.47,-4.28,-32.01,0.0
-0.36,0.99,-1.18,-33.02,40.59,-0.79,-2.47,-4.28,-32.01,0.0
-0.39,0.92,-1.19,-31.62,22.52,-5.49,-2.47,-4.28,-32.01,0.0
-0.39,0.92,-1.19,-31.62,22.52,-5.49,-2.47,-4.28,-32.01,0.0
-0.34,0.77,-1.15,-31.98,-11.84,-13.43,-2.06,-2.55,-31.52,0.0
-0.21,0.57,-1.01,-29.36,-43.58,-18.31,-2.06,-2.55,-31.52,0.0
0.03,0.34,-0.88,-22.83,-67.44,-18.07,-2.06,-2.55,-31.52,0.0
0.25,0.23,-0.83,-20.2,-92.16,-13.98,-1.61,-2.53,-31.69,0.0
0.25,0.23,-0.83,-20.2,-92.16,-13.98,-1.61,-2.53,-31.69,0.0
0.79,-0.02,-0.68,-18.62,-91.92,-12.63,-1.61,-2.53,-31.69,0.0
1.32,-0.25,-0.36,-16.11,-93.99,-11.23,-1.61,-2.53,-31.69,0.0
1.32,-0.25,-0.36,-16.11,-93.99,-11.23,-1.61,-2.53,-31.69,0.0
1.59,-0.47,-0.1,0.61,-69.95,-8.61,-1.61,-2.53,-31.69,0.0
1.59,-0.53,-0.03,8.61,-49.8,-5.92,-0.96,-2.58,-32.07,0.0
1.48,-0.45,-0.06,15.2,-3.97,-2.01,-0.96,-2.58,-32.07,0.0
1.41,-0.31,-0.18,14.89,18.68,0.43,-0.96,-2.58,-32.07,0.0
1.29,-0.16,-0.31,10.56,59.08,7.02,-1.27,-2.61,-31.68,0.0
1.29,-0.16,-0.31,10.56,59.08,7.02,-1.27,-2.61,-31.68,0.0
1.0,0.19,-0.6,7.87,85.57,11.47,-1.27,-2.61,-31.68,0.0
1.0,0.19,-0.6,7.87,85.57,11.47,-1.27,-2.61,-31.68,0.0
0.64,0.46,-0.83,3.17,93.32,13.0,-1.27,-2.61,-31.68,0.0
0.25,0.64,-0.96,-0.92,97.66,15.08,-1.27,-2.61,-31.68,0.0
-0.09,0.83,-1.14,-2.62,88.2,17.88,-2.87,-2.72,-31.76,0.0
-0.09,0.83,-1.14,-2.62,88.2,17.88,-2.87,-2.72,-31.76,0.0
-0.41,0.96,-1.33,-10.01,24.35,11.54,-2.87,-2.72,-31.76,0.0
-0.41,0.96,-1.33,-10.01,24.35,11.54,-2.87,-2.72,-31.76,0.0
-0.42,0.89,-1.26,-12.39,4.88,7.69,-3.28,-2.31,-32.3,0.0
-0.28,0.7,-1.11,-11.54,-29.17,2.81,-3.28,-2.31,-32.3,0.0
-0.05,0.47,-1.02,-6.59,-54.08,1.77,-3.28,-2.31,-32.3,0.0
-0.05,0.47,-1.02,-6.59,-54.08,1.77,-3.28,-2.31,-32.3,0.0
0.17,0.23,-0.92,-6.84,-75.13,3.6,-2.31,-2.81,-31.51,0.0
0.68,0.12,-0.8,-4.52,-90.76,3.85,-2.31,-2.81,-31.51,0.0
1.23,-0.11,-0.54,-0.43,-93.32,3.78,-2.31,-2.81,-31.51,0.0
1.23,-0.11,-0.54,-0.43,-93.32,3.78,-2.31,-2.81,-31.51,0.0
1.23,-0.11,-0.54,-0.43,-93.32,3.78,-2.31,-2.81,-31.51,0.0
1.54,-0.38,-0.18,26.12,-42.05,6.04,-1.27,-2.76,-32.73,0.0
1.38,-0.24,-0.24,18.43,1.95,8.54,-1.27,-2.76,-32.73,0.0
1.29,-0.08,-0.31,11.05,42.48,11.11,-1.27,-2.76,-32.73,0.0
1.29,-0.08,-0.31,11.05,42.48,11.11,-1.27,-2.76,-32.73,0.0
1.06,0.26,-0.49,13.0,70.98,11.84,-1.12,-2.72,-32.34,0.0
0.73,0.49,-0.68,19.17,79.71,11.23,-1.12,-2.72,-32.34,0.0
0.39,0.67,-0.84,16.36,87.95,8.61,-1.12,-2.72,-32.34,0.0
0.39,0.67,-0.84,16.36,87.95,8.61,-1.12,-2.72,-32.34,0.0
0.07,0.79,-0.93,6.35,82.4,4.82,-2.72,-3.69,-31.97,0.0
-0.06,0.86,-0.99,2.32,66.83,3.11,-2.72,-3.69,-31.97,0.0
