-0.27,0.05,0.89,94.97,28.87,-93.14,9.41,-13.04,-49.74,2.0
-0.04,0.06,0.76,126.22,13.73,-71.72,9.41,-13.04,-49.74,2.0
0.06,0.01,0.68,153.93,-4.94,-44.74,9.41,-13.04,-49.74,2.0
0.25,-0.05,0.52,154.85,-13.0,-30.64,10.16,-11.39,-50.95,2.0
0.25,-0.05,0.52,154.85,-13.0,-30.64,10.16,-11.39,-50.95,2.0
0.51,0.09,0.35,135.19,-28.93,-7.32,10.16,-11.39,-50.95,2.0
0.86,0.34,0.27,106.87,-43.15,3.66,10.16,-11.39,-50.95,2.0
1.22,0.67,0.31,96.01,-50.48,0.61,9.84,-11.47,-52.56,2.0
1.22,0.67,0.31,96.01,-50.48,0.61,9.84,-11.47,-52.56,2.0
1.22,0.67,0.31,96.01,-50.48,0.61,9.84,-11.47,-52.56,2.0
1.22,0.67,0.31,96.01,-50.48,0.61,9.84,-11.47,-52.56,2.0
1.36,0.68,0.31,102.48,-47.97,-3.91,9.84,-11.47,-52.56,2.0
1.5,0.4,0.33,102.17,-30.94,-13.61,9.84,-11.47,-52.56,2.0
1.41,0.21,0.38,52.67,2.32,-18.92,9.84,-11.47,-52.56,2.0
1.33,0.23,0.42,20.08,19.65,-19.04,10.4,-11.3,-53.42,2.0
1.33,0.23,0.42,20.08,19.65,-19.04,10.4,-11.3,-53.42,2.0
1.08,0.15,0.67,-46.57,82.82,-19.35,10.4,-11.3,-53.42,2.0
0.96,0.04,0.75,-48.58,104.06,-15.99,10.95,-11.18,-52.4,2.0
0.9,0.08,0.8,-56.09,121.64,-12.45,10.95,-11.18,-52.4,2.0
0.76,0.07,0.78,-63.42,125.37,-11.17,10.95,-11.18,-52.4,2.0
0.76,0.07,0.78,-63.42,125.37,-11.17,10.95,-11.18,-52.4,2.0
0.64,0.12,0.85,-72.63,125.85,-7.02,10.95,-11.18,-52.4,2.0
0.56,0.14,0.88,-70.86,116.33,-3.78,11.35,-10.9,-49.45,2.0
0.39,0.3,1.03,-59.14,109.38,-3.91,11.35,-10.9,-49.45,2.0
0.39,0.3,1.03,-59.14,109.38,-3.91,11.35,-10.9,-49.45,2.0
0.19,0.37,1.09,-29.66,90.27,-4.39,11.35,-10.9,-49.45,2.0
0.08,0.31,1.12,-1.83,70.98,-3.11,10.96,-10.53,-48.22,2.0
-0.1,0.14,1.18,1.53,62.07,-1.04,10.96,-10.53,-48.22,2.0
-0.23,0.17,1.33,-6.59,45.04,5.0,10.96,-10.53,-48.22,2.0
-0.3,0.24,1.35,-2.99,27.53,7.63,10.96,-10.53,-48.22,2.0
-0.31,0.23,1.3,14.1,7.93,10.5,10.83,-11.44,-48.02,2.0
-0.31,0.23,1.3,14.1,7.93,10.5,10.83,-11.44,-48.02,2.0
-0.27,0.12,1.16,19.53,-0.73,13.12,10.83,-11.44,-48.02,2.0
-0.2,0.1,1.12,22.58,-15.93,17.94,10.83,-11.44,-48.02,2.0
-0.02,0.12,1.06,24.78,-23.25,21.48,11.08,-11.18,-48.56,2.0
-0.02,0.12,1.06,24.78,-23.25,21.48,11.08,-11.18,-48.56,2.0
0.16,0.28,1.0,39.06,-37.17,26.43,11.08,-11.18,-48.56,2.0
0.24,0.38,0.87,63.42,-52.8,26.79,11.08,-11.18,-48.56,2.0
0.44,0.37,0.8,72.81,-61.28,25.51,11.08,-11.18,-48.56,2.0
0.44,0.37,0.8,72.81,-61.28,25.51,11.08,-11.18,-48.56,2.0
0.65,0.24,0.72,78.67,-74.22,23.13,10.62,-11.84,-49.66,2.0
0.85,0.17,0.57,63.84,-78.37,25.39,10.62,-11.84,-49.66,2.0
0.97,0.31,0.51,47.85,-75.13,25.02,10.62,-11.84,-49.66,2.0
1.16,0.54,0.36,50.17,-70.98,23.25,10.9,-11.07,-51.39,2.0
1.32,0.49,0.18,57.19,-53.22,17.64,10.9,-11.07,-51.39,2.0
1.36,0.4,0.13,33.87,-27.1,12.7,10.9,-11.07,-51.39,2.0
1.36,0.4,0.13,33.87,-27.1,12.7,10.9,-11.07,-51.39,2.0
1.41,0.27,0.08,12.15,-12.82,10.25,10.9,-11.07,-51.39,2.0
1.34,0.21,0.09,-26.25,12.57,6.65,11.04,-12.19,-51.01,2.0
1.19,0.15,0.19,-50.9,32.23,4.76,11.04,-12.19,-51.01,2.0
1.11,0.13,0.24,-68.05,45.47,3.23,11.04,-12.19,-51.01,2.0
1.11,0.13,0.24,-68.05,45.47,3.23,11.04,-12.19,-51.01,2.0
0.98,0.14,0.33,-74.89,51.76,0.49,10.74,-12.07,-51.14,2.0
0.87,0.18,0.49,-70.56,47.97,-1.28,10.74,-12.07,-51.14,2.0
0.71,0.21,0.71,-63.35,43.46,-2.44,10.74,-12.07,-51.14,2.0
0.71,0.21,0.71,-63.35,43.46,-2.44,10.74,-12.07,-51.14,2.0
0.17,0.37,1.21,-34.24,13.92,-7.81,10.86,-11.33,-49.38,2.0
-0.11,0.58,1.54,-3.23,-0.12,-17.52,10.86,-11.33,-49.38,2.0
-0.11,0.58,1.54,-3.23,-0.12,-17.52,10.86,-11.33,-49.38,2.0
-0.23,0.56,1.63,46.81,-10.8,-32.78,9.86,-11.4,-49.68,2.0
-0.39,0.22,1.66,66.22,-13.24,-37.05,9.86,-11.4,-49.68,2.0
-0.39,0.22,1.66,66.22,-13.24,-37.05,9.86,-11.4,-49.68,2.0
-0.39,0.22,1.66,66.22,-13.24,-37.05,9.86,-11.4,-49.68,2.0
-0.43,-0.23,1.48,61.52,-13.55,-34.48,9.86,-11.4,-49.68,2.0
-0.31,-0.21,1.27,7.81,-12.94,-21.97,10.44,-11.18,-49.89,2.0
-0.12,0.08,1.09,-24.84,-20.02,-7.75,10.44,-11.18,-49.89,2.0
0.08,0.38,1.04,-4.58,-36.68,-0.85,10.44,-11.18,-49.89,2.0
0.08,0.38,1.04,-4.58,-36.68,-0.85,10.44,-11.18,-49.89,2.0
0.18,0.4,0.99,53.71,-58.65,3.48,10.44,-11.18,-49.89,2.0
0.36,0.22,0.88,77.21,-69.46,7.02,10.49,-10.75,-51.15,2.0
0.57,0.06,0.81,100.95,-87.1,17.82,10.49,-10.75,-51.15,2.0
0.83,0.12,0.84,100.22,-96.62,26.73,10.49,-10.75,-51.15,2.0
0.98,0.2,0.8,100.16,-91.49,26.67,10.66,-10.57,-52.69,2.0
0.98,0.2,0.8,100.16,-91.49,26.67,10.66,-10.57,-52.69,2.0
1.39,0.4,0.67,101.07,-82.28,24.6,10.66,-10.57,-52.69,2.0
1.51,0.48,0.55,94.36,-54.75,16.48,10.66,-10.57,-52.69,2.0
1.57,0.39,0.44,61.4,-20.94,5.55,10.61,-11.21,-54.06,2.0
1.45,0.26,0.28,-3.97,18.49,-4.7,10.61,-11.21,-54.06,2.0
1.45,0.26,0.28,-3.97,18.49,-4.7,10.61,-11.21,-54.06,2.0
1.12,0.47,0.31,-87.59,47.49,-12.33,10.61,-11.21,-54.06,2.0
1.04,0.58,0.4,-114.99,65.98,-25.21,10.61,-11.21,-54.06,2.0
0.91,0.65,0.68,-101.2,72.75,-31.98,11.07,-10.91,-51.99,2.0
0.69,0.24,0.85,-59.75,79.59,-38.27,11.07,-10.91,-51.99,2.0
0.69,0.24,0.85,-59.75,79.59,-38.27,11.07,-10.91,-51.99,2.0
0.45,0.09,1.12,-52.73,82.28,-32.17,11.07,-10.91,-51.99,2.0
0.32,-0.0,1.22,-60.18,83.31,-25.76,11.28,-10.36,-50.65,2.0
0.32,-0.0,1.22,-60.18,83.31,-25.76,11.28,-10.36,-50.65,2.0
0.02,0.09,1.49,-63.78,64.82,-21.55,11.28,-10.36,-50.65,2.0
-0.23,0.21,1.65,-44.31,71.78,-21.91,11.28,-10.36,-50.65,2.0
-0.4,-0.05,1.5,-5.31,56.34,-19.41,11.35,-10.82,-49.83,2.0
-0.41,-0.24,1.3,9.16,38.09,-9.28,11.35,-10.82,-49.83,2.0
-0.41,-0.24,1.3,9.16,38.09,-9.28,11.35,-10.82,-49.83,2.0
-0.33,-0.26,1.2,6.59,19.53,3.42,11.35,-10.82,-49.83,2.0
-0.13,-0.1,1.03,5.49,9.58,10.93,11.35,-10.82,-49.83,2.0
0.07,0.13,0.87,18.37,-12.15,22.71,11.29,-10.23,-49.78,2.0
0.07,0.13,0.87,18.37,-12.15,22.71,11.29,-10.23,-49.78,2.0
0.31,0.29,0.73,46.57,-36.44,28.44,11.29,-10.23,-49.78,2.0
0.46,0.32,0.64,68.12,-57.86,28.44,11.29,-10.23,-49.78,2.0
0.79,0.36,0.43,55.85,-73.12,19.04,11.06,-10.73,-51.03,2.0
1.07,0.39,0.36,36.68,-76.97,10.8,11.06,-10.73,-51.03,2.0
1.33,0.46,0.32,24.54,-69.4,-0.49,11.06,-10.73,-51.03,2.0
1.41,0.35,0.29,24.41,-59.94,-5.86,11.06,-10.73,-51.03,2.0
1.41,0.35,0.29,24.41,-59.94,-5.86,11.06,-10.73,-51.03,2.0
1.41,0.35,0.29,24.41,-59.94,-5.86,11.06,-10.73,-51.03,2.0
1.41,0.35,0.29,24.41,-59.94,-5.86,11.06,-10.73,-51.03,2.0
1.41,0.11,0.21,11.29,-33.14,-12.08,11.3,-10.23,-52.26,2.0
1.36,0.06,0.22,-4.15,-17.82,-12.21,11.3,-10.23,-52.26,2.0
1.18,0.1,0.36,-42.24,13.37,-12.08,11.3,-10.23,-52.26,2.0
1.0,0.21,0.51,-57.62,40.47,-11.41,11.01,-11.17,-50.84,2.0
0.78,0.25,0.77,-48.46,56.46,-11.35,11.01,-11.17,-50.84,2.0
0.5,0.1,1.09,-30.76,63.42,-12.02,11.01,-11.17,-50.84,2.0
0.5,0.1,1.09,-30.76,63.42,-12.02,11.01,-11.17,-50.84,2.0
0.34,0.06,1.29,-27.28,63.66,-10.86,11.01,-11.17,-50.84,2.0
0.01,0.1,1.6,-20.63,59.81,-10.01,11.13,-10.84,-50.23,2.0
-0.29,0.14,1.63,2.75,46.69,-9.83,11.13,-10.84,-50.23,2.0
-0.4,0.04,1.4,21.67,34.79,-9.58,11.13,-10.84,-50.23,2.0
-0.4,0.04,1.4,21.67,34.79,-9.58,11.13,-10.84,-50.23,2.0
-0.35,-0.03,1.26,17.4,26.31,-9.28,10.78,-8.84,-50.26,2.0
-0.11,0.16,1.08,-4.7,5.0,-4.33,10.78,-8.84,-50.26,2.0
0.11,0.2,0.93,1.65,-18.68,-1.46,10.78,-8.84,-50.26,2.0
0.31,0.23,0.78,20.57,-45.72,3.36,10.84,-9.31,-51.39,2.0
0.45,0.2,0.67,29.24,-57.92,5.68,10.84,-9.31,-51.39,2.0
0.69,0.16,0.52,34.3,-76.29,9.46,10.84,-9.31,-51.39,2.0
0.69,0.16,0.52,34.3,-76.29,9.46,10.84,-9.31,-51.39,2.0
0.87,0.17,0.4,30.58,-81.48,12.82,10.84,-9.31,-51.39,2.0
1.01,0.16,0.23,12.33,-69.52,18.13,10.85,-10.27,-51.92,2.0
1.07,0.19,0.2,9.7,-49.13,25.82,10.85,-10.27,-51.92,2.0
1.07,0.19,0.2,9.7,-49.13,25.82,10.85,-10.27,-51.92,2.0
1.16,0.07,0.11,-11.9,-24.96,30.4,10.85,-10.27,-51.92,2.0
1.1,-0.01,0.11,-18.25,-13.18,31.49,10.49,-11.08,-51.97,2.0
0.98,0.23,0.28,-40.28,7.87,26.18,10.49,-11.08,-51.97,2.0
0.85,0.21,0.41,-39.06,23.32,23.01,10.49,-11.08,-51.97,2.0
0.85,0.21,0.41,-39.06,23.32,23.01,10.49,-11.08,-51.97,2.0
0.71,0.26,0.72,-38.27,27.59,14.4,10.8,-11.3,-51.72,2.0
0.6,0.29,0.95,-32.47,22.22,3.72,10.8,-11.3,-51.72,2.0
0.6,0.29,0.95,-32.47,22.22,3.72,10.8,-11.3,-51.72,2.0
0.3,0.33,1.35,-26.37,17.03,-1.34,10.8,-11.3,-51.72,2.0
-0.11,0.38,1.74,-4.09,6.59,-11.17,10.28,-11.44,-51.18,2.0
-0.41,0.21,1.81,28.32,-1.28,-22.89,10.28,-11.44,-51.18,2.0
-0.41,0.21,1.81,28.32,-1.28,-22.89,10.28,-11.44,-51.18,2.0
-0.46,-0.06,1.64,39.98,-6.59,-24.35,10.28,-11.44,-51.18,2.0
-0.46,-0.06,1.64,39.98,-6.59,-24.35,10.28,-11.44,-51.18,2.0
-0.46,-0.06,1.64,39.98,-6.59,-24.35,10.28,-11.44,-51.18,2.0
-0.25,-0.09,1.37,22.89,-12.02,-15.56,10.08,-10.14,-51.95,2.0
-0.09,-0.0,1.24,7.87,-20.08,-4.09,10.08,-10.14,-51.95,2.0
0.21,0.2,1.04,14.28,-34.36,1.59,10.08,-10.14,-51.95,2.0
0.53,0.39,0.83,25.33,-42.24,0.31,10.08,-10.14,-51.95,2.0
0.53,0.39,0.83,25.33,-42.24,0.31,10.08,-10.14,-51.95,2.0
0.76,0.45,0.62,51.51,-57.8,-0.49,10.38,-10.17,-52.39,2.0
1.08,0.36,0.44,57.74,-62.38,-8.36,10.38,-10.17,-52.39,2.0
1.01,0.49,0.47,58.41,-55.36,-16.3,10.38,-10.17,-52.39,2.0
1.17,0.42,0.37,60.73,-46.2,-20.39,10.3,-10.61,-53.96,2.0
1.16,0.11,0.3,59.2,-19.53,-29.79,10.3,-10.61,-53.96,2.0
1.16,0.11,0.3,59.2,-19.53,-29.79,10.3,-10.61,-53.96,2.0
0.99,-0.17,0.28,21.67,9.52,-22.71,10.3,-10.61,-53.96,2.0
0.92,-0.17,0.29,-29.91,38.57,-8.18,10.62,-10.36,-53.41,2.0
0.84,-0.07,0.34,-66.1,57.5,3.6,10.62,-10.36,-53.41,2.0
0.84,-0.07,0.34,-66.1,57.5,3.6,10.62,-10.36,-53.41,2.0
0.84,-0.07,0.34,-66.1,57.5,3.6,10.62,-10.36,-53.41,2.0
0.72,0.18,0.58,-73.18,63.42,9.09,10.62,-10.36,-53.41,2.0
0.52,0.32,0.93,-60.24,63.23,8.12,10.62,-10.36,-53.41,2.0
0.22,0.24,1.24,-31.13,55.3,3.54,10.96,-10.57,-51.37,2.0
-0.13,0.05,1.43,-12.33,40.04,0.37,10.96,-10.57,-51.37,2.0
-0.27,-0.02,1.47,-10.86,31.74,0.79,10.96,-10.57,-51.37,2.0
-0.42,-0.0,1.52,-14.71,15.26,1.16,11.02,-10.06,-51.73,2.0
-0.42,-0.0,1.52,-14.71,15.26,1.16,11.02,-10.06,-51.73,2.0
-0.37,-0.06,1.37,-17.76,-2.93,7.93,11.02,-10.06,-51.73,2.0
-0.18,0.11,1.18,-17.64,-21.55,15.08,11.02,-10.06,-51.73,2.0
0.06,0.17,1.0,0.98,-42.3,21.85,10.97,-9.91,-52.49,2.0
0.33,0.19,0.86,18.25,-63.48,27.95,10.97,-9.91,-52.49,2.0
0.33,0.19,0.86,18.25,-63.48,27.95,10.97,-9.91,-52.49,2.0
0.5,0.22,0.8,30.7,-80.38,29.85,10.97,-9.91,-52.49,2.0
0.76,0.33,0.74,40.65,-85.39,27.53,10.97,-9.91,-52.49,2.0
0.76,0.33,0.74,40.65,-85.39,27.53,10.97,-9.91,-52.49,2.0
0.76,0.33,0.74,40.65,-85.39,27.53,10.97,-9.91,-52.49,2.0
1.05,0.27,0.66,57.19,-85.57,22.52,10.95,-11.18,-53.26,2.0
1.19,0.22,0.56,55.24,-67.63,13.37,10.95,-11.18,-53.26,2.0
1.18,0.16,0.5,28.08,-35.4,5.62,10.95,-11.18,-53.26,2.0
1.11,0.19,0.5,-11.29,0.55,2.62,10.52,-10.68,-53.08,2.0
1.04,0.2,0.53,-42.18,34.18,-0.12,10.52,-10.68,-53.08,2.0
0.92,0.23,0.54,-52.25,48.52,-0.92,10.52,-10.68,-53.08,2.0
0.92,0.23,0.54,-52.25,48.52,-0.92,10.52,-10.68,-53.08,2.0
0.78,0.23,0.61,-60.73,69.7,-2.32,11.01,-10.88,-53.59,2.0
0.64,0.14,0.71,-59.14,78.98,-2.81,11.01,-10.88,-53.59,2.0
0.54,0.12,0.97,-58.29,75.74,-1.28,11.01,-10.88,-53.59,2.0
0.54,0.12,0.97,-58.29,75.74,-1.28,11.01,-10.88,-53.59,2.0
0.28,0.16,1.11,-48.71,63.72,-0.12,10.55,-11.56,-51.84,2.0
0.01,0.22,1.35,-39.86,54.87,-0.73,10.55,-11.56,-51.84,2.0
-0.24,0.18,1.47,-16.54,36.44,-2.44,10.55,-11.56,-51.84,2.0
-0.24,0.18,1.47,-16.54,36.44,-2.44,10.55,-11.56,-51.84,2.0
-0.36,0.1,1.48,-0.37,18.8,-2.01,10.55,-11.56,-51.84,2.0
-0.34,0.04,1.43,3.05,10.25,-0.06,11.05,-11.63,-51.32,2.0
-0.21,0.02,1.25,2.08,-6.71,6.96,11.05,-11.63,-51.32,2.0
-0.01,0.08,1.05,-0.43,-22.83,17.64,11.05,-11.63,-51.32,2.0
0.09,0.12,0.98,7.51,-39.61,27.22,10.62,-11.22,-50.74,2.0
0.36,0.17,0.85,22.52,-54.87,35.34,10.62,-11.22,-50.74,2.0
0.36,0.17,0.85,22.52,-54.87,35.34,10.62,-11.22,-50.74,2.0
0.36,0.17,0.85,22.52,-54.87,35.34,10.62,-11.22,-50.74,2.0
0.36,0.17,0.85,22.52,-54.87,35.34,10.62,-11.22,-50.74,2.0
0.62,0.28,0.8,36.01,-60.79,36.25,10.62,-11.22,-50.74,2.0
0.89,0.24,0.71,67.99,-62.5,35.83,10.62,-11.22,-50.74,2.0
1.07,0.17,0.55,80.44,-47.67,31.98,10.34,-11.96,-52.92,2.0
1.07,0.17,0.55,80.44,-47.67,31.98,10.34,-11.96,-52.92,2.0
1.13,0.1,0.43,70.8,-35.03,29.72,10.34,-11.96,-52.92,2.0
1.02,0.18,0.23,24.84,-11.29,31.07,9.58,-11.88,-52.87,2.0
0.99,0.51,0.34,-41.08,12.27,20.08,9.58,-11.88,-52.87,2.0
0.99,0.77,0.49,-57.8,33.94,11.96,9.58,-11.88,-52.87,2.0
0.99,0.77,0.49,-57.8,33.94,11.96,9.58,-11.88,-52.87,2.0
0.99,0.77,0.49,-57.8,33.94,11.96,9.58,-11.88,-52.87,2.0
0.82,0.59,0.56,-36.68,53.47,-2.08,9.58,-11.88,-52.87,2.0
0.82,0.59,0.56,-36.68,53.47,-2.08,9.58,-11.88,-52.87,2.0
0.73,0.45,0.58,-31.68,64.94,-9.89,10.12,-12.77,-52.2,2.0
0.55,0.22,0.7,-39.12,68.3,-11.17,10.12,-12.77,-52.2,2.0
0.55,0.22,0.7,-39.12,68.3,-11.17,10.12,-12.77,-52.2,2.0
0.46,0.23,0.79,-57.8,66.04,-11.96,10.12,-12.77,-52.2,2.0
0.27,0.31,1.15,-55.79,64.7,-13.67,10.12,-12.77,-52.2,2.0
0.04,0.24,1.32,-35.4,51.27,-14.53,9.66,-12.04,-50.78,2.0
-0.18,0.18,1.41,-11.17,35.46,-13.73,9.66,-12.04,-50.78,2.0
-0.23,0.07,1.4,9.16,20.02,-10.5,9.66,-12.04,-50.78,2.0
-0.24,-0.12,1.24,11.35,10.93,-5.37,10.18,-12.19,-50.45,2.0
-0.24,-0.12,1.24,11.35,10.93,-5.37,10.18,-12.19,-50.45,2.0
-0.11,-0.15,1.05,2.01,-5.68,7.57,10.18,-12.19,-50.45,2.0
0.04,-0.05,0.89,-6.96,-22.77,23.68,10.18,-12.19,-50.45,2.0
0.13,0.16,0.82,0.55,-40.41,38.27,10.52,-12.52,-50.89,2.0
0.13,0.16,0.82,0.55,-40.41,38.27,10.52,-12.52,-50.89,2.0
0.36,0.23,0.78,31.37,-55.97,45.9,10.52,-12.52,-50.89,2.0
0.6,0.34,0.72,49.5,-62.38,47.3,10.52,-12.52,-50.89,2.0
0.81,0.42,0.65,81.6,-67.99,44.56,10.52,-12.52,-50.89,2.0
0.81,0.42,0.65,81.6,-67.99,44.56,10.52,-12.52,-50.89,2.0
0.92,0.47,0.61,94.79,-60.91,33.33,9.28,-12.68,-53.02,2.0
0.93,0.47,0.61,87.71,-52.25,27.59,9.28,-12.68,-53.02,2.0
0.91,0.47,0.58,47.12,-32.59,16.6,9.28,-12.68,-53.02,2.0
0.91,0.47,0.58,47.12,-32.59,16.6,9.28,-12.68,-53.02,2.0
0.91,0.47,0.58,47.12,-32.59,16.6,9.28,-12.68,-53.02,2.0
0.91,0.58,0.65,-2.99,-11.23,5.74,9.64,-12.32,-51.86,2.0
0.92,0.51,0.71,-26.43,13.73,-4.94,9.64,-12.32,-51.86,2.0
0.88,0.47,0.71,-35.95,26.37,-9.28,9.64,-12.32,-51.86,2.0
0.77,0.44,0.68,-49.74,47.3,-14.89,9.64,-12.32,-51.86,2.0
0.58,0.15,0.74,-60.24,64.45,-19.96,9.07,-12.41,-51.92,2.0
0.58,0.15,0.74,-60.24,64.45,-19.96,9.07,-12.41,-51.92,2.0
0.38,0.12,0.87,-64.88,61.46,-18.43,9.07,-12.41,-51.92,2.0
0.17,0.13,1.02,-54.93,49.56,-13.98,9.56,-12.12,-49.46,2.0
0.07,0.1,1.07,-32.35,30.64,-9.52,9.56,-12.12,-49.46,2.0
-0.12,0.11,1.2,-4.21,11.29,-5.07,9.56,-12.12,-49.46,2.0
-0.12,0.11,1.2,-4.21,11.29,-5.07,9.56,-12.12,-49.46,2.0
-0.23,-0.06,1.25,20.39,-3.48,3.78,9.55,-11.78,-50.28,2.0
-0.23,-0.24,1.17,23.93,-10.19,12.21,9.55,-11.78,-50.28,2.0
-0.1,-0.17,1.07,17.94,-22.28,32.04,9.55,-11.78,-50.28,2.0
-0.1,-0.17,1.07,17.94,-22.28,32.04,9.55,-11.78,-50.28,2.0
0.2,0.2,0.87,20.63,-41.26,54.5,9.36,-12.52,-50.79,2.0
0.41,0.28,0.48,30.4,-55.66,57.43,9.36,-12.52,-50.79,2.0
0.41,0.28,0.48,30.4,-55.66,57.43,9.36,-12.52,-50.79,2.0
0.67,1.03,0.68,6.04,-72.08,46.02,9.36,-12.52,-50.79,2.0
0.9,1.29,0.75,57.74,-73.61,9.89,8.75,-14.06,-51.76,2.0
1.15,0.82,0.63,89.66,-71.35,-5.74,8.75,-14.06,-51.76,2.0
1.15,0.82,0.63,89.66,-71.35,-5.74,8.75,-14.06,-51.76,2.0
1.03,0.36,0.63,97.41,-53.41,-21.91,8.75,-14.06,-51.76,2.0
1.03,0.36,0.63,97.41,-53.41,-21.91,8.75,-14.06,-51.76,2.0
0.93,0.23,0.67,76.66,-39.31,-24.78,8.75,-14.06,-51.76,2.0
0.88,0.14,0.72,15.56,-7.26,-24.17,9.08,-13.05,-52.61,2.0
0.88,0.14,0.72,15.56,-7.26,-24.17,9.08,-13.05,-52.61,2.0
0.75,0.36,0.86,-61.83,51.33,-11.66,9.08,-13.05,-52.61,2.0
0.75,0.36,0.86,-61.83,51.33,-11.66,9.08,-13.05,-52.61,2.0
0.69,0.36,0.88,-61.58,66.77,-13.18,8.96,-12.55,-51.9,2.0
0.69,0.36,0.88,-61.58,66.77,-13.18,8.96,-12.55,-51.9,2.0
0.47,0.37,1.0,-46.02,68.54,-17.27,8.96,-12.55,-51.9,2.0
0.47,0.37,1.0,-46.02,68.54,-17.27,8.96,-12.55,-51.9,2.0
0.22,0.28,1.21,-29.91,68.05,-20.87,8.96,-12.55,-51.9,2.0
-0.04,0.07,1.21,-5.25,56.27,-21.36,9.39,-12.57,-50.99,2.0
-0.21,-0.05,1.22,0.79,42.11,-16.66,9.39,-12.57,-50.99,2.0
-0.24,-0.06,1.19,-1.22,29.05,-10.56,9.39,-12.57,-50.99,2.0
-0.24,-0.06,1.19,-1.22,29.05,-10.56,9.39,-12.57,-50.99,2.0
-0.2,0.1,1.17,-1.4,21.36,-7.81,9.3,-12.5,-50.77,2.0
-0.1,0.2,1.05,1.89,-10.93,-1.34,9.3,-12.5,-50.77,2.0
0.06,0.32,0.94,5.25,-12.94,-0.12,9.3,-12.5,-50.77,2.0
0.3,0.38,0.8,22.64,-30.64,-0.98,9.3,-12.5,-50.77,2.0
0.3,0.38,0.8,22.64,-30.64,-0.98,9.3,-12.5,-50.77,2.0
0.61,0.29,0.62,46.81,-45.04,-1.46,9.84,-12.21,-52.39,2.0
0.61,0.29,0.62,46.81,-45.04,-1.46,9.84,-12.21,-52.39,2.0
0.61,0.29,0.62,46.81,-45.04,-1.46,9.84,-12.21,-52.39,2.0
0.61,0.29,0.62,46.81,-45.04,-1.46,9.84,-12.21,-52.39,2.0
0.89,0.26,0.5,53.16,-49.07,-4.33,9.84,-12.21,-52.39,2.0
1.0,0.27,0.44,54.32,-46.57,-5.43,9.84,-12.21,-52.39,2.0
1.0,0.27,0.44,54.32,-46.57,-5.43,9.84,-12.21,-52.39,2.0
1.1,0.26,0.36,48.1,-33.63,-8.36,10.14,-12.46,-52.11,2.0
1.09,0.17,0.34,29.54,-13.73,-12.27,10.14,-12.46,-52.11,2.0
0.93,0.14,0.38,-29.11,28.81,-8.06,10.35,-12.29,-52.55,2.0
0.93,0.14,0.38,-29.11,28.81,-8.06,10.35,-12.29,-52.55,2.0
0.67,0.33,0.68,-51.33,50.48,-3.97,10.35,-12.29,-52.55,2.0
0.47,0.34,0.95,-43.7,51.64,-6.16,10.35,-12.29,-52.55,2.0
0.47,0.34,0.95,-43.7,51.64,-6.16,10.35,-12.29,-52.55,2.0
0.47,0.34,0.95,-43.7,51.64,-6.16,10.35,-12.29,-52.55,2.0
0.47,0.34,0.95,-43.7,51.64,-6.16,10.35,-12.29,-52.55,2.0
0.23,0.33,1.22,-27.95,43.64,-9.03,9.62,-12.87,-51.17,2.0
0.09,0.3,1.32,-8.24,31.56,-12.82,9.62,-12.87,-51.17,2.0
0.09,0.3,1.32,-8.24,31.56,-12.82,9.62,-12.87,-51.17,2.0
-0.16,0.19,1.39,-2.26,25.39,-13.06,9.62,-12.87,-51.17,2.0
-0.16,0.19,1.39,-2.26,25.39,-13.06,9.62,-12.87,-51.17,2.0
-0.27,0.07,1.36,2.38,13.18,-10.44,10.29,-12.19,-51.42,2.0
-0.27,0.07,1.36,2.38,13.18,-10.44,10.29,-12.19,-51.42,2.0
-0.03,0.12,1.03,-1.65,-21.06,30.09,9.73,-11.52,-52.44,2.0
0.14,0.24,0.91,6.04,-39.43,26.18,9.73,-11.52,-52.44,2.0
0.37,0.33,0.82,21.06,-58.35,32.1,9.73,-11.52,-52.44,2.0
0.37,0.33,0.82,21.06,-58.35,32.1,9.73,-11.52,-52.44,2.0
0.76,0.33,0.68,53.83,-80.93,25.15,9.72,-12.46,-53.38,2.0
0.96,0.29,0.48,60.61,-73.3,17.58,9.72,-12.46,-53.38,2.0
1.11,0.17,0.42,53.53,-63.66,14.1,9.72,-12.46,-53.38,2.0
1.11,0.17,0.42,53.53,-63.66,14.1,9.72,-12.46,-53.38,2.0
1.07,0.18,0.4,29.42,-39.12,12.82,9.36,-12.44,-54.66,2.0
1.03,0.24,0.44,-3.6,-10.99,10.86,9.36,-12.44,-54.66,2.0
0.95,0.46,0.58,-30.64,16.85,5.19,9.36,-12.44,-54.66,2.0
0.9,0.53,0.63,-36.19,42.54,-2.32,9.5,-12.27,-54.64,2.0
0.9,0.53,0.63,-36.19,42.54,-2.32,9.5,-12.27,-54.64,2.0
0.81,0.55,0.75,-33.26,53.34,-6.41,9.5,-12.27,-54.64,2.0
0.66,0.45,0.93,-28.2,68.91,-14.04,9.5,-12.27,-54.64,2.0
0.66,0.45,0.93,-28.2,68.91,-14.04,9.5,-12.27,-54.64,2.0
0.66,0.45,0.93,-28.2,68.91,-14.04,9.5,-12.27,-54.64,2.0
0.43,0.36,1.21,-27.77,74.65,-20.75,9.75,-12.32,-52.72,2.0
0.14,0.28,1.45,-17.64,70.62,-24.41,9.75,-12.32,-52.72,2.0
-0.01,0.2,1.49,0.49,61.4,-25.02,9.75,-12.32,-52.72,2.0
-0.01,0.2,1.49,0.49,61.4,-25.02,9.75,-12.32,-52.72,2.0
-0.27,-0.01,1.44,6.77,55.48,-23.62,9.67,-11.78,-51.18,2.0
-0.26,-0.15,1.23,-8.0,24.72,-2.99,9.67,-11.78,-51.18,2.0
-0.26,-0.15,1.23,-8.0,24.72,-2.99,9.67,-11.78,-51.18,2.0
-0.08,0.05,1.11,-8.3,6.96,7.32,9.67,-11.78,-51.18,2.0
0.12,0.19,0.93,5.43,-12.39,13.06,9.69,-11.63,-51.97,2.0
0.22,0.2,0.82,19.65,-33.14,15.99,9.69,-11.63,-51.97,2.0
0.22,0.2,0.82,19.65,-33.14,15.99,9.69,-11.63,-51.97,2.0
0.22,0.2,0.82,19.65,-33.14,15.99,9.69,-11.63,-51.97,2.0
0.44,0.17,0.66,22.89,-42.54,17.09,9.69,-11.63,-51.97,2.0
0.67,0.17,0.55,20.63,-56.21,17.7,9.7,-12.12,-52.49,2.0
0.67,0.17,0.55,20.63,-56.21,17.7,9.7,-12.12,-52.49,2.0
0.92,0.25,0.39,20.14,-60.61,18.98,9.7,-12.12,-52.49,2.0
1.05,0.24,0.22,15.93,-53.77,18.19,9.7,-12.12,-52.49,2.0
1.07,0.21,0.14,-5.8,-41.14,15.69,9.55,-12.62,-52.33,2.0
1.02,0.28,0.13,-30.21,-24.35,13.73,9.55,-12.62,-52.33,2.0
0.93,0.38,0.22,-34.91,-15.93,12.39,9.55,-12.62,-52.33,2.0
0.7,0.51,0.66,-32.78,10.01,9.16,9.53,-12.79,-51.84,2.0
0.67,0.51,0.81,-28.81,21.48,2.38,9.53,-12.79,-51.84,2.0
0.67,0.51,0.81,-28.81,21.48,2.38,9.53,-12.79,-51.84,2.0
0.51,0.41,1.13,-32.17,26.43,-0.61,9.53,-12.79,-51.84,2.0
0.27,0.54,1.6,-41.08,33.51,-7.69,9.44,-12.95,-51.39,2.0
0.01,0.52,1.83,-18.19,35.89,-22.52,9.44,-12.95,-51.39,2.0
0.01,0.52,1.83,-18.19,35.89,-22.52,9.44,-12.95,-51.39,2.0
-0.21,0.18,1.75,17.03,36.8,-32.47,9.44,-12.95,-51.39,2.0
-0.28,-0.06,1.44,14.53,36.56,-28.38,9.2,-12.52,-51.66,2.0
-0.28,-0.06,1.44,14.53,36.56,-28.38,9.2,-12.52,-51.66,2.0
-0.28,-0.06,1.44,14.53,36.56,-28.38,9.2,-12.52,-51.66,2.0
-0.28,-0.42,1.3,-6.35,34.85,-20.26,9.2,-12.52,-51.66,2.0
-0.13,-0.01,1.16,-47.73,26.55,-3.85,9.2,-12.52,-51.66,2.0
0.03,0.21,0.98,-32.96,11.05,5.13,9.78,-12.51,-51.16,2.0
0.11,0.26,0.9,1.65,-8.42,13.31,9.78,-12.51,-51.16,2.0
0.31,0.31,0.7,19.29,-18.19,15.62,9.78,-12.51,-51.16,2.0
0.31,0.31,0.7,19.29,-18.19,15.62,9.78,-12.51,-51.16,2.0
0.59,0.25,0.45,40.71,-35.71,19.65,9.78,-12.51,-51.16,2.0
0.86,0.34,0.24,27.28,-47.12,18.55,9.14,-12.57,-51.55,2.0
0.86,0.34,0.24,27.28,-47.12,18.55,9.14,-12.57,-51.55,2.0
1.01,0.5,0.17,12.82,-49.19,14.77,9.14,-12.57,-51.55,2.0
1.01,0.5,0.17,12.82,-49.19,14.77,9.14,-12.57,-51.55,2.0
1.01,0.5,0.17,12.82,-49.19,14.77,9.14,-12.57,-51.55,2.0
1.1,0.5,0.17,2.69,-39.12,2.32,9.14,-12.57,-51.55,2.0
1.11,0.49,0.22,-6.65,-22.58,-5.55,9.69,-12.89,-51.67,2.0
1.11,0.49,0.22,-6.65,-22.58,-5.55,9.69,-12.89,-51.67,2.0
1.11,0.49,0.22,-6.65,-22.58,-5.55,9.69,-12.89,-51.67,2.0
1.01,0.57,0.39,-3.23,-1.16,-13.92,9.69,-12.89,-51.67,2.0
0.89,0.59,0.58,0.43,9.83,-17.4,9.69,-12.89,-51.67,2.0
0.89,0.59,0.58,0.43,9.83,-17.4,9.69,-12.89,-51.67,2.0
0.7,0.17,0.69,-39.92,53.41,-12.08,9.84,-12.56,-52.69,2.0
0.57,0.27,0.85,-78.06,65.73,-8.67,9.84,-12.56,-52.69,2.0
0.57,0.27,0.85,-78.06,65.73,-8.67,9.84,-12.56,-52.69,2.0
0.21,0.48,1.23,-97.23,59.45,-7.63,9.84,-13.32,-50.45,2.0
0.0,0.59,1.38,-70.92,44.07,-12.33,9.84,-13.32,-50.45,2.0
-0.09,0.56,1.41,-24.66,27.4,-18.19,9.84,-13.32,-50.45,2.0
-0.09,0.56,1.41,-24.66,27.4,-18.19,9.84,-13.32,-50.45,2.0
-0.22,0.28,1.36,9.52,11.84,-15.99,10.47,-11.89,-50.56,2.0
-0.14,0.0,1.12,-9.16,-7.26,4.27,10.47,-11.89,-50.56,2.0
-0.14,0.0,1.12,-9.16,-7.26,4.27,10.47,-11.89,-50.56,2.0
0.04,0.22,1.02,-9.77,-20.14,19.96,10.08,-12.26,-50.48,2.0
0.15,0.31,0.9,15.69,-35.4,28.56,10.08,-12.26,-50.48,2.0
0.41,0.41,0.79,34.85,-42.97,30.33,10.08,-12.26,-50.48,2.0
0.53,0.4,0.59,68.36,-55.18,31.31,10.08,-12.26,-50.48,2.0
0.79,0.32,0.49,76.9,-58.65,30.82,9.5,-13.22,-50.76,2.0
0.79,0.32,0.49,76.9,-58.65,30.82,9.5,-13.22,-50.76,2.0
0.93,0.31,0.39,77.09,-55.79,27.34,9.5,-13.22,-50.76,2.0
0.93,0.31,0.39,77.09,-55.79,27.34,9.5,-13.22,-50.76,2.0
0.93,0.31,0.39,77.09,-55.79,27.34,9.5,-13.22,-50.76,2.0
0.93,0.31,0.39,77.09,-55.79,27.34,9.5,-13.22,-50.76,2.0
1.14,0.32,0.28,55.54,-49.62,23.68,9.5,-13.22,-50.76,2.0
1.24,0.35,0.22,23.86,-31.19,18.92,9.5,-13.22,-50.76,2.0
1.25,0.36,0.23,-5.74,-6.9,10.93,10.1,-12.82,-51.35,2.0
1.16,0.48,0.4,-30.88,18.43,3.23,10.1,-12.82,-51.35,2.0
0.84,0.47,0.58,-31.8,51.27,-7.26,10.05,-13.84,-50.88,2.0
0.63,0.32,0.74,-35.89,65.12,-7.39,10.05,-13.84,-50.88,2.0
0.63,0.32,0.74,-35.89,65.12,-7.39,10.05,-13.84,-50.88,2.0
0.43,0.29,0.95,-55.18,71.47,-5.55,10.05,-13.84,-50.88,2.0
0.19,0.5,1.27,-66.65,67.57,-6.16,9.95,-13.73,-49.77,2.0
-0.05,0.58,1.44,-43.33,52.98,-12.08,9.95,-13.73,-49.77,2.0
-0.16,0.56,1.47,-24.78,43.7,-14.71,9.95,-13.73,-49.77,2.0
-0.16,0.56,1.47,-24.78,43.7,-14.71,9.95,-13.73,-49.77,2.0
-0.28,0.38,1.4,4.03,26.25,-18.19,9.95,-13.73,-49.77,2.0
-0.23,0.31,1.28,6.04,10.38,-18.55,9.57,-13.2,-48.77,2.0
-0.17,0.27,1.19,-3.17,-5.25,-15.87,9.57,-13.2,-48.77,2.0
-0.17,0.27,1.19,-3.17,-5.25,-15.87,9.57,-13.2,-48.77,2.0
0.17,0.35,0.83,-15.14,-29.17,-8.67,10.29,-12.79,-48.61,2.0
0.17,0.35,0.83,-15.14,-29.17,-8.67,10.29,-12.79,-48.61,2.0
0.37,0.48,0.69,-14.4,-46.94,-6.04,10.29,-12.79,-48.61,2.0
0.37,0.48,0.69,-14.4,-46.94,-6.04,10.29,-12.79,-48.61,2.0
0.56,0.46,0.53,-0.24,-65.37,-6.41,10.29,-12.79,-48.61,2.0
0.65,0.4,0.48,13.67,-78.86,-6.47,10.94,-12.37,-50.82,2.0
0.82,0.26,0.39,15.32,-80.93,-7.63,10.94,-12.37,-50.82,2.0
0.86,0.14,0.3,11.35,-79.53,-5.98,10.94,-12.37,-50.82,2.0
0.9,0.06,0.21,-3.78,-71.23,2.2,10.61,-13.27,-51.76,2.0
0.93,-0.0,0.14,-22.16,-61.34,13.37,10.61,-13.27,-51.76,2.0
0.93,-0.0,0.14,-22.16,-61.34,13.37,10.61,-13.27,-51.76,2.0
0.91,0.07,0.21,-40.47,-49.56,24.41,10.61,-13.27,-51.76,2.0
0.91,0.07,0.21,-40.47,-49.56,24.41,10.61,-13.27,-51.76,2.0
0.89,0.15,0.27,-37.84,-35.95,31.56,10.61,-13.27,-51.76,2.0
0.83,0.31,0.41,-26.12,-28.87,34.42,9.8,-13.42,-51.32,2.0
0.83,0.31,0.41,-26.12,-28.87,34.42,9.8,-13.42,-51.32,2.0
0.63,0.43,0.87,18.25,1.46,34.67,9.8,-13.42,-51.32,2.0
0.55,0.63,1.13,9.09,19.9,32.96,9.66,-13.4,-51.72,2.0
0.55,0.63,1.13,9.09,19.9,32.96,9.66,-13.4,-51.72,2.0
0.5,0.76,1.26,0.24,38.94,25.21,9.66,-13.4,-51.72,2.0
0.37,0.93,1.47,-1.65,47.3,19.41,9.66,-13.4,-51.72,2.0
0.22,1.06,1.63,-6.65,61.34,6.16,9.06,-14.31,-50.11,2.0
0.22,1.06,1.63,-6.65,61.34,6.16,9.06,-14.31,-50.11,2.0
0.1,0.99,1.58,-9.77,71.41,-11.41,9.06,-14.31,-50.11,2.0
0.03,0.71,1.32,-21.3,76.97,-26.18,9.06,-14.31,-50.11,2.0
0.03,0.71,1.32,-21.3,76.97,-26.18,9.06,-14.31,-50.11,2.0
0.03,0.57,1.12,-48.77,76.66,-35.46,9.06,-14.31,-50.11,2.0
0.05,0.56,1.05,-61.34,72.39,-39.43,9.55,-13.26,-49.44,2.0
0.07,0.62,0.95,-65.43,57.25,-47.85,9.55,-13.26,-49.44,2.0
0.07,0.62,0.95,-65.43,57.25,-47.85,9.55,-13.26,-49.44,2.0
0.08,0.56,0.84,-37.84,36.62,-54.2,9.55,-13.26,-49.44,2.0
0.12,0.43,0.76,-3.36,17.03,-56.21,10.86,-12.54,-49.54,2.0
0.17,0.11,0.59,5.07,7.2,-53.22,10.86,-12.54,-49.54,2.0
0.17,0.11,0.59,5.07,7.2,-53.22,10.86,-12.54,-49.54,2.0
0.28,-0.11,0.48,4.52,-10.56,-41.5,10.86,-12.54,-49.54,2.0
0.41,-0.19,0.41,-4.15,-30.4,-24.23,10.95,-11.29,-47.99,2.0
0.54,-0.22,0.33,-6.96,-48.95,-5.92,10.95,-11.29,-47.99,2.0
0.54,-0.22,0.33,-6.96,-48.95,-5.92,10.95,-11.29,-47.99,2.0
0.54,-0.22,0.33,-6.96,-48.95,-5.92,10.95,-11.29,-47.99,2.0
0.66,-0.15,0.31,-2.93,-64.27,9.7,10.95,-11.29,-47.99,2.0
0.72,-0.13,0.27,13.43,-74.04,20.57,11.33,-12.43,-49.9,2.0
0.79,-0.11,0.2,32.9,-76.35,29.66,11.33,-12.43,-49.9,2.0
0.79,-0.11,0.2,32.9,-76.35,29.66,11.33,-12.43,-49.9,2.0
0.79,-0.11,0.2,32.9,-76.35,29.66,11.33,-12.43,-49.9,2.0
0.8,-0.04,0.24,43.4,-74.16,33.33,11.33,-12.43,-49.9,2.0
0.79,0.08,0.31,55.54,-65.73,39.0,9.96,-12.92,-51.05,2.0
0.75,0.23,0.42,54.2,-52.86,44.13,9.96,-12.92,-51.05,2.0
0.75,0.23,0.42,54.2,-52.86,44.13,9.96,-12.92,-51.05,2.0
0.75,0.23,0.42,54.2,-52.86,44.13,9.96,-12.92,-51.05,2.0
0.73,0.28,0.49,43.88,-35.95,48.52,9.96,-12.92,-51.05,2.0
0.73,0.28,0.49,43.88,-35.95,48.52,9.96,-12.92,-51.05,2.0
0.64,0.73,0.95,30.09,-5.37,44.86,9.69,-13.34,-51.51,2.0
0.57,0.96,1.2,27.71,12.76,35.16,9.69,-13.34,-51.51,2.0
0.57,0.96,1.2,27.71,12.76,35.16,9.69,-13.34,-51.51,2.0
0.57,0.96,1.2,27.71,12.76,35.16,9.69,-13.34,-51.51,2.0
0.5,1.03,1.32,28.44,21.3,28.69,9.69,-13.34,-51.51,2.0
0.34,1.11,1.55,26.86,38.09,12.7,9.63,-12.88,-52.42,2.0
0.34,1.11,1.55,26.86,38.09,12.7,9.63,-12.88,-52.42,2.0
-0.08,0.82,1.33,-17.21,64.64,-22.52,9.63,-12.88,-52.42,2.0
-0.08,0.82,1.33,-17.21,64.64,-22.52,9.63,-12.88,-52.42,2.0
-0.02,0.34,1.18,-32.47,58.9,-32.35,10.17,-12.56,-50.78,2.0
0.04,0.43,1.07,-41.44,53.1,-30.94,10.17,-12.56,-50.78,2.0
0.04,0.43,1.07,-41.44,53.1,-30.94,10.17,-12.56,-50.78,2.0
0.12,0.51,0.88,-24.05,38.88,-32.78,10.86,-12.45,-49.06,2.0
0.12,0.51,0.88,-24.05,38.88,-32.78,10.86,-12.45,-49.06,2.0
0.17,0.39,0.77,8.42,19.96,-31.98,10.86,-12.45,-49.06,2.0
0.31,0.05,0.59,15.08,10.86,-29.11,10.86,-12.45,-49.06,2.0
0.45,-0.1,0.49,7.26,-4.52,-18.13,10.86,-12.45,-49.06,2.0
0.45,-0.1,0.49,7.26,-4.52,-18.13,10.86,-12.45,-49.06,2.0
0.45,-0.1,0.49,7.26,-4.52,-18.13,10.86,-12.45,-49.06,2.0
0.63,-0.08,0.33,-10.38,-25.7,-1.16,10.85,-12.67,-49.24,2.0
0.67,-0.02,0.27,-10.74,-39.86,9.4,10.85,-12.67,-49.24,2.0
0.67,-0.02,0.27,-10.74,-39.86,9.4,10.85,-12.67,-49.24,2.0
0.68,-0.01,0.22,-6.1,-52.0,19.04,10.34,-12.4,-50.68,2.0
0.68,-0.01,0.22,-6.1,-52.0,19.04,10.34,-12.4,-50.68,2.0
0.68,-0.01,0.22,-6.1,-52.0,19.04,10.34,-12.4,-50.68,2.0
0.68,-0.01,0.22,-6.1,-52.0,19.04,10.34,-12.4,-50.68,2.0
0.68,-0.01,0.22,-6.1,-52.0,19.04,10.34,-12.4,-50.68,2.0
0.71,0.06,0.2,-5.8,-61.16,25.7,10.34,-12.4,-50.68,2.0
0.7,0.39,0.42,-0.24,-63.05,28.75,10.34,-12.4,-50.68,2.0
0.7,0.39,0.42,-0.24,-63.05,28.75,10.34,-12.4,-50.68,2.0
0.71,0.48,0.52,20.02,-56.7,22.16,10.06,-13.11,-51.11,2.0
0.67,0.46,0.58,39.43,-47.42,17.64,10.06,-13.11,-51.11,2.0
0.64,0.73,0.97,-16.85,29.91,20.08,10.35,-13.34,-51.61,2.0
0.59,0.87,1.05,-7.45,35.46,15.75,9.77,-13.22,-51.42,2.0
0.49,0.77,1.15,18.37,45.72,3.48,9.77,-13.22,-51.42,2.0
0.39,0.65,1.19,19.04,53.53,-2.75,9.77,-13.22,-51.42,2.0
0.39,0.65,1.19,19.04,53.53,-2.75,9.77,-13.22,-51.42,2.0
0.2,0.51,1.35,-8.42,59.81,-5.31,9.67,-13.37,-49.8,2.0
-0.02,0.58,1.44,-18.25,61.22,-7.81,9.67,-13.37,-49.8,2.0
-0.16,0.49,1.39,-23.38,57.68,-14.28,9.67,-13.37,-49.8,2.0
-0.22,0.35,1.25,-19.53,47.61,-17.82,9.67,-13.37,-49.8,2.0
-0.22,0.35,1.25,-19.53,47.61,-17.82,9.67,-13.37,-49.8,2.0
-0.2,0.26,1.11,-13.31,36.68,-17.46,9.89,-12.89,-50.2,2.0
-0.09,0.23,0.96,-5.19,23.8,-13.24,9.89,-12.89,-50.2,2.0
-0.01,0.24,0.86,10.31,8.18,-6.84,9.89,-12.89,-50.2,2.0
-0.01,0.24,0.86,10.31,8.18,-6.84,9.89,-12.89,-50.2,2.0
0.15,0.26,0.73,20.75,0.61,-3.6,10.38,-12.63,-49.91,2.0
0.34,0.17,0.56,38.21,-15.56,2.99,10.38,-12.63,-49.91,2.0
0.48,0.12,0.42,43.15,-30.82,10.74,10.38,-12.63,-49.91,2.0
0.48,0.12,0.42,43.15,-30.82,10.74,10.38,-12.63,-49.91,2.0
0.75,0.14,0.38,41.99,-37.41,13.61,10.07,-12.83,-50.63,2.0
0.75,0.14,0.38,41.99,-37.41,13.61,10.07,-12.83,-50.63,2.0
0.75,0.14,0.38,41.99,-37.41,13.61,10.07,-12.83,-50.63,2.0
0.75,0.14,0.38,41.99,-37.41,13.61,10.07,-12.83,-50.63,2.0
1.0,0.23,0.3,39.37,-43.64,14.16,10.07,-12.83,-50.63,2.0
1.0,0.23,0.3,39.37,-43.64,14.16,10.07,-12.83,-50.63,2.0
1.12,0.18,0.17,35.1,-40.04,10.13,10.07,-12.83,-50.63,2.0
1.11,0.17,0.13,15.2,-28.93,8.0,10.07,-12.83,-50.63,2.0
1.11,0.17,0.13,15.2,-28.93,8.0,10.07,-12.83,-50.63,2.0
1.03,0.17,0.14,0.73,-21.48,7.87,10.44,-13.39,-50.71,2.0
0.94,0.45,0.36,-31.56,10.01,5.49,10.44,-13.39,-50.71,2.0
0.84,0.51,0.48,-25.21,15.62,3.42,9.74,-13.82,-50.22,2.0
0.84,0.51,0.48,-25.21,15.62,3.42,9.74,-13.82,-50.22,2.0
0.72,0.54,0.7,-7.02,27.95,-0.98,9.74,-13.82,-50.22,2.0
0.55,0.5,0.91,-2.81,29.97,-2.75,9.74,-13.82,-50.22,2.0
0.55,0.5,0.91,-2.81,29.97,-2.75,9.74,-13.82,-50.22,2.0
0.3,0.32,1.06,-4.76,29.42,-2.87,9.74,-13.82,-50.22,2.0
0.3,0.32,1.06,-4.76,29.42,-2.87,9.74,-13.82,-50.22,2.0
0.17,0.34,1.21,-13.12,26.98,-1.16,9.88,-12.93,-49.68,2.0
-0.12,0.52,1.45,-28.14,18.43,-3.91,9.88,-12.93,-49.68,2.0
-0.22,0.61,1.48,-22.89,14.89,-6.53,9.33,-12.29,-49.76,2.0
-0.22,0.61,1.48,-22.89,14.89,-6.53,9.33,-12.29,-49.76,2.0
-0.22,0.61,1.48,-22.89,14.89,-6.53,9.33,-12.29,-49.76,2.0
-0.25,0.46,1.39,-7.63,6.9,-12.82,9.33,-12.29,-49.76,2.0
-0.21,0.23,1.18,-4.46,-2.62,-11.41,9.33,-12.29,-49.76,2.0
-0.07,0.17,0.98,-12.7,-13.24,-3.85,9.33,-12.29,-49.76,2.0
-0.07,0.17,0.98,-12.7,-13.24,-3.85,9.33,-12.29,-49.76,2.0
0.01,0.19,0.9,-16.11,-27.16,7.14,9.8,-13.73,-49.99,2.0
0.44,0.45,0.66,11.47,-52.61,20.02,9.8,-13.73,-49.99,2.0
0.44,0.45,0.66,11.47,-52.61,20.02,9.8,-13.73,-49.99,2.0
0.73,0.47,0.52,47.61,-67.63,21.06,9.57,-13.16,-50.9,2.0
0.97,0.38,0.37,70.56,-72.94,18.55,9.57,-13.16,-50.9,2.0
1.14,0.29,0.26,58.84,-63.84,15.56,9.57,-13.16,-50.9,2.0
1.18,0.31,0.24,19.35,-43.7,11.9,9.64,-13.72,-51.57,2.0
1.18,0.31,0.24,19.35,-43.7,11.9,9.64,-13.72,-51.57,2.0
1.19,0.51,0.36,-15.62,-17.94,3.66,9.64,-13.72,-51.57,2.0
1.14,0.74,0.57,-12.33,-4.64,-2.62,9.64,-13.72,-51.57,2.0
1.14,0.74,0.57,-12.33,-4.64,-2.62,9.64,-13.72,-51.57,2.0
1.01,0.63,0.68,0.06,20.81,-15.01,9.59,-13.46,-51.53,2.0
1.01,0.63,0.68,0.06,20.81,-15.01,9.59,-13.46,-51.53,2.0
0.92,0.46,0.68,-3.78,44.86,-18.62,9.59,-13.46,-51.53,2.0
0.75,0.16,0.7,-22.16,56.4,-16.36,9.59,-13.46,-51.53,2.0
0.75,0.16,0.7,-22.16,56.4,-16.36,9.59,-13.46,-51.53,2.0
0.75,0.16,0.7,-22.16,56.4,-16.36,9.59,-13.46,-51.53,2.0
0.56,0.05,0.75,-81.79,72.14,-7.45,9.75,-13.62,-50.18,2.0
0.32,0.2,0.9,-137.15,73.55,3.91,9.75,-13.62,-50.18,2.0
0.32,0.2,0.9,-137.15,73.55,3.91,9.75,-13.62,-50.18,2.0
-0.29,1.09,1.39,-72.02,28.87,-8.85,8.84,-13.42,-48.29,2.0
-0.29,1.09,1.39,-72.02,28.87,-8.85,8.84,-13.42,-48.29,2.0
-0.38,0.44,1.24,53.47,-10.01,-21.97,8.84,-13.42,-48.29,2.0
-0.38,0.44,1.24,53.47,-10.01,-21.97,8.84,-13.42,-48.29,2.0
-0.33,-0.0,1.03,43.27,-14.83,-14.89,8.84,-13.42,-48.29,2.0
-0.28,0.0,0.97,-0.98,-22.95,5.92,9.84,-13.01,-49.05,2.0
-0.08,0.25,0.85,-13.43,-27.04,15.81,9.84,-13.01,-49.05,2.0
-0.08,0.25,0.85,-13.43,-27.04,15.81,9.84,-13.01,-49.05,2.0
0.56,0.44,0.59,54.75,-58.04,34.91,9.01,-13.89,-49.24,2.0
0.82,0.3,0.45,77.7,-65.55,35.52,9.01,-13.89,-49.24,2.0
0.82,0.3,0.45,77.7,-65.55,35.52,9.01,-13.89,-49.24,2.0
0.91,0.27,0.4,70.01,-63.66,32.65,9.01,-13.89,-49.24,2.0
1.05,0.24,0.27,41.14,-53.53,29.6,9.36,-13.92,-50.59,2.0
1.06,0.3,0.24,22.16,-46.39,28.63,9.36,-13.92,-50.59,2.0
1.06,0.3,0.24,22.16,-46.39,28.63,9.36,-13.92,-50.59,2.0
1.0,0.47,0.36,-6.47,-28.93,23.62,9.36,-13.92,-50.59,2.0
0.92,0.46,0.41,-10.8,-11.47,16.54,8.64,-13.99,-49.39,2.0
0.79,0.4,0.5,-16.42,4.15,16.17,8.64,-13.99,-49.39,2.0
0.79,0.4,0.5,-16.42,4.15,16.17,8.64,-13.99,-49.39,2.0
0.66,0.5,0.66,-32.23,18.25,17.09,8.64,-13.99,-49.39,2.0
0.66,0.5,0.66,-32.23,18.25,17.09,8.64,-13.99,-49.39,2.0
0.58,0.62,0.79,-39.37,29.24,14.71,8.29,-14.44,-50.71,2.0
0.44,0.92,1.1,-33.51,33.26,4.46,8.29,-14.44,-50.71,2.0
0.44,0.92,1.1,-33.51,33.26,4.46,8.29,-14.44,-50.71,2.0
0.2,1.11,1.44,-7.2,36.62,-2.75,8.29,-14.44,-50.71,2.0
0.2,1.11,1.44,-7.2,36.62,-2.75,8.29,-14.44,-50.71,2.0
0.08,0.98,1.61,26.55,36.8,-19.41,8.29,-14.44,-50.71,2.0
-0.18,0.93,1.63,34.61,37.23,-26.67,8.24,-14.48,-49.26,2.0
-0.29,0.71,1.51,27.89,42.11,-39.98,8.24,-14.48,-49.26,2.0
-0.29,0.71,1.51,27.89,42.11,-39.98,8.24,-14.48,-49.26,2.0
-0.25,0.46,1.33,-0.49,43.4,-46.26,8.24,-14.48,-49.26,2.0
-0.1,0.6,1.17,-6.29,31.56,-45.72,9.41,-13.71,-49.24,2.0
-0.04,0.39,0.91,4.76,25.02,-37.66,9.41,-13.71,-49.24,2.0
-0.04,0.39,0.91,4.76,25.02,-37.66,9.41,-13.71,-49.24,2.0
0.05,0.21,0.7,10.8,12.08,-31.31,10.02,-12.93,-49.69,2.0
0.15,0.18,0.6,4.82,0.37,-16.6,10.02,-12.93,-49.69,2.0
0.15,0.18,0.6,4.82,0.37,-16.6,10.02,-12.93,-49.69,2.0
0.26,0.12,0.47,-1.71,-12.15,-1.28,10.02,-12.93,-49.69,2.0
0.31,0.11,0.41,-10.68,-26.37,15.93,10.57,-13.27,-49.85,2.0
0.31,0.11,0.41,-10.68,-26.37,15.93,10.57,-13.27,-49.85,2.0
0.31,0.11,0.41,-10.68,-26.37,15.93,10.57,-13.27,-49.85,2.0
0.38,0.03,0.28,-23.74,-40.1,35.1,10.57,-13.27,-49.85,2.0
0.46,0.07,0.26,-37.29,-52.19,54.14,10.57,-13.27,-49.85,2.0
0.59,0.2,0.26,-40.28,-57.43,61.71,10.57,-13.27,-49.85,2.0
0.7,0.24,0.23,-33.2,-67.26,70.37,8.96,-14.25,-50.11,2.0
0.7,0.24,0.23,-33.2,-67.26,70.37,8.96,-14.25,-50.11,2.0
0.7,0.24,0.23,-33.2,-67.26,70.37,8.96,-14.25,-50.11,2.0
0.7,0.24,0.23,-33.2,-67.26,70.37,8.96,-14.25,-50.11,2.0
0.84,0.4,0.27,-15.26,-74.71,72.27,8.96,-14.25,-50.11,2.0
0.9,0.49,0.33,21.73,-76.17,59.14,8.96,-14.25,-50.11,2.0
0.95,0.64,0.49,47.06,-73.06,48.4,7.84,-14.55,-51.68,2.0
0.95,0.64,0.49,47.06,-73.06,48.4,7.84,-14.55,-51.68,2.0
0.87,0.46,0.56,94.79,-61.71,24.6,7.84,-14.55,-51.68,2.0
0.87,0.46,0.56,94.79,-61.71,24.6,7.84,-14.55,-51.68,2.0
0.87,0.46,0.56,94.79,-61.71,24.6,7.84,-14.55,-51.68,2.0
0.71,0.17,0.74,52.37,-13.31,4.39,8.42,-14.22,-52.14,2.0
0.71,0.17,0.74,52.37,-13.31,4.39,8.42,-14.22,-52.14,2.0
0.65,0.34,0.93,-6.04,15.2,1.34,8.42,-14.22,-52.14,2.0
0.6,0.67,1.08,-25.51,27.71,-1.34,8.42,-14.22,-52.14,2.0
0.6,0.67,1.08,-25.51,27.71,-1.34,8.42,-14.22,-52.14,2.0
0.53,1.02,1.3,-35.95,48.89,-12.39,8.75,-14.33,-52.03,2.0
0.02,0.64,1.47,-14.77,83.07,-54.14,8.75,-14.33,-52.03,2.0
-0.19,0.44,1.3,-39.12,85.69,-53.89,8.8,-14.39,-49.73,2.0
-0.19,0.44,1.3,-39.12,85.69,-53.89,8.8,-14.39,-49.73,2.0
-0.27,0.41,1.08,-89.05,85.45,-50.9,8.8,-14.39,-49.73,2.0
-0.26,0.44,1.0,-107.97,81.48,-48.89,8.8,-14.39,-49.73,2.0
-0.26,0.44,1.0,-107.97,81.48,-48.89,8.8,-14.39,-49.73,2.0
-0.22,0.56,0.88,-124.08,65.86,-45.84,9.09,-12.73,-49.55,2.0
-0.2,0.58,0.76,-104.98,42.36,-43.58,9.09,-12.73,-49.55,2.0
-0.13,0.55,0.68,-63.96,16.17,-37.29,9.09,-12.73,-49.55,2.0
-0.13,0.55,0.68,-63.96,16.17,-37.29,9.09,-12.73,-49.55,2.0
-0.07,0.48,0.62,-39.67,3.97,-32.9,9.09,-12.73,-49.55,2.0
-0.07,0.48,0.62,-39.67,3.97,-32.9,9.09,-12.73,-49.55,2.0
0.08,0.18,0.48,16.6,-35.95,-1.65,9.8,-13.84,-47.47,2.0
0.24,0.06,0.44,16.66,-43.88,9.28,9.8,-13.84,-47.47,2.0
0.24,0.06,0.44,16.66,-43.88,9.28,9.8,-13.84,-47.47,2.0
0.65,0.12,0.48,26.25,-72.69,44.68,9.44,-13.66,-50.01,2.0
0.65,0.12,0.48,26.25,-72.69,44.68,9.44,-13.66,-50.01,2.0
0.65,0.12,0.48,26.25,-72.69,44.68,9.44,-13.66,-50.01,2.0
0.65,0.12,0.48,26.25,-72.69,44.68,9.44,-13.66,-50.01,2.0
1.11,0.28,0.55,78.31,-79.22,39.61,9.44,-13.66,-50.01,2.0
1.06,0.31,0.54,115.48,-65.86,28.44,9.95,-13.73,-50.52,2.0
0.96,0.23,0.47,120.79,-44.56,18.13,9.95,-13.73,-50.52,2.0
0.93,0.18,0.48,97.9,-21.73,14.34,9.95,-13.73,-50.52,2.0
0.79,0.27,0.71,44.43,14.34,24.84,9.0,-14.07,-52.53,2.0
0.79,0.27,0.71,44.43,14.34,24.84,9.0,-14.07,-52.53,2.0
0.79,0.27,0.71,44.43,14.34,24.84,9.0,-14.07,-52.53,2.0
0.73,0.62,0.93,19.96,37.17,27.16,9.0,-14.07,-52.53,2.0
0.67,0.77,0.96,17.03,50.11,22.89,9.0,-14.07,-52.53,2.0
0.5,0.88,1.05,24.84,53.65,18.74,9.02,-13.18,-52.69,2.0
0.5,0.88,1.05,24.84,53.65,18.74,9.02,-13.18,-52.69,2.0
0.34,0.82,1.18,27.28,58.78,8.06,9.02,-13.18,-52.69,2.0
0.05,0.7,1.34,23.13,59.81,1.16,9.02,-13.18,-52.69,2.0
0.05,0.7,1.34,23.13,59.81,1.16,9.02,-13.18,-52.69,2.0
-0.22,0.88,1.44,-8.06,54.2,-10.25,8.74,-13.82,-51.54,2.0
-0.22,0.88,1.44,-8.06,54.2,-10.25,8.74,-13.82,-51.54,2.0
-0.41,0.75,1.39,-9.95,45.9,-27.47,8.74,-13.82,-51.54,2.0
-0.47,0.61,1.39,-5.55,37.23,-37.54,8.74,-13.82,-51.54,2.0
-0.44,0.24,1.27,-6.04,32.23,-38.02,8.74,-13.82,-51.54,2.0
-0.44,0.24,1.27,-6.04,32.23,-38.02,8.74,-13.82,-51.54,2.0
-0.1,0.16,0.93,-21.85,4.09,-11.47,9.25,-13.94,-50.31,2.0
0.16,0.32,0.81,-1.77,-11.41,-6.71,9.96,-12.39,-50.31,2.0
0.16,0.32,0.81,-1.77,-11.41,-6.71,9.96,-12.39,-50.31,2.0
0.45,0.29,0.71,40.59,-28.02,-5.43,9.96,-12.39,-50.31,2.0
0.45,0.29,0.71,40.59,-28.02,-5.43,9.96,-12.39,-50.31,2.0
0.6,0.25,0.66,59.33,-35.46,-5.19,9.96,-12.39,-50.31,2.0
0.89,0.18,0.58,80.02,-42.6,-7.69,10.13,-13.04,-51.88,2.0
1.11,0.19,0.5,86.18,-36.68,-11.23,10.13,-13.04,-51.88,2.0
1.11,0.19,0.5,86.18,-36.68,-11.23,10.13,-13.04,-51.88,2.0
1.11,0.19,0.5,86.18,-36.68,-11.23,10.13,-13.04,-51.88,2.0
1.18,0.2,0.4,81.3,-16.91,-9.28,10.13,-13.04,-51.88,2.0
1.15,0.14,0.27,54.02,8.91,-1.95,10.13,-13.04,-51.88,2.0
1.1,0.18,0.22,2.08,33.69,8.0,10.4,-12.79,-51.79,2.0
1.1,0.18,0.22,2.08,33.69,8.0,10.4,-12.79,-51.79,2.0
1.06,0.2,0.31,-43.27,53.34,17.58,10.4,-12.79,-51.79,2.0
0.95,0.33,0.39,-66.41,66.96,22.52,10.4,-12.79,-51.79,2.0
0.95,0.33,0.39,-66.41,66.96,22.52,10.4,-12.79,-51.79,2.0
0.65,0.57,0.68,-68.97,68.24,16.85,10.58,-13.13,-51.64,2.0
0.65,0.57,0.68,-68.97,68.24,16.85,10.58,-13.13,-51.64,2.0
0.38,0.53,0.91,-45.17,57.37,9.7,10.58,-13.13,-51.64,2.0
0.38,0.53,0.91,-45.17,57.37,9.7,10.58,-13.13,-51.64,2.0
0.22,0.49,1.04,-32.35,49.56,6.59,9.63,-13.17,-49.3,2.0
0.22,0.49,1.04,-32.35,49.56,6.59,9.63,-13.17,-49.3,2.0
-0.12,0.41,1.33,-11.29,33.08,2.5,9.63,-13.17,-49.3,2.0
-0.37,0.31,1.46,1.1,19.17,1.16,9.63,-13.17,-49.3,2.0
-0.4,0.17,1.45,0.06,-1.1,3.6,9.22,-12.96,-49.87,2.0
-0.27,0.11,1.33,0.0,-4.64,6.29,9.22,-12.96,-49.87,2.0
-0.27,0.11,1.33,0.0,-4.64,6.29,9.22,-12.96,-49.87,2.0
-0.06,0.08,1.16,0.85,-11.35,10.99,9.22,-12.96,-49.87,2.0
0.18,0.16,0.97,-0.79,-22.09,16.66,9.72,-12.93,-49.06,2.0
0.18,0.16,0.97,-0.79,-22.09,16.66,9.72,-12.93,-49.06,2.0
0.18,0.16,0.97,-0.79,-22.09,16.66,9.72,-12.93,-49.06,2.0
0.45,0.36,0.8,8.3,-37.23,17.76,9.72,-12.93,-49.06,2.0
0.59,0.41,0.73,40.16,-51.33,11.54,9.72,-12.93,-49.06,2.0
0.84,0.44,0.61,57.01,-55.6,7.14,9.81,-13.55,-51.39,2.0
0.84,0.44,0.61,57.01,-55.6,7.14,9.81,-13.55,-51.39,2.0
1.19,0.37,0.3,25.27,-21.61,-3.85,9.5,-13.54,-51.33,2.0
1.19,0.37,0.3,25.27,-21.61,-3.85,9.5,-13.54,-51.33,2.0
1.07,0.39,0.24,-18.43,-0.12,-2.99,9.5,-13.54,-51.33,2.0
1.01,0.41,0.27,-39.0,9.4,-2.32,9.5,-13.54,-51.33,2.0
0.92,0.52,0.38,-63.66,25.39,-2.62,9.5,-13.54,-51.33,2.0
0.92,0.52,0.38,-63.66,25.39,-2.62,9.5,-13.54,-51.33,2.0
0.79,0.62,0.54,-55.91,35.77,-7.39,9.67,-13.4,-51.01,2.0
0.57,0.56,0.74,-30.21,36.13,-14.59,9.67,-13.4,-51.01,2.0
0.57,0.56,0.74,-30.21,36.13,-14.59,9.67,-13.4,-51.01,2.0
0.28,0.5,1.01,-10.13,29.24,-19.71,9.67,-13.4,-51.01,2.0
0.11,0.45,1.15,4.64,20.45,-22.89,9.47,-12.88,-50.22,2.0
-0.18,0.37,1.38,18.49,13.18,-22.83,9.47,-12.88,-50.22,2.0
-0.32,0.17,1.42,24.54,10.8,-20.57,9.47,-12.88,-50.22,2.0
-0.32,0.17,1.42,24.54,10.8,-20.57,9.47,-12.88,-50.22,2.0
-0.32,0.02,1.35,18.25,6.59,-9.89,10.02,-13.17,-50.2,2.0
-0.32,0.02,1.35,18.25,6.59,-9.89,10.02,-13.17,-50.2,2.0
-0.32,0.02,1.35,18.25,6.59,-9.89,10.02,-13.17,-50.2,2.0
-0.21,0.04,1.23,-3.36,1.59,1.89,10.02,-13.17,-50.2,2.0
-0.21,0.04,1.23,-3.36,1.59,1.89,10.02,-13.17,-50.2,2.0
-0.14,0.1,1.19,-14.16,-4.64,13.31,10.02,-13.17,-50.2,2.0
0.04,0.2,1.06,-13.12,-15.56,19.96,10.02,-13.17,-50.2,2.0
0.04,0.2,1.06,-13.12,-15.56,19.96,10.02,-13.17,-50.2,2.0
0.26,0.33,0.95,1.59,-22.46,20.39,9.14,-13.0,-50.1,2.0
0.84,0.28,0.59,66.71,-55.11,2.08,9.17,-13.07,-50.79,2.0
0.84,0.28,0.59,66.71,-55.11,2.08,9.17,-13.07,-50.79,2.0
0.84,0.28,0.59,66.71,-55.11,2.08,9.17,-13.07,-50.79,2.0
1.0,0.19,0.42,66.77,-53.96,-5.68,9.17,-13.07,-50.79,2.0
1.07,0.19,0.27,39.67,-42.91,-8.24,9.17,-13.07,-50.79,2.0
1.07,0.21,0.22,4.03,-29.17,-5.68,9.55,-13.37,-52.36,2.0
1.07,0.21,0.22,4.03,-29.17,-5.68,9.55,-13.37,-52.36,2.0
1.03,0.28,0.23,-13.73,-22.16,-4.46,9.55,-13.37,-52.36,2.0
1.03,0.28,0.23,-13.73,-22.16,-4.46,9.55,-13.37,-52.36,2.0
0.98,0.47,0.33,-34.24,-8.06,-4.46,9.55,-13.37,-52.36,2.0
0.98,0.47,0.33,-34.24,-8.06,-4.46,9.55,-13.37,-52.36,2.0
0.85,0.6,0.46,-21.36,3.54,-4.39,9.55,-13.37,-52.36,2.0
0.8,0.59,0.56,-8.67,8.85,-5.13,9.67,-12.96,-51.73,2.0
0.69,0.53,0.79,4.03,18.8,-5.92,9.67,-12.96,-51.73,2.0
0.69,0.53,0.79,4.03,18.8,-5.92,9.67,-12.96,-51.73,2.0
0.43,0.79,1.23,-11.54,33.63,-9.95,9.67,-12.96,-51.73,2.0
0.21,0.91,1.54,-9.46,41.26,-22.03,9.61,-12.93,-52.23,2.0
0.21,0.91,1.54,-9.46,41.26,-22.03,9.61,-12.93,-52.23,2.0
-0.13,0.58,1.67,11.84,51.57,-45.72,9.61,-12.93,-52.23,2.0
-0.3,0.14,1.58,5.31,53.77,-46.2,9.94,-12.27,-50.96,2.0
-0.3,0.14,1.58,5.31,53.77,-46.2,9.94,-12.27,-50.96,2.0
-0.3,0.14,1.58,5.31,53.77,-46.2,9.94,-12.27,-50.96,2.0
-0.32,0.23,1.18,-80.44,49.68,-41.44,9.94,-12.27,-50.96,2.0
-0.32,0.23,1.18,-80.44,49.68,-41.44,9.94,-12.27,-50.96,2.0
-0.14,0.48,1.05,-53.41,28.99,-47.06,10.29,-12.39,-50.2,2.0
0.04,0.37,0.89,0.0,0.79,-50.17,10.29,-12.39,-50.2,2.0
0.04,0.37,0.89,0.0,0.79,-50.17,10.29,-12.39,-50.2,2.0
0.44,-0.34,0.52,25.39,-33.08,-39.18,11.51,-12.05,-50.39,2.0
0.55,-0.43,0.44,5.19,-49.44,-25.94,11.51,-12.05,-50.39,2.0
0.55,-0.43,0.44,5.19,-49.44,-25.94,11.51,-12.05,-50.39,2.0
0.75,-0.42,0.4,-15.87,-62.01,-10.44,11.51,-12.05,-50.39,2.0
0.89,-0.29,0.33,-24.9,-65.37,-3.66,11.51,-12.05,-50.39,2.0
0.89,-0.29,0.33,-24.9,-65.37,-3.66,11.51,-12.05,-50.39,2.0
0.96,-0.16,0.29,-21.97,-67.75,9.28,11.56,-11.28,-51.35,2.0
0.96,-0.08,0.26,-3.91,-65.12,17.33,11.56,-11.28,-51.35,2.0
0.96,0.01,0.22,15.5,-56.64,22.22,11.56,-11.28,-51.35,2.0
0.96,0.01,0.22,15.5,-56.64,22.22,11.56,-11.28,-51.35,2.0
0.96,0.01,0.22,15.5,-56.64,22.22,11.56,-11.28,-51.35,2.0
0.91,0.03,0.33,20.08,-49.44,24.54,11.28,-11.71,-51.57,2.0
0.87,0.08,0.43,15.44,-32.17,30.33,11.28,-11.71,-51.57,2.0
0.87,0.08,0.43,15.44,-32.17,30.33,11.28,-11.71,-51.57,2.0
0.81,0.26,0.58,6.59,-13.92,37.35,11.28,-11.71,-51.57,2.0
0.74,0.36,0.72,5.0,3.23,40.47,10.66,-12.62,-51.62,2.0
0.58,0.62,1.07,-4.09,34.18,35.03,10.66,-12.62,-51.62,2.0
0.58,0.62,1.07,-4.09,34.18,35.03,10.66,-12.62,-51.62,2.0
0.54,0.66,1.15,-8.36,48.89,27.16,10.78,-13.37,-50.52,2.0
0.43,0.72,1.31,-14.53,61.71,16.24,10.78,-13.37,-50.52,2.0
0.43,0.72,1.31,-14.53,61.71,16.24,10.78,-13.37,-50.52,2.0
0.31,0.75,1.43,-16.91,67.69,10.5,10.78,-13.37,-50.52,2.0
0.19,0.78,1.51,-19.47,77.21,-2.44,10.78,-13.37,-50.52,2.0
0.1,0.65,1.4,-16.42,83.92,-17.64,10.29,-12.08,-49.89,2.0
0.1,0.65,1.4,-16.42,83.92,-17.64,10.29,-12.08,-49.89,2.0
0.03,0.45,1.23,-18.74,83.25,-28.5,10.29,-12.08,-49.89,2.0
0.01,0.37,1.14,-21.3,75.5,-35.1,10.29,-12.08,-49.89,2.0
0.01,0.37,1.14,-21.3,75.5,-35.1,10.29,-12.08,-49.89,2.0
0.01,0.27,1.0,-21.12,68.6,-37.05,11.11,-11.55,-50.02,2.0
0.03,0.13,0.77,-11.29,49.56,-37.23,11.11,-11.55,-50.02,2.0
0.09,0.09,0.62,-2.87,25.82,-32.1,11.11,-11.55,-50.02,2.0
0.09,0.09,0.62,-2.87,25.82,-32.1,11.11,-11.55,-50.02,2.0
0.13,0.07,0.57,2.5,13.37,-25.45,11.11,-11.55,-50.02,2.0
0.25,-0.05,0.52,10.5,-9.22,-20.26,10.97,-12.15,-48.58,2.0
0.38,-0.13,0.46,7.45,-28.5,-7.26,10.97,-12.15,-48.58,2.0
0.53,-0.04,0.39,1.71,-46.33,5.86,10.97,-12.15,-48.58,2.0
0.53,-0.04,0.39,1.71,-46.33,5.86,10.97,-12.15,-48.58,2.0
0.8,0.0,0.37,14.47,-70.07,21.97,11.62,-11.72,-50.04,2.0
0.8,0.0,0.37,14.47,-70.07,21.97,11.62,-11.72,-50.04,2.0
0.8,0.0,0.37,14.47,-70.07,21.97,11.62,-11.72,-50.04,2.0
0.96,-0.04,0.33,15.08,-72.69,27.1,11.62,-11.72,-50.04,2.0
1.01,0.06,0.39,14.65,-70.19,28.32,11.68,-11.98,-50.71,2.0
1.0,0.25,0.51,25.09,-59.45,27.65,11.68,-11.98,-50.71,2.0
1.0,0.25,0.51,25.09,-59.45,27.65,11.68,-11.98,-50.71,2.0
0.97,0.25,0.54,40.28,-45.23,25.09,11.68,-11.98,-50.71,2.0
0.97,0.25,0.54,40.28,-45.23,25.09,11.68,-11.98,-50.71,2.0
0.89,0.2,0.63,42.3,-36.62,25.57,10.4,-12.17,-52.26,2.0
0.89,0.2,0.63,42.3,-36.62,25.57,10.4,-12.17,-52.26,2.0
0.75,0.34,0.86,8.54,3.05,34.36,10.4,-12.17,-52.26,2.0
0.73,0.41,0.93,3.05,12.27,34.24,10.4,-12.17,-52.26,2.0
0.73,0.41,0.93,3.05,12.27,34.24,10.4,-12.17,-52.26,2.0
0.62,0.65,1.1,17.52,37.66,23.93,10.28,-12.99,-50.83,2.0
0.62,0.65,1.1,17.52,37.66,23.93,10.28,-12.99,-50.83,2.0
0.48,0.61,1.18,23.25,42.72,18.49,10.28,-12.99,-50.83,2.0
0.4,0.34,1.23,12.21,54.08,10.93,10.28,-12.99,-50.83,2.0
0.4,0.34,1.23,12.21,54.08,10.93,10.28,-12.99,-50.83,2.0
0.21,0.41,1.18,-35.46,54.38,8.12,9.4,-12.96,-51.43,2.0
0.08,0.86,1.25,-50.23,53.34,-8.97,9.4,-12.96,-51.43,2.0
0.07,0.76,1.27,-33.33,49.32,-20.08,9.4,-12.96,-51.43,2.0
0.03,0.43,1.24,-14.28,43.95,-36.25,9.97,-11.77,-49.88,2.0
-0.0,-0.03,1.05,6.35,31.92,-40.22,9.97,-11.77,-49.88,2.0
-0.0,-0.03,1.05,6.35,31.92,-40.22,9.97,-11.77,-49.88,2.0
0.11,-0.09,0.91,14.89,20.63,-35.03,10.52,-12.23,-50.17,2.0
0.25,-0.03,0.8,21.73,8.12,-24.29,10.52,-12.23,-50.17,2.0
0.33,-0.01,0.71,35.03,-5.8,-15.93,10.52,-12.23,-50.17,2.0
0.33,-0.01,0.71,35.03,-5.8,-15.93,10.52,-12.23,-50.17,2.0
0.52,0.05,0.58,44.37,-12.02,-12.21,10.52,-12.23,-50.17,2.0
0.69,0.01,0.41,58.84,-21.3,-4.09,11.08,-11.18,-51.07,2.0
0.86,0.07,0.27,50.42,-23.19,4.82,11.08,-11.18,-51.07,2.0
0.86,0.07,0.27,50.42,-23.19,4.82,11.08,-11.18,-51.07,2.0
0.93,0.11,0.2,25.63,-21.79,14.16,11.08,-11.18,-51.07,2.0
1.01,0.21,0.13,-2.01,-19.1,21.97,11.16,-11.11,-50.76,2.0
0.98,0.19,-0.02,-30.52,-20.32,29.72,11.16,-11.11,-50.76,2.0
0.98,0.19,-0.02,-30.52,-20.32,29.72,11.16,-11.11,-50.76,2.0
0.98,0.19,-0.02,-30.52,-20.32,29.72,11.16,-11.11,-50.76,2.0
0.97,0.54,0.13,-32.53,-20.08,28.44,11.16,-11.11,-50.76,2.0
0.91,0.56,0.4,-14.89,-20.69,24.72,10.6,-11.47,-50.61,2.0
0.91,0.56,0.4,-14.89,-20.69,24.72,10.6,-11.47,-50.61,2.0
0.91,0.56,0.4,-14.89,-20.69,24.72,10.6,-11.47,-50.61,2.0
0.78,0.19,0.62,1.16,-16.72,22.58,10.6,-11.47,-50.61,2.0
0.78,0.19,0.62,1.16,-16.72,22.58,10.6,-11.47,-50.61,2.0
0.53,0.18,0.85,-19.35,-11.35,30.33,10.6,-11.47,-50.61,2.0
0.53,0.18,0.85,-19.35,-11.35,30.33,10.6,-11.47,-50.61,2.0
0.35,0.33,1.05,-38.45,-4.33,30.09,10.17,-12.48,-49.91,2.0
0.24,0.31,1.09,-41.69,-4.09,26.55,10.17,-12.48,-49.91,2.0
-0.09,0.33,1.33,-44.01,-12.15,18.8,10.17,-12.48,-49.91,2.0
-0.09,0.33,1.33,-44.01,-12.15,18.8,10.17,-12.48,-49.91,2.0
-0.09,0.33,1.33,-44.01,-12.15,18.8,10.17,-12.48,-49.91,2.0
-0.16,0.48,1.43,-23.01,-18.74,7.81,9.63,-12.79,-49.76,2.0
-0.11,0.2,1.25,27.47,-31.49,-5.43,9.63,-12.79,-49.76,2.0
-0.11,0.2,1.25,27.47,-31.49,-5.43,9.63,-12.79,-49.76,2.0
0.03,0.08,1.11,26.12,-33.45,-5.25,9.96,-11.98,-50.43,2.0
0.03,0.08,1.11,26.12,-33.45,-5.25,9.96,-11.98,-50.43,2.0
0.24,0.13,0.96,20.69,-38.45,-3.17,9.96,-11.98,-50.43,2.0
0.47,0.19,0.84,28.14,-46.45,-0.49,9.96,-11.98,-50.43,2.0
0.67,0.21,0.72,46.45,-53.47,0.55,9.78,-12.54,-51.92,2.0
0.67,0.21,0.72,46.45,-53.47,0.55,9.78,-12.54,-51.92,2.0
0.82,0.18,0.61,62.26,-53.1,2.44,9.78,-12.54,-51.92,2.0
0.82,0.18,0.61,62.26,-53.1,2.44,9.78,-12.54,-51.92,2.0
0.86,0.16,0.57,54.87,-44.98,8.24,9.78,-12.54,-51.92,2.0
0.94,0.36,0.42,3.72,-24.9,20.87,9.35,-12.83,-52.33,2.0
0.97,0.85,0.67,-30.76,-12.7,23.25,9.35,-12.83,-52.33,2.0
0.97,0.85,0.67,-30.76,-12.7,23.25,9.35,-12.83,-52.33,2.0
0.97,0.85,0.67,-30.76,-12.7,23.25,9.35,-12.83,-52.33,2.0
0.97,0.89,0.72,-0.92,3.48,13.79,9.35,-12.83,-52.33,2.0
0.85,0.56,0.86,12.7,28.32,8.12,9.27,-12.76,-52.67,2.0
0.85,0.56,0.86,12.7,28.32,8.12,9.27,-12.76,-52.67,2.0
0.68,0.35,1.03,-0.85,34.79,6.84,9.27,-12.76,-52.67,2.0
0.68,0.35,1.03,-0.85,34.79,6.84,9.27,-12.76,-52.67,2.0
0.53,0.37,1.2,-33.81,57.37,3.85,9.27,-12.76,-52.67,2.0
0.23,0.27,1.32,-52.37,92.83,-5.31,9.28,-12.95,-51.4,2.0
-0.02,0.17,1.32,-52.8,77.94,-7.39,9.28,-12.95,-51.4,2.0
-0.02,0.17,1.32,-52.8,77.94,-7.39,9.28,-12.95,-51.4,2.0
-0.02,0.17,1.32,-52.8,77.94,-7.39,9.28,-12.95,-51.4,2.0
-0.2,0.15,1.2,-44.13,69.46,-9.58,9.28,-12.95,-51.4,2.0
-0.23,0.09,1.06,-24.72,54.02,-9.46,9.31,-12.82,-50.43,2.0
-0.23,0.09,1.06,-24.72,54.02,-9.46,9.31,-12.82,-50.43,2.0
-0.22,0.1,1.02,-7.02,35.28,-5.62,9.31,-12.82,-50.43,2.0
-0.11,0.12,0.97,10.56,15.38,-1.53,9.25,-12.98,-50.16,2.0
0.27,0.18,0.7,31.43,-10.31,5.0,9.25,-12.98,-50.16,2.0
0.27,0.18,0.7,31.43,-10.31,5.0,9.25,-12.98,-50.16,2.0
0.49,0.17,0.56,31.86,-23.99,7.75,9.25,-12.98,-50.16,2.0
0.49,0.17,0.56,31.86,-23.99,7.75,9.25,-12.98,-50.16,2.0
0.6,0.17,0.5,29.85,-30.76,12.15,10.05,-12.51,-50.66,2.0
0.85,0.19,0.35,13.31,-32.23,16.6,10.05,-12.51,-50.66,2.0
0.85,0.19,0.35,13.31,-32.23,16.6,10.05,-12.51,-50.66,2.0
1.04,0.25,0.24,4.58,-31.25,18.01,10.05,-12.51,-50.66,2.0
1.13,0.38,0.21,-11.96,-25.63,18.86,9.58,-12.94,-51.07,2.0
1.13,0.38,0.21,-11.96,-25.63,18.86,9.58,-12.94,-51.07,2.0
1.0,0.66,0.38,-10.56,-5.74,4.94,9.58,-12.94,-51.07,2.0
0.85,0.54,0.53,-2.56,4.09,-3.72,9.59,-13.46,-51.23,2.0
0.77,0.46,0.77,-11.78,15.38,-8.12,9.59,-13.46,-51.23,2.0
0.77,0.46,0.77,-11.78,15.38,-8.12,9.59,-13.46,-51.23,2.0
0.61,0.36,0.88,-20.63,21.67,-8.67,9.59,-13.46,-51.23,2.0
0.42,0.46,1.15,-32.1,31.13,-10.31,9.59,-13.46,-51.23,2.0
0.14,0.5,1.37,-20.45,32.96,-15.93,9.81,-13.13,-50.38,2.0
0.14,0.5,1.37,-20.45,32.96,-15.93,9.81,-13.13,-50.38,2.0
-0.0,0.42,1.45,3.54,28.99,-19.17,9.81,-13.13,-50.38,2.0
-0.23,0.18,1.42,11.41,25.82,-18.19,9.81,-13.13,-50.38,2.0
-0.23,0.18,1.42,11.41,25.82,-18.19,9.81,-13.13,-50.38,2.0
-0.21,-0.05,1.18,-7.51,11.17,3.3,9.39,-12.37,-50.77,2.0
-0.21,-0.05,1.18,-7.51,11.17,3.3,9.39,-12.37,-50.77,2.0
-0.21,-0.05,1.18,-7.51,11.17,3.3,9.39,-12.37,-50.77,2.0
-0.21,-0.05,1.18,-7.51,11.17,3.3,9.39,-12.37,-50.77,2.0
-0.13,0.03,1.15,-17.03,0.85,16.85,9.39,-12.37,-50.77,2.0
-0.13,0.03,1.15,-17.03,0.85,16.85,9.39,-12.37,-50.77,2.0
0.04,0.31,1.06,3.05,-14.1,22.22,9.46,-13.53,-49.87,2.0
0.04,0.31,1.06,3.05,-14.1,22.22,9.46,-13.53,-49.87,2.0
0.04,0.31,1.06,3.05,-14.1,22.22,9.46,-13.53,-49.87,2.0
0.24,0.49,0.94,44.49,-32.78,18.19,9.46,-13.53,-49.87,2.0
0.42,0.44,0.75,61.28,-40.59,15.14,9.46,-13.53,-49.87,2.0
0.42,0.44,0.75,61.28,-40.59,15.14,9.46,-13.53,-49.87,2.0
0.83,0.29,0.46,65.49,-47.97,5.07,9.77,-12.93,-51.73,2.0
1.14,0.34,0.36,22.4,-26.25,0.37,9.77,-12.93,-51.73,2.0
1.12,0.32,0.27,-9.22,-0.79,-2.26,9.57,-12.45,-52.23,2.0
1.12,0.32,0.27,-9.22,-0.79,-2.26,9.57,-12.45,-52.23,2.0
0.92,0.38,0.42,-43.15,21.79,-4.52,9.86,-12.22,-51.28,2.0
0.92,0.38,0.42,-43.15,21.79,-4.52,9.86,-12.22,-51.28,2.0
0.79,0.4,0.58,-49.93,31.13,-7.69,9.86,-12.22,-51.28,2.0
0.7,0.4,0.67,-49.19,33.39,-11.72,9.86,-12.22,-51.28,2.0
0.7,0.4,0.67,-49.19,33.39,-11.72,9.86,-12.22,-51.28,2.0
0.46,0.38,0.9,-45.35,33.14,-14.1,9.86,-12.22,-51.28,2.0
0.46,0.38,0.9,-45.35,33.14,-14.1,9.86,-12.22,-51.28,2.0
0.46,0.38,0.9,-45.35,33.14,-14.1,9.86,-12.22,-51.28,2.0
0.32,0.35,1.02,-42.97,30.52,-19.04,9.94,-12.74,-51.01,2.0
0.03,0.38,1.31,-34.12,22.09,-21.42,9.94,-12.74,-51.01,2.0
-0.21,0.36,1.48,-11.11,13.0,-27.59,9.94,-12.74,-51.01,2.0
-0.21,0.36,1.48,-11.11,13.0,-27.59,9.94,-12.74,-51.01,2.0
-0.38,0.13,1.48,18.68,0.37,-24.17,9.27,-12.17,-50.73,2.0
-0.33,-0.0,1.29,13.37,-1.89,-18.07,9.27,-12.17,-50.73,2.0
-0.33,-0.0,1.29,13.37,-1.89,-18.07,9.27,-12.17,-50.73,2.0
-0.13,0.03,1.1,-1.89,-7.39,-3.78,9.27,-12.17,-50.73,2.0
0.14,0.17,0.95,-5.43,-17.58,7.2,10.16,-11.4,-51.49,2.0
0.51,0.32,0.69,39.06,-43.82,12.88,10.16,-11.4,-51.49,2.0
0.51,0.32,0.69,39.06,-43.82,12.88,10.16,-11.4,-51.49,2.0
0.72,0.33,0.49,43.52,-47.49,12.57,9.68,-12.76,-51.61,2.0
0.91,0.32,0.38,43.4,-49.01,11.29,9.68,-12.76,-51.61,2.0
1.06,0.34,0.32,29.05,-42.48,9.4,9.68,-12.76,-51.61,2.0
1.06,0.34,0.32,29.05,-42.48,9.4,9.68,-12.76,-51.61,2.0
1.11,0.33,0.3,14.34,-30.58,9.22,10.1,-12.61,-51.75,2.0
1.1,0.3,0.31,-1.16,-13.43,11.35,10.1,-12.61,-51.75,2.0
1.04,0.32,0.37,-10.44,-4.33,12.76,10.1,-12.61,-51.75,2.0
0.93,0.4,0.44,-26.86,11.29,13.61,10.1,-12.61,-51.75,2.0
0.88,0.42,0.49,-32.59,17.4,12.51,10.07,-13.1,-51.77,2.0
0.88,0.42,0.49,-32.59,17.4,12.51,10.07,-13.1,-51.77,2.0
0.73,0.56,0.81,-39.43,25.94,10.62,10.07,-13.1,-51.77,2.0
0.73,0.56,0.81,-39.43,25.94,10.62,10.07,-13.1,-51.77,2.0
0.56,0.68,1.16,-24.9,32.53,0.61,10.07,-13.1,-51.77,2.0
0.56,0.68,1.16,-24.9,32.53,0.61,10.07,-13.1,-51.77,2.0
0.2,0.51,1.53,15.5,41.99,-18.86,10.28,-11.68,-50.77,2.0
0.2,0.51,1.53,15.5,41.99,-18.86,10.28,-11.68,-50.77,2.0
-0.03,0.19,1.61,20.08,49.56,-23.93,10.28,-11.68,-50.77,2.0
