1.12,0.92,-0.24,74.83,-50.96,8.24,26.84,12.59,8.34,2.0
1.7,0.72,-0.54,31.13,-53.53,2.5,26.84,12.59,8.34,2.0
1.83,0.64,-0.61,3.17,-48.52,-0.73,27.61,12.92,7.68,2.0
1.83,0.64,-0.61,3.17,-48.52,-0.73,27.61,12.92,7.68,2.0
1.85,0.25,-0.5,-131.59,-18.8,-9.22,27.61,12.92,7.68,2.0
1.77,0.21,-0.41,-131.59,-18.8,-9.22,27.61,12.92,7.68,2.0
1.68,0.27,-0.26,-153.38,-8.73,-9.03,27.5,11.6,8.53,2.0
1.56,0.52,0.1,-157.84,-3.78,-10.5,27.5,11.6,8.53,2.0
1.56,0.52,0.1,-157.84,-3.78,-10.5,27.5,11.6,8.53,2.0
1.3,0.63,0.32,-143.25,1.4,-13.43,27.5,11.6,8.53,2.0
0.92,0.61,0.95,-86.18,17.03,-24.72,27.5,11.6,8.53,2.0
0.8,0.49,1.04,-67.87,21.42,-27.59,27.33,12.28,9.72,2.0
0.8,0.49,1.04,-67.87,21.42,-27.59,27.33,12.28,9.72,2.0
0.8,0.49,1.04,-67.87,21.42,-27.59,27.33,12.28,9.72,2.0
0.8,0.49,1.04,-67.87,21.42,-27.59,27.33,12.28,9.72,2.0
0.8,0.49,1.04,-67.87,21.42,-27.59,27.33,12.28,9.72,2.0
0.66,0.39,1.16,-39.25,29.42,-24.6,27.33,12.28,9.72,2.0
0.66,0.39,1.16,-39.25,29.42,-24.6,27.33,12.28,9.72,2.0
0.51,0.35,1.3,-26.12,33.75,-20.14,27.33,12.28,9.72,2.0
0.51,0.35,1.3,-26.12,33.75,-20.14,27.33,12.28,9.72,2.0
0.01,0.56,1.77,14.34,52.06,-9.89,27.33,12.28,9.72,2.0
0.01,0.56,1.77,14.34,52.06,-9.89,27.33,12.28,9.72,2.0
-0.15,0.61,1.87,28.69,57.56,-8.0,27.91,12.63,10.96,2.0
-0.16,0.63,0.96,106.99,58.65,-0.73,27.34,12.44,11.17,2.0
-0.16,0.63,0.96,106.99,58.65,-0.73,27.34,12.44,11.17,2.0
-0.16,0.63,0.96,106.99,58.65,-0.73,27.34,12.44,11.17,2.0
0.09,0.87,0.52,129.33,44.31,-5.31,27.34,12.44,11.17,2.0
0.76,0.98,-0.5,141.78,-1.83,-26.55,26.98,13.96,10.4,2.0
0.76,0.98,-0.5,141.78,-1.83,-26.55,26.98,13.96,10.4,2.0
0.76,0.98,-0.5,141.78,-1.83,-26.55,26.98,13.96,10.4,2.0
1.06,1.09,-0.67,95.03,-23.62,-35.89,26.98,13.96,10.4,2.0
1.47,0.9,-0.7,47.12,-33.51,-43.52,26.98,13.96,10.4,2.0
1.68,0.29,-0.66,-29.05,-17.58,-29.17,27.1,14.05,9.67,2.0
1.53,0.04,-0.52,-135.13,0.49,-8.0,27.1,14.05,9.67,2.0
1.53,0.04,-0.52,-135.13,0.49,-8.0,27.1,14.05,9.67,2.0
1.18,0.6,0.27,-160.03,10.5,2.01,27.98,13.7,11.18,2.0
1.06,0.69,0.49,-147.22,10.93,2.81,27.98,13.7,11.18,2.0
0.65,0.82,1.13,-82.89,6.1,0.18,27.56,13.81,11.43,2.0
0.65,0.82,1.13,-82.89,6.1,0.18,27.56,13.81,11.43,2.0
0.65,0.82,1.13,-55.85,3.72,-2.2,27.56,13.81,11.43,2.0
0.65,0.82,1.13,-55.85,3.72,-2.2,27.56,13.81,11.43,2.0
0.08,0.83,1.72,37.54,5.25,-10.19,27.56,13.81,11.43,2.0
0.08,0.83,1.72,37.54,5.25,-10.19,27.56,13.81,11.43,2.0
-0.13,0.64,1.77,53.89,9.64,-9.16,27.56,13.81,11.43,2.0
-0.38,0.03,1.57,50.6,24.05,-4.94,27.98,13.6,9.91,2.0
-0.38,0.03,1.57,50.6,24.05,-4.94,27.98,13.6,9.91,2.0
-0.38,0.03,1.57,50.6,24.05,-4.94,27.98,13.6,9.91,2.0
-0.38,0.03,1.57,50.6,24.05,-4.94,27.98,13.6,9.91,2.0
-0.38,0.03,1.57,50.6,24.05,-4.94,27.98,13.6,9.91,2.0
-0.38,0.03,1.57,50.6,24.05,-4.94,27.98,13.6,9.91,2.0
-0.33,0.08,1.49,34.73,30.52,-1.04,27.98,13.6,9.91,2.0
-0.33,0.08,1.49,34.73,30.52,-1.04,27.98,13.6,9.91,2.0
0.16,0.48,1.16,44.13,39.55,5.19,27.98,13.6,9.91,2.0
0.67,0.75,0.79,99.18,43.03,-2.2,28.05,13.46,11.5,2.0
0.67,0.75,0.79,99.18,43.03,-2.2,28.05,13.46,11.5,2.0
0.81,0.66,0.4,117.0,50.48,-7.08,28.05,13.46,11.5,2.0
1.53,1.07,-1.01,-26.49,40.22,-30.21,27.08,14.09,11.63,2.0
1.38,0.2,-0.63,-21.0,36.01,-18.98,26.72,14.47,13.32,2.0
1.38,0.2,-0.63,-21.0,36.01,-18.98,26.72,14.47,13.32,2.0
1.14,0.6,-0.02,-56.82,38.33,-11.11,26.72,14.47,13.32,2.0
0.96,1.26,0.62,-57.01,42.11,-19.84,26.92,15.21,12.95,2.0
0.91,1.26,1.03,-45.9,40.34,-22.89,26.92,15.21,12.95,2.0
0.18,0.72,1.19,-13.67,40.1,-32.71,26.92,15.21,12.95,2.0
-0.02,0.55,1.13,-12.39,41.14,-23.93,27.42,15.54,13.96,2.0
-0.14,0.14,0.81,-32.23,45.59,-17.64,27.42,15.54,13.96,2.0
-0.11,0.17,0.66,-86.85,41.14,-3.42,27.42,15.54,13.96,2.0
-0.11,0.17,0.66,-86.85,41.14,-3.42,27.42,15.54,13.96,2.0
-0.02,0.23,0.54,-111.69,35.34,2.14,27.42,15.54,13.96,2.0
0.26,0.63,0.43,-127.2,26.37,6.04,27.42,15.54,13.96,2.0
0.38,0.72,0.38,-126.95,16.66,6.29,27.53,15.39,14.2,2.0
0.58,0.67,0.29,-97.29,-6.9,4.58,27.53,15.39,14.2,2.0
0.58,0.67,0.29,-97.29,-6.9,4.58,27.53,15.39,14.2,2.0
0.67,0.5,0.23,-75.5,-19.23,2.87,27.53,15.39,14.2,2.0
0.83,-0.03,0.08,-29.97,-55.18,4.7,27.42,15.34,14.9,2.0
0.83,-0.03,0.08,-29.97,-55.18,4.7,27.42,15.34,14.9,2.0
0.83,-0.03,0.08,-29.97,-55.18,4.7,27.42,15.34,14.9,2.0
0.86,-0.2,0.05,-24.11,-65.0,7.63,27.42,15.34,14.9,2.0
0.86,-0.2,0.05,-24.11,-65.0,7.63,27.42,15.34,14.9,2.0
0.86,-0.2,0.05,-24.11,-65.0,7.63,27.42,15.34,14.9,2.0
0.86,-0.2,0.05,-24.11,-65.0,7.63,27.42,15.34,14.9,2.0
0.87,-0.35,0.06,-24.6,-81.79,19.04,27.42,15.34,14.9,2.0
1.02,-0.37,0.1,-26.0,-87.28,30.7,27.42,15.34,14.9,2.0
1.07,-0.31,0.08,-21.73,-85.69,36.07,27.97,15.58,13.62,2.0
1.2,0.38,0.1,60.18,-52.43,49.07,27.97,15.58,13.62,2.0
1.11,0.65,0.05,90.64,-15.62,53.22,28.11,14.55,12.55,2.0
1.07,0.72,0.07,87.04,-8.18,52.43,27.08,13.72,12.67,2.0
0.99,1.09,0.32,68.48,11.05,39.86,27.08,13.72,12.67,2.0
0.99,1.09,0.32,68.48,11.05,39.86,27.08,13.72,12.67,2.0
0.99,1.09,0.32,68.48,11.05,39.86,27.08,13.72,12.67,2.0
0.97,1.47,0.63,64.21,17.33,31.07,27.08,13.72,12.67,2.0
0.97,1.47,0.63,64.21,17.33,31.07,27.08,13.72,12.67,2.0
0.87,1.66,0.82,62.26,22.71,10.31,27.08,13.72,12.67,2.0
0.87,1.66,0.82,62.26,22.71,10.31,27.08,13.72,12.67,2.0
0.77,1.55,0.91,54.26,31.68,-2.08,27.05,14.09,11.95,2.0
0.77,1.55,0.91,54.26,31.68,-2.08,27.05,14.09,11.95,2.0
0.77,1.55,0.91,54.26,31.68,-2.08,27.05,14.09,11.95,2.0
0.55,1.15,1.02,20.26,46.02,-22.34,27.05,14.09,11.95,2.0
0.55,1.15,1.02,20.26,46.02,-22.34,27.05,14.09,11.95,2.0
0.45,0.89,0.93,-78.12,71.96,-53.41,27.05,14.09,11.95,2.0
0.45,0.89,0.93,-78.12,71.96,-53.41,27.05,14.09,11.95,2.0
0.45,0.89,0.93,-78.12,71.96,-53.41,27.05,14.09,11.95,2.0
0.36,0.82,0.72,-132.51,64.94,-68.73,26.98,14.37,13.65,2.0
0.27,0.51,0.65,-113.95,44.07,-71.59,26.98,14.37,13.65,2.0
0.27,0.51,0.65,-113.95,44.07,-71.59,26.98,14.37,13.65,2.0
0.3,0.03,0.38,-91.19,27.28,-60.61,28.1,15.33,14.05,2.0
0.48,-0.27,0.17,-79.96,-5.0,-36.25,28.1,15.33,14.05,2.0
0.72,-0.49,0.09,-36.68,-50.72,6.71,27.88,15.92,16.04,2.0
0.85,-0.49,-0.04,8.61,-64.51,28.38,27.88,15.92,16.04,2.0
0.85,-0.49,-0.04,8.61,-64.51,28.38,27.88,15.92,16.04,2.0
0.85,-0.49,-0.04,8.61,-64.51,28.38,27.88,15.92,16.04,2.0
0.84,-0.46,-0.16,55.91,-71.47,47.36,27.89,15.28,14.27,2.0
0.84,-0.46,-0.16,55.91,-71.47,47.36,27.89,15.28,14.27,2.0
0.84,-0.46,-0.16,55.91,-71.47,47.36,27.89,15.28,14.27,2.0
0.84,-0.46,-0.16,55.91,-71.47,47.36,27.89,15.28,14.27,2.0
0.84,-0.46,-0.16,55.91,-71.47,47.36,27.89,15.28,14.27,2.0
0.84,-0.46,-0.16,55.91,-71.47,47.36,27.89,15.28,14.27,2.0
0.84,-0.46,-0.16,55.91,-71.47,47.36,27.89,15.28,14.27,2.0
0.84,-0.46,-0.16,55.91,-71.47,47.36,27.89,15.28,14.27,2.0
0.84,-0.46,-0.16,55.91,-71.47,47.36,27.89,15.28,14.27,2.0
0.84,-0.46,-0.16,55.91,-71.47,47.36,27.89,15.28,14.27,2.0
0.84,-0.46,-0.16,55.91,-71.47,47.36,27.89,15.28,14.27,2.0
0.84,-0.46,-0.16,55.91,-71.47,47.36,27.89,15.28,14.27,2.0
0.84,-0.46,-0.16,55.91,-71.47,47.36,27.89,15.28,14.27,2.0
0.92,-0.24,-0.18,89.05,-72.2,84.29,27.89,15.28,14.27,2.0
0.92,-0.24,-0.18,89.05,-72.2,84.29,27.89,15.28,14.27,2.0
0.92,-0.24,-0.18,89.05,-72.2,84.29,27.89,15.28,14.27,2.0
0.92,-0.24,-0.18,89.05,-72.2,84.29,27.89,15.28,14.27,2.0
1.02,0.1,-0.12,95.58,-68.97,90.45,27.89,15.28,14.27,2.0
1.05,0.54,0.09,118.71,-45.65,102.17,27.93,14.66,12.73,2.0
0.92,1.46,0.69,99.18,-18.31,91.13,27.51,13.98,10.78,2.0
0.92,1.46,0.69,99.18,-18.31,91.13,27.51,13.98,10.78,2.0
0.32,0.52,0.28,-93.14,30.88,-45.65,27.54,13.94,11.79,2.0
0.32,0.52,0.28,-93.14,30.88,-45.65,27.54,13.94,11.79,2.0
0.49,-0.16,0.04,-73.49,-9.34,-10.38,27.39,14.38,13.1,2.0
0.49,-0.16,0.04,-73.49,-9.34,-10.38,27.39,14.38,13.1,2.0
0.62,-0.41,-0.03,-72.81,-30.58,12.7,27.39,14.38,13.1,2.0
0.71,-0.52,-0.08,-71.41,-48.34,36.07,27.66,14.11,14.06,2.0
0.8,-0.44,-0.01,-39.79,-68.24,64.03,27.66,14.11,14.06,2.0
0.8,-0.44,-0.01,-39.79,-68.24,64.03,27.66,14.11,14.06,2.0
0.88,-0.24,-0.05,32.1,-66.53,84.66,27.66,14.11,14.06,2.0
0.8,-0.21,0.03,76.72,-61.04,104.37,27.37,13.17,11.95,2.0
0.8,-0.21,0.03,76.72,-61.04,104.37,27.37,13.17,11.95,2.0
0.8,-0.21,0.03,76.72,-61.04,104.37,27.37,13.17,11.95,2.0
0.71,-0.08,0.12,76.66,-59.08,112.55,27.37,13.17,11.95,2.0
0.7,0.12,0.25,74.58,-55.73,119.02,27.37,13.17,11.95,2.0
0.7,0.12,0.25,74.58,-55.73,119.02,27.37,13.17,11.95,2.0
0.72,0.53,0.44,76.84,-44.07,123.9,26.81,11.8,10.89,2.0
0.73,0.98,0.6,94.54,-28.87,117.07,26.81,11.8,10.89,2.0
0.73,0.98,0.6,94.54,-28.87,117.07,26.81,11.8,10.89,2.0
0.69,1.42,0.91,114.81,-15.56,88.62,26.22,11.41,9.27,2.0
0.69,1.42,0.91,114.81,-15.56,88.62,26.22,11.41,9.27,2.0
0.69,1.42,0.91,114.81,-15.56,88.62,26.22,11.41,9.27,2.0
0.69,1.42,0.91,114.81,-15.56,88.62,26.22,11.41,9.27,2.0
0.68,1.49,1.03,92.59,0.43,60.42,26.22,11.41,9.27,2.0
0.68,1.49,1.03,92.59,0.43,60.42,26.22,11.41,9.27,2.0
0.65,1.7,1.33,75.99,12.39,43.15,26.22,11.41,9.27,2.0
0.63,1.74,1.42,29.3,55.97,-5.0,26.2,11.6,9.07,2.0
0.63,1.74,1.42,29.3,55.97,-5.0,26.2,11.6,9.07,2.0
0.52,1.66,1.36,-3.54,80.87,-35.03,26.2,11.6,9.07,2.0
0.35,1.06,1.09,-35.1,104.06,-92.59,25.85,11.67,10.73,2.0
0.35,1.06,1.09,-35.1,104.06,-92.59,25.85,11.67,10.73,2.0
0.35,1.06,1.09,-35.1,104.06,-92.59,25.85,11.67,10.73,2.0
0.33,0.81,0.93,-44.98,113.77,-105.65,25.85,11.67,10.73,2.0
0.21,0.55,0.28,-58.41,103.52,-100.1,26.75,12.43,12.0,2.0
0.17,0.5,0.23,-53.53,86.98,-93.93,26.75,12.43,12.0,2.0
0.17,0.5,0.23,-53.53,86.98,-93.93,26.75,12.43,12.0,2.0
0.22,0.15,0.12,-51.7,78.06,-88.38,26.75,12.43,12.0,2.0
0.27,-0.17,-0.18,-84.59,18.74,-35.77,26.84,13.28,13.34,2.0
0.29,-0.22,-0.26,-88.07,3.72,-23.19,26.84,13.28,13.34,2.0
0.29,-0.22,-0.26,-88.07,3.72,-23.19,26.84,13.28,13.34,2.0
0.4,-0.34,-0.28,-88.5,-29.6,6.23,26.84,13.28,13.34,2.0
0.49,-0.22,-0.21,-81.05,-43.88,16.6,26.93,14.06,13.73,2.0
0.49,-0.22,-0.21,-81.05,-43.88,16.6,26.93,14.06,13.73,2.0
0.49,-0.22,-0.21,-81.05,-43.88,16.6,26.93,14.06,13.73,2.0
0.49,-0.22,-0.21,-81.05,-43.88,16.6,26.93,14.06,13.73,2.0
0.49,-0.22,-0.21,-81.05,-43.88,16.6,26.93,14.06,13.73,2.0
0.49,-0.22,-0.21,-81.05,-43.88,16.6,26.93,14.06,13.73,2.0
0.69,-0.23,-0.05,-28.08,-80.26,35.83,26.93,14.06,13.73,2.0
0.69,-0.23,-0.05,-28.08,-80.26,35.83,26.93,14.06,13.73,2.0
0.69,-0.23,-0.05,-28.08,-80.26,35.83,26.93,14.06,13.73,2.0
0.7,-0.21,-0.01,-10.62,-88.5,41.75,26.93,14.06,13.73,2.0
0.7,-0.21,-0.01,-10.62,-88.5,41.75,26.93,14.06,13.73,2.0
0.65,-0.28,0.11,27.28,-97.84,61.58,27.62,13.89,11.69,2.0
0.65,-0.28,0.11,27.28,-97.84,61.58,27.62,13.89,11.69,2.0
0.71,-0.1,0.16,34.61,-89.9,86.91,27.62,13.89,11.69,2.0
0.71,-0.1,0.16,34.61,-89.9,86.91,27.62,13.89,11.69,2.0
0.96,0.94,0.37,84.96,-57.98,85.39,26.51,12.56,11.13,2.0
0.96,0.94,0.37,84.96,-57.98,85.39,26.51,12.56,11.13,2.0
0.96,0.94,0.37,84.96,-57.98,85.39,26.51,12.56,11.13,2.0
0.96,0.94,0.37,84.96,-57.98,85.39,26.51,12.56,11.13,2.0
0.96,0.94,0.37,84.96,-57.98,85.39,26.51,12.56,11.13,2.0
0.84,1.26,0.77,66.53,-19.47,52.37,26.31,12.01,8.98,2.0
0.77,1.59,1.12,19.47,15.87,22.28,26.31,12.01,8.98,2.0
0.77,1.59,1.12,19.47,15.87,22.28,26.31,12.01,8.98,2.0
0.65,1.65,1.33,-3.36,73.97,-30.27,26.18,12.62,9.13,2.0
0.51,1.44,1.1,-30.27,84.84,-41.26,26.18,12.62,9.13,2.0
0.51,1.44,1.1,-30.27,84.84,-41.26,26.18,12.62,9.13,2.0
0.44,1.43,1.1,-90.64,105.29,-82.09,27.11,11.96,11.07,2.0
0.08,0.57,0.52,-76.17,111.15,-97.05,26.39,13.44,13.68,2.0
0.08,0.57,0.52,-76.17,111.15,-97.05,26.39,13.44,13.68,2.0
0.12,0.36,0.33,-80.02,90.58,-84.78,26.39,13.44,13.68,2.0
0.24,0.34,0.22,-78.98,80.57,-78.31,26.39,13.44,13.68,2.0
0.24,0.34,0.22,-78.98,80.57,-78.31,26.39,13.44,13.68,2.0
0.24,0.34,0.22,-78.98,80.57,-78.31,26.39,13.44,13.68,2.0
0.36,0.02,0.08,-57.74,39.49,-43.21,26.66,15.2,14.48,2.0
0.46,-0.16,-0.11,-65.61,16.3,-17.52,26.66,15.2,14.48,2.0
0.46,-0.16,-0.11,-65.61,16.3,-17.52,26.66,15.2,14.48,2.0
0.51,-0.1,-0.1,-65.55,-6.53,4.03,26.66,15.2,14.48,2.0
0.64,-0.17,-0.12,-54.14,-28.63,24.17,25.99,14.81,16.58,2.0
0.86,-0.0,0.0,-27.83,-59.45,43.82,25.99,14.81,16.58,2.0
0.86,-0.0,0.0,-27.83,-59.45,43.82,25.99,14.81,16.58,2.0
0.86,-0.0,0.0,-27.83,-59.45,43.82,25.99,14.81,16.58,2.0
0.86,-0.0,0.0,-27.83,-59.45,43.82,25.99,14.81,16.58,2.0
0.96,0.15,0.04,11.17,-71.84,44.31,25.89,14.9,15.06,2.0
0.99,0.22,0.01,36.5,-75.74,42.66,25.89,14.9,15.06,2.0
0.98,0.23,-0.11,87.89,-79.71,37.72,25.89,14.9,15.06,2.0
0.98,0.23,-0.11,87.89,-79.71,37.72,25.89,14.9,15.06,2.0
0.92,0.04,-0.26,110.17,-76.35,40.59,25.67,14.25,12.11,2.0
0.92,0.04,-0.26,110.17,-76.35,40.59,25.67,14.25,12.11,2.0
0.87,0.15,-0.2,52.25,-57.98,62.01,25.67,14.25,12.11,2.0
0.9,0.68,-0.06,32.53,-47.61,70.31,25.06,13.48,12.16,2.0
0.9,0.68,-0.06,32.53,-47.61,70.31,25.06,13.48,12.16,2.0
0.95,0.92,0.15,37.66,-39.67,68.3,25.06,13.48,12.16,2.0
1.05,1.17,0.27,65.61,-32.23,55.42,25.06,13.48,12.16,2.0
1.05,1.17,0.27,65.61,-32.23,55.42,25.06,13.48,12.16,2.0
0.84,1.12,0.6,62.68,-15.75,41.75,25.62,12.22,10.51,2.0
0.84,1.12,0.6,62.68,-15.75,41.75,25.62,12.22,10.51,2.0
0.77,1.29,0.79,52.61,-7.69,35.03,25.62,12.22,10.51,2.0
0.77,1.29,0.79,52.61,-7.69,35.03,25.62,12.22,10.51,2.0
0.74,1.45,0.95,45.84,11.35,12.21,25.62,12.22,10.51,2.0
0.69,1.74,1.19,49.8,20.32,-0.49,25.62,12.22,10.51,2.0
0.4,1.35,1.2,8.12,47.67,-39.37,25.7,13.13,10.41,2.0
0.44,1.1,1.25,-58.47,89.6,-83.5,25.7,13.13,10.41,2.0
0.44,1.1,1.25,-58.47,89.6,-83.5,25.7,13.13,10.41,2.0
0.31,0.53,0.86,-84.9,113.77,-86.55,26.81,13.16,12.05,2.0
0.28,0.52,0.72,-95.83,112.85,-86.06,26.81,13.16,12.05,2.0
0.24,0.67,0.46,-100.1,110.17,-88.13,26.81,13.16,12.05,2.0
0.24,0.67,0.46,-96.92,105.59,-89.42,26.92,14.29,14.78,2.0
0.24,0.67,0.46,-96.92,105.59,-89.42,26.92,14.29,14.78,2.0
0.24,0.67,0.46,-96.92,105.59,-89.42,26.92,14.29,14.78,2.0
0.17,0.53,0.33,-89.84,99.18,-88.32,26.92,14.29,14.78,2.0
0.17,0.53,0.33,-89.84,99.18,-88.32,26.92,14.29,14.78,2.0
0.24,0.48,0.26,-66.28,84.05,-84.47,26.92,14.29,14.78,2.0
0.29,0.39,0.18,-51.7,76.78,-80.87,26.92,14.29,14.78,2.0
0.29,0.39,0.18,-51.7,76.78,-80.87,26.92,14.29,14.78,2.0
0.29,0.39,0.18,-51.7,76.78,-80.87,26.92,14.29,14.78,2.0
0.29,0.39,0.18,-51.7,76.78,-80.87,26.92,14.29,14.78,2.0
0.29,0.39,0.18,-51.7,76.78,-80.87,26.92,14.29,14.78,2.0
0.29,0.39,0.18,-51.7,76.78,-80.87,26.92,14.29,14.78,2.0
0.39,-0.08,-0.14,-38.76,47.55,-56.58,26.51,15.32,15.17,2.0
0.43,-0.1,-0.17,-46.08,35.28,-44.74,26.51,15.32,15.17,2.0
0.43,-0.1,-0.17,-46.08,35.28,-44.74,26.51,15.32,15.17,2.0
0.6,-0.13,-0.28,-64.33,-2.56,-7.39,26.48,15.97,16.27,2.0
0.73,-0.18,-0.28,-67.63,-41.2,31.25,26.48,15.97,16.27,2.0
0.73,-0.18,-0.28,-67.63,-41.2,31.25,26.48,15.97,16.27,2.0
0.73,-0.18,-0.28,-67.63,-41.2,31.25,26.48,15.97,16.27,2.0
0.88,0.36,0.04,-1.28,-87.95,72.51,25.6,16.19,16.86,2.0
0.88,0.36,0.04,-1.28,-87.95,72.51,25.6,16.19,16.86,2.0
0.88,0.36,0.04,-1.28,-87.95,72.51,25.6,16.19,16.86,2.0
0.88,0.36,0.04,-1.28,-87.95,72.51,25.6,16.19,16.86,2.0
0.93,0.02,-0.0,102.91,-98.02,75.32,25.6,16.19,16.86,2.0
0.91,-0.18,0.0,93.99,-95.34,79.53,26.12,14.36,12.01,2.0
0.91,-0.19,0.0,77.39,-92.53,83.74,26.12,14.36,12.01,2.0
0.91,-0.19,0.0,77.39,-92.53,83.74,26.12,14.36,12.01,2.0
0.83,0.55,0.19,38.82,-76.35,96.98,25.82,13.01,11.43,2.0
0.83,0.55,0.19,38.82,-76.35,96.98,25.82,13.01,11.43,2.0
0.83,0.55,0.19,38.82,-76.35,96.98,25.82,13.01,11.43,2.0
0.83,0.55,0.19,38.82,-76.35,96.98,25.82,13.01,11.43,2.0
0.81,0.87,0.29,50.54,-62.93,86.06,25.82,13.01,11.43,2.0
0.71,0.82,0.48,44.37,-40.59,71.59,26.14,12.39,10.72,2.0
0.71,0.82,0.48,44.37,-40.59,71.59,26.14,12.39,10.72,2.0
0.71,0.82,0.48,44.37,-40.59,71.59,26.14,12.39,10.72,2.0
0.62,1.13,0.77,28.08,-12.51,52.49,26.14,12.39,10.72,2.0
0.62,1.13,0.77,28.08,-12.51,52.49,26.14,12.39,10.72,2.0
0.62,1.13,0.77,28.08,-12.51,52.49,26.14,12.39,10.72,2.0
0.62,1.07,0.7,-58.47,35.77,29.79,26.35,12.3,9.56,2.0
0.62,1.07,0.7,-58.47,35.77,29.79,26.35,12.3,9.56,2.0
0.62,1.07,0.7,-58.47,35.77,29.79,26.35,12.3,9.56,2.0
0.62,1.07,0.7,-58.47,35.77,29.79,26.35,12.3,9.56,2.0
0.62,1.07,0.7,-58.47,35.77,29.79,26.35,12.3,9.56,2.0
0.62,1.07,0.7,-58.47,35.77,29.79,26.35,12.3,9.56,2.0
0.67,1.62,0.73,-71.53,57.74,11.17,26.15,11.6,11.45,2.0
0.67,1.69,0.63,-29.17,69.95,-6.96,26.15,11.6,11.45,2.0
0.5,1.32,0.27,-31.07,75.01,-34.79,26.15,11.6,11.45,2.0
0.5,1.32,0.27,-31.07,75.01,-34.79,26.15,11.6,11.45,2.0
0.59,1.51,0.27,-62.13,72.39,-56.03,25.99,11.82,12.45,2.0
0.58,1.44,0.41,-36.19,75.44,-83.68,25.99,11.82,12.45,2.0
0.35,0.73,0.31,-24.72,71.78,-94.18,26.26,13.83,15.88,2.0
0.27,0.7,0.39,6.77,47.0,-88.13,26.26,13.83,15.88,2.0
0.26,0.34,0.31,15.44,39.61,-83.19,26.26,13.83,15.88,2.0
0.26,0.34,0.31,15.44,39.61,-83.19,26.26,13.83,15.88,2.0
0.26,0.34,0.31,15.69,32.04,-75.13,26.26,13.83,15.88,2.0
0.25,0.08,0.28,10.62,25.94,-65.67,26.51,14.71,15.78,2.0
0.28,0.01,0.24,-4.52,12.21,-46.14,26.51,14.71,15.78,2.0
0.28,0.01,0.24,-4.52,12.21,-46.14,26.51,14.71,15.78,2.0
0.28,0.01,0.24,-4.52,12.21,-46.14,26.51,14.71,15.78,2.0
0.39,-0.01,0.22,-11.17,4.03,-36.5,26.51,14.71,15.78,2.0
0.46,-0.01,0.18,-14.95,-3.17,-27.71,26.51,14.71,15.78,2.0
0.46,-0.01,0.18,-14.95,-3.17,-27.71,26.51,14.71,15.78,2.0
0.46,-0.01,0.18,-14.95,-3.17,-27.71,26.51,14.71,15.78,2.0
0.57,-0.03,0.05,-6.35,-28.38,-1.46,26.14,15.05,15.41,2.0
0.64,-0.1,-0.0,0.98,-37.23,5.43,26.14,15.05,15.41,2.0
0.8,-0.2,-0.04,26.61,-69.4,31.01,26.1,14.37,14.75,2.0
0.8,-0.2,-0.04,26.61,-69.4,31.01,26.1,14.37,14.75,2.0
0.85,-0.12,-0.04,41.32,-80.32,40.34,26.1,14.37,14.75,2.0
0.81,-0.0,0.02,77.27,-88.32,50.96,25.4,13.93,12.56,2.0
0.8,0.05,-0.02,83.37,-88.68,55.48,25.4,13.93,12.56,2.0
0.76,0.14,0.02,80.75,-88.99,61.65,25.4,13.93,12.56,2.0
0.76,0.14,0.02,80.75,-88.99,61.65,25.4,13.93,12.56,2.0
0.76,0.14,0.02,80.75,-88.99,61.65,25.4,13.93,12.56,2.0
0.76,0.14,0.02,80.75,-88.99,61.65,25.4,13.93,12.56,2.0
0.76,0.14,0.02,80.75,-88.99,61.65,25.4,13.93,12.56,2.0
0.76,0.14,0.02,80.75,-88.99,61.65,25.4,13.93,12.56,2.0
0.76,0.14,0.02,80.75,-88.99,61.65,25.4,13.93,12.56,2.0
0.92,0.59,0.19,68.18,-77.64,69.46,26.38,12.71,10.88,2.0
0.92,0.59,0.19,68.18,-77.64,69.46,26.38,12.71,10.88,2.0
0.92,0.59,0.19,68.18,-77.64,69.46,26.38,12.71,10.88,2.0
1.07,1.04,0.25,73.36,-60.36,59.14,26.38,12.71,10.88,2.0
1.11,1.39,0.36,88.26,-52.98,47.18,26.38,12.71,10.88,2.0
1.11,1.39,0.36,88.26,-52.98,47.18,26.38,12.71,10.88,2.0
1.11,1.39,0.36,88.26,-52.98,47.18,26.38,12.71,10.88,2.0
1.11,1.39,0.36,88.26,-52.98,47.18,26.38,12.71,10.88,2.0
1.11,1.39,0.36,88.26,-52.98,47.18,26.38,12.71,10.88,2.0
1.01,0.69,0.55,54.5,-18.86,12.39,26.17,13.61,9.72,2.0
0.87,1.48,1.08,-77.76,41.44,-17.64,26.46,12.44,9.9,2.0
0.87,1.48,1.08,-77.76,41.44,-17.64,26.46,12.44,9.9,2.0
0.68,1.74,1.25,-33.63,57.86,-54.57,26.46,12.44,9.9,2.0
0.47,0.86,1.15,11.72,67.5,-75.44,26.9,12.94,11.21,2.0
0.15,0.02,1.31,-39.98,90.7,-61.04,26.9,12.94,11.21,2.0
0.15,0.02,1.31,-39.98,90.7,-61.04,26.9,12.94,11.21,2.0
-0.02,0.35,0.83,-46.2,107.48,-30.46,27.25,13.15,11.84,2.0
0.07,0.35,0.46,-0.55,97.05,-19.71,27.25,13.15,11.84,2.0
0.23,0.31,0.33,27.95,81.97,-14.89,26.5,13.66,13.64,2.0
0.31,0.18,0.16,40.04,73.43,-12.02,26.5,13.66,13.64,2.0
0.49,0.16,-0.19,47.36,50.96,-3.05,26.5,13.66,13.64,2.0
0.49,0.16,-0.19,47.36,50.96,-3.05,26.5,13.66,13.64,2.0
0.76,0.14,-0.7,42.79,25.27,3.3,25.95,13.72,13.95,2.0
1.01,0.22,-0.99,9.64,-6.23,2.38,25.95,13.72,13.95,2.0
1.15,0.28,-1.1,-13.55,-19.41,1.04,25.95,13.72,13.95,2.0
1.15,0.28,-1.1,-13.55,-19.41,1.04,25.95,13.72,13.95,2.0
1.29,0.5,-1.02,-30.88,-33.2,-0.79,25.95,13.72,13.95,2.0
1.29,0.5,-1.02,-30.88,-33.2,-0.79,25.95,13.72,13.95,2.0
1.29,0.5,-1.02,-30.88,-33.2,-0.79,25.95,13.72,13.95,2.0
1.29,0.5,-1.02,-30.88,-33.2,-0.79,25.95,13.72,13.95,2.0
1.29,0.5,-1.02,-30.88,-33.2,-0.79,25.95,13.72,13.95,2.0
1.29,0.5,-1.02,-30.88,-33.2,-0.79,25.95,13.72,13.95,2.0
1.29,0.5,-1.02,-30.88,-33.2,-0.79,25.95,13.72,13.95,2.0
1.29,0.5,-1.02,-30.88,-33.2,-0.79,25.95,13.72,13.95,2.0
1.29,0.5,-1.02,-30.88,-33.2,-0.79,25.95,13.72,13.95,2.0
1.29,0.5,-1.02,-30.88,-33.2,-0.79,25.95,13.72,13.95,2.0
1.29,0.5,-1.02,-30.88,-33.2,-0.79,25.95,13.72,13.95,2.0
1.29,0.5,-1.02,-30.88,-33.2,-0.79,25.95,13.72,13.95,2.0
1.37,0.53,-0.92,-39.37,-42.85,-4.64,25.95,13.72,13.95,2.0
1.32,0.36,-0.48,-45.17,-52.06,-12.82,25.59,14.7,12.94,2.0
1.22,0.4,-0.37,-47.97,-51.7,-12.51,25.59,14.7,12.94,2.0
1.22,0.4,-0.37,-47.97,-51.7,-12.51,25.59,14.7,12.94,2.0
0.58,0.73,1.01,-1.16,-21.42,-8.97,26.66,14.03,12.95,2.0
0.6,0.56,0.2,29.05,-16.91,22.34,26.93,14.49,12.51,2.0
0.6,0.56,0.2,29.05,-16.91,22.34,26.93,14.49,12.51,2.0
0.75,0.64,0.05,37.96,-22.4,22.71,26.95,14.64,11.32,2.0
0.9,0.67,-0.12,57.92,-32.41,19.1,26.95,14.64,11.32,2.0
1.4,0.5,-0.59,62.32,-35.03,12.15,26.95,14.64,11.32,2.0
1.4,0.5,-0.59,62.32,-35.03,12.15,26.95,14.64,11.32,2.0
1.48,0.38,-0.68,56.21,-33.63,8.18,26.95,14.27,11.21,2.0
1.48,0.38,-0.68,56.21,-33.63,8.18,26.95,14.27,11.21,2.0
1.52,0.28,-0.64,29.05,-26.73,3.6,26.95,14.27,11.21,2.0
1.36,0.25,-0.45,10.01,-20.63,1.4,26.95,14.27,11.21,2.0
1.36,0.25,-0.45,10.01,-20.63,1.4,26.95,14.27,11.21,2.0
1.36,0.25,-0.45,10.01,-20.63,1.4,26.95,14.27,11.21,2.0
1.36,0.25,-0.45,10.01,-20.63,1.4,26.95,14.27,11.21,2.0
1.36,0.25,-0.45,10.01,-20.63,1.4,26.95,14.27,11.21,2.0
1.36,0.25,-0.45,10.01,-20.63,1.4,26.95,14.27,11.21,2.0
1.36,0.25,-0.45,10.01,-20.63,1.4,26.95,14.27,11.21,2.0
1.36,0.25,-0.45,10.01,-20.63,1.4,26.95,14.27,11.21,2.0
1.36,0.25,-0.45,10.01,-20.63,1.4,26.95,14.27,11.21,2.0
1.36,0.25,-0.45,10.01,-20.63,1.4,26.95,14.27,11.21,2.0
1.26,0.2,-0.26,-5.62,-4.21,0.73,26.95,14.27,11.21,2.0
1.26,0.2,-0.26,-5.62,-4.21,0.73,26.95,14.27,11.21,2.0
