0.36,1.29,0.04,-104.43,45.72,-84.23,7.74,-15.64,-44.18,4.0
0.4,1.26,-0.03,-110.66,49.62,-86.36,7.74,-15.64,-44.18,4.0
0.41,1.29,-0.1,-118.29,54.2,-91.25,8.59,-13.24,-42.65,4.0
0.43,1.29,-0.16,-122.19,57.25,-96.98,8.59,-13.24,-42.65,4.0
0.43,1.29,-0.16,-122.19,57.25,-96.98,8.59,-13.24,-42.65,4.0
0.44,1.27,-0.17,-124.69,59.08,-99.73,8.59,-13.24,-42.65,4.0
0.47,1.15,-0.22,-129.27,63.29,-104.86,9.96,-10.19,-39.15,4.0
0.49,1.14,-0.23,-139.04,68.42,-106.26,9.96,-10.19,-39.15,4.0
0.54,1.02,-0.32,-142.7,70.86,-106.45,9.96,-10.19,-39.15,4.0
0.56,1.01,-0.35,-154.6,73.49,-106.08,9.96,-10.19,-39.15,4.0
0.56,1.01,-0.35,-154.6,73.49,-106.08,9.96,-10.19,-39.15,4.0
0.58,0.9,-0.42,-160.52,74.22,-106.14,10.06,-7.18,-37.92,4.0
0.62,0.91,-0.39,-173.83,73.49,-104.06,10.06,-7.18,-37.92,4.0
0.64,0.86,-0.39,-176.21,74.83,-103.64,10.06,-7.18,-37.92,4.0
0.64,0.82,-0.41,-176.76,75.81,-102.66,9.75,-3.67,-35.71,4.0
0.64,0.71,-0.53,-178.28,77.33,-98.21,9.75,-3.67,-35.71,4.0
0.62,0.64,-0.66,-184.51,74.52,-91.98,9.75,-3.67,-35.71,4.0
0.62,0.64,-0.66,-184.51,74.52,-91.98,9.75,-3.67,-35.71,4.0
0.62,0.64,-0.66,-184.51,74.52,-91.98,9.75,-3.67,-35.71,4.0
0.65,0.64,-0.66,-192.14,67.2,-87.04,9.75,-3.67,-35.71,4.0
0.69,0.65,-0.63,-193.42,59.88,-84.84,8.0,0.31,-35.14,4.0
0.75,0.63,-0.56,-180.6,58.11,-82.89,8.0,0.31,-35.14,4.0
0.77,0.57,-0.61,-171.69,58.35,-82.03,8.0,0.31,-35.14,4.0
0.74,0.47,-0.72,-154.17,58.78,-79.22,6.9,3.99,-35.41,4.0
0.69,0.39,-0.74,-143.55,53.77,-74.95,6.9,3.99,-35.41,4.0
0.69,0.39,-0.74,-143.55,53.77,-74.95,6.9,3.99,-35.41,4.0
0.68,0.35,-0.73,-142.21,47.12,-68.6,6.9,3.99,-35.41,4.0
0.68,0.22,-0.74,-144.71,44.25,-64.27,6.59,4.58,-36.22,4.0
0.68,0.13,-0.82,-155.82,39.12,-54.14,6.59,4.58,-36.22,4.0
0.67,0.07,-0.81,-169.01,32.96,-43.46,6.59,4.58,-36.22,4.0
0.67,0.07,-0.81,-169.01,32.96,-43.46,6.59,4.58,-36.22,4.0
0.66,0.08,-0.82,-176.88,25.51,-33.26,6.59,4.58,-36.22,4.0
0.66,0.08,-0.82,-176.88,25.51,-33.26,6.59,4.58,-36.22,4.0
0.61,0.2,-0.81,-169.98,15.38,-27.28,6.81,5.98,-37.16,4.0
0.59,0.22,-0.77,-143.31,2.75,-25.57,6.81,5.98,-37.16,4.0
0.59,0.22,-0.77,-143.31,2.75,-25.57,6.81,5.98,-37.16,4.0
0.57,0.05,-0.75,-127.87,-3.3,-23.93,6.81,5.98,-37.16,4.0
0.57,0.05,-0.75,-127.87,-3.3,-23.93,6.81,5.98,-37.16,4.0
0.57,-0.13,-0.75,-109.44,-11.9,-15.56,6.79,7.4,-37.6,4.0
0.55,-0.28,-0.8,-104.55,-17.4,-4.82,6.79,7.4,-37.6,4.0
0.52,-0.28,-0.79,-106.63,-24.41,6.53,6.79,7.4,-37.6,4.0
0.52,-0.32,-0.79,-105.04,-32.84,18.01,7.84,8.75,-38.51,4.0
0.52,-0.28,-0.78,-99.67,-41.81,27.65,7.84,8.75,-38.51,4.0
0.5,-0.2,-0.7,-92.41,-46.2,31.37,7.84,8.75,-38.51,4.0
0.48,-0.17,-0.62,-67.93,-52.92,34.97,8.78,8.4,-38.77,4.0
0.48,-0.17,-0.62,-67.93,-52.92,34.97,8.78,8.4,-38.77,4.0
0.47,-0.3,-0.58,-43.21,-56.7,36.62,8.78,8.4,-38.77,4.0
0.47,-0.3,-0.58,-43.21,-56.7,36.62,8.78,8.4,-38.77,4.0
0.46,-0.37,-0.62,-36.56,-58.96,40.89,8.78,8.4,-38.77,4.0
0.45,-0.34,-0.62,-44.37,-61.65,44.07,8.78,8.4,-38.77,4.0
0.45,-0.34,-0.62,-44.37,-61.65,44.07,8.78,8.4,-38.77,4.0
0.46,-0.27,-0.61,-52.06,-67.69,44.37,10.22,8.26,-40.17,4.0
0.49,-0.18,-0.57,-54.99,-70.13,44.62,10.22,8.26,-40.17,4.0
0.51,-0.14,-0.57,-56.34,-74.04,43.03,10.22,8.26,-40.17,4.0
0.53,-0.12,-0.6,-51.64,-77.64,38.39,11.08,9.07,-42.65,4.0
0.55,-0.08,-0.59,-43.03,-83.5,31.49,11.08,9.07,-42.65,4.0
0.6,-0.06,-0.58,-37.66,-86.36,27.77,11.08,9.07,-42.65,4.0
0.6,-0.06,-0.58,-37.66,-86.36,27.77,11.08,9.07,-42.65,4.0
0.61,-0.02,-0.57,-24.84,-92.53,21.61,11.91,9.17,-42.42,4.0
0.57,-0.05,-0.54,-8.3,-98.57,15.75,11.91,9.17,-42.42,4.0
0.55,-0.11,-0.49,0.67,-104.43,12.21,11.91,9.17,-42.42,4.0
0.55,-0.11,-0.49,0.67,-104.43,12.21,11.91,9.17,-42.42,4.0
0.59,-0.09,-0.46,9.89,-107.97,10.01,11.91,9.17,-42.42,4.0
0.58,-0.05,-0.44,24.35,-106.26,5.55,12.67,8.36,-44.89,4.0
0.56,-0.1,-0.42,31.07,-103.94,3.54,12.67,8.36,-44.89,4.0
0.56,-0.1,-0.42,31.07,-103.94,3.54,12.67,8.36,-44.89,4.0
0.57,-0.2,-0.4,34.12,-92.83,3.11,12.67,8.96,-45.39,4.0
0.57,-0.2,-0.4,34.12,-92.83,3.11,12.67,8.96,-45.39,4.0
0.57,-0.2,-0.4,34.12,-92.83,3.11,12.67,8.96,-45.39,4.0
0.57,-0.2,-0.4,34.12,-92.83,3.11,12.67,8.96,-45.39,4.0
0.66,-0.31,-0.38,16.85,-85.21,10.99,12.67,8.96,-45.39,4.0
0.66,-0.31,-0.38,16.85,-85.21,10.99,12.67,8.96,-45.39,4.0
0.73,-0.32,-0.37,5.49,-80.69,15.99,12.67,8.96,-45.39,4.0
0.75,-0.27,-0.32,-10.56,-70.31,24.48,13.35,7.87,-45.67,4.0
0.75,-0.27,-0.32,-10.56,-70.31,24.48,13.35,7.87,-45.67,4.0
0.75,-0.23,-0.31,-16.72,-62.81,31.74,13.35,7.87,-45.67,4.0
0.74,-0.21,-0.32,-19.35,-60.61,37.66,13.35,7.87,-45.67,4.0
0.74,-0.21,-0.32,-19.35,-60.61,37.66,13.35,7.87,-45.67,4.0
0.74,-0.21,-0.32,-19.35,-60.61,37.66,13.35,7.87,-45.67,4.0
0.81,-0.15,-0.25,-19.84,-55.85,36.32,14.5,8.15,-47.22,4.0
0.81,-0.15,-0.25,-19.84,-55.85,36.32,14.5,8.15,-47.22,4.0
0.81,-0.15,-0.25,-19.84,-55.85,36.32,14.5,8.15,-47.22,4.0
0.83,-0.12,-0.23,-2.14,-53.65,33.14,14.5,8.15,-47.22,4.0
0.82,-0.07,-0.21,-10.99,-51.88,31.43,14.5,8.15,-47.22,4.0
0.82,-0.07,-0.21,-10.99,-51.88,31.43,14.5,8.15,-47.22,4.0
0.82,-0.07,-0.21,-10.99,-51.88,31.43,14.5,8.15,-47.22,4.0
0.82,-0.07,-0.21,-10.99,-51.88,31.43,14.5,8.15,-47.22,4.0
0.8,-0.06,-0.21,-1.1,-50.6,27.22,14.59,7.52,-47.39,4.0
0.8,-0.06,-0.21,-1.1,-50.6,27.22,14.59,7.52,-47.39,4.0
0.89,-0.22,-0.2,-2.2,-43.09,29.66,14.59,7.52,-47.39,4.0
0.89,-0.22,-0.2,-2.2,-43.09,29.66,14.59,7.52,-47.39,4.0
0.86,-0.11,-0.21,-30.15,-33.45,34.67,15.62,7.08,-47.89,4.0
0.86,-0.11,-0.21,-30.15,-33.45,34.67,15.62,7.08,-47.89,4.0
0.88,-0.01,-0.19,-37.72,-30.21,33.87,15.62,7.08,-47.89,4.0
0.88,-0.01,-0.19,-37.72,-30.21,33.87,15.62,7.08,-47.89,4.0
0.88,-0.01,-0.19,-37.72,-30.21,33.87,15.62,7.08,-47.89,4.0
0.96,0.0,-0.21,-30.64,-30.03,26.25,15.8,6.48,-48.94,4.0
0.96,0.0,-0.21,-30.64,-30.03,26.25,15.8,6.48,-48.94,4.0
0.96,0.0,-0.21,-30.64,-30.03,26.25,15.8,6.48,-48.94,4.0
0.96,0.02,-0.14,-9.09,-32.17,21.91,15.87,5.76,-49.78,4.0
0.96,0.02,-0.14,-9.09,-32.17,21.91,15.87,5.76,-49.78,4.0
0.97,-0.04,-0.18,-1.34,-29.91,19.23,15.87,5.76,-49.78,4.0
0.97,-0.04,-0.18,-1.34,-29.91,19.23,15.87,5.76,-49.78,4.0
0.96,-0.11,-0.18,-9.46,-26.67,0.55,15.73,5.64,-51.51,4.0
0.96,0.01,-0.11,-12.57,-25.39,12.39,15.73,5.64,-51.51,4.0
0.94,-0.07,-0.1,-0.24,-22.83,7.87,15.37,5.7,-51.03,4.0
0.94,-0.07,-0.12,-6.53,-19.17,4.88,15.27,5.83,-52.4,4.0
0.97,-0.06,-0.09,-7.26,-18.8,1.71,15.27,5.83,-52.4,4.0
0.99,-0.06,-0.1,-3.05,-18.74,1.1,15.27,5.83,-52.4,4.0
0.99,-0.06,-0.1,-3.05,-18.74,1.1,15.27,5.83,-52.4,4.0
0.96,-0.08,-0.09,-1.71,-18.49,1.46,15.27,5.83,-52.4,4.0
0.99,-0.08,-0.11,-0.92,-18.74,1.53,15.39,5.62,-51.66,4.0
0.97,-0.1,-0.09,-1.53,-18.98,1.59,15.39,5.62,-51.66,4.0
0.97,-0.1,-0.09,-1.53,-18.98,1.59,15.39,5.62,-51.66,4.0
0.98,-0.12,-0.05,-1.77,-19.1,0.98,15.39,5.62,-51.66,4.0
0.96,-0.12,-0.03,-1.46,-17.33,3.72,15.23,5.77,-52.21,4.0
1.0,-0.11,-0.03,-6.84,-16.48,7.08,15.23,5.77,-52.21,4.0
1.0,-0.11,-0.03,-6.84,-16.48,7.08,15.23,5.77,-52.21,4.0
1.0,-0.02,-0.02,-6.9,-14.71,7.26,15.72,6.3,-52.49,4.0
1.0,-0.02,-0.02,-6.9,-14.71,7.26,15.72,6.3,-52.49,4.0
0.99,0.06,0.0,0.12,-15.2,4.64,15.72,6.3,-52.49,4.0
0.99,0.06,0.0,0.12,-15.2,4.64,15.72,6.3,-52.49,4.0
1.0,0.04,0.01,13.0,-15.44,0.79,15.72,6.3,-52.49,4.0
0.96,-0.05,0.01,14.65,-14.83,0.06,15.72,6.3,-52.49,4.0
0.96,-0.05,0.01,14.65,-14.83,0.06,15.72,6.3,-52.49,4.0
0.97,-0.07,0.03,8.85,-12.88,0.12,15.69,5.52,-52.69,4.0
1.04,-0.06,-0.02,-1.65,-9.58,0.55,15.69,5.52,-52.69,4.0
1.04,-0.06,-0.05,-7.14,-7.69,0.06,15.69,5.52,-52.69,4.0
1.01,-0.03,-0.04,-11.41,-6.53,-0.85,15.69,5.52,-52.69,4.0
0.99,0.02,-0.01,-12.45,-7.08,-2.81,15.28,5.26,-52.62,4.0
1.0,0.02,0.0,-1.95,-9.16,-3.54,15.28,5.26,-52.62,4.0
1.0,-0.01,0.0,4.33,-9.77,-3.48,15.28,5.26,-52.62,4.0
1.0,-0.01,0.0,4.33,-9.77,-3.48,15.28,5.26,-52.62,4.0
1.03,-0.05,-0.0,10.13,-10.44,-2.56,15.61,5.85,-53.02,4.0
1.03,-0.05,-0.0,10.13,-10.44,-2.56,15.61,5.85,-53.02,4.0
1.01,-0.05,0.0,8.85,-10.56,-1.53,15.61,5.85,-53.02,4.0
1.0,-0.03,0.03,1.46,-9.77,-0.92,15.61,5.85,-53.02,4.0
1.0,-0.03,0.03,1.46,-9.77,-0.92,15.61,5.85,-53.02,4.0
1.01,-0.04,0.02,-0.98,-8.85,-1.59,15.61,5.85,-53.02,4.0
1.0,-0.04,-0.01,-6.23,-6.9,-1.95,15.14,5.44,-52.42,4.0
1.0,-0.02,0.01,-9.46,-5.8,-0.73,15.14,5.44,-52.42,4.0
1.0,0.05,0.03,-3.91,-7.02,-1.16,15.14,5.44,-52.42,4.0
0.98,0.03,0.05,7.02,-7.26,-2.5,15.23,5.52,-53.48,4.0
1.01,-0.09,-0.01,2.32,-5.92,-2.14,15.23,5.52,-53.48,4.0
1.01,-0.09,-0.01,2.32,-5.92,-2.14,15.23,5.52,-53.48,4.0
1.01,-0.09,-0.01,2.32,-5.92,-2.14,15.23,5.52,-53.48,4.0
1.01,-0.08,-0.01,-9.4,-4.27,-1.77,15.23,5.52,-53.48,4.0
0.96,-0.05,0.03,-13.12,-2.93,-2.32,15.01,6.07,-54.1,4.0
0.96,-0.05,0.03,-13.12,-2.93,-2.32,15.01,6.07,-54.1,4.0
1.01,-0.0,-0.0,-11.29,-2.93,-2.56,15.01,6.07,-54.1,4.0
0.99,-0.04,-0.01,-4.39,-3.85,-2.62,15.01,6.07,-54.1,4.0
0.99,-0.04,-0.01,-4.39,-3.85,-2.62,15.01,6.07,-54.1,4.0
0.99,-0.06,-0.03,-3.6,-4.52,-1.59,15.5,5.63,-53.97,4.0
1.0,-0.04,-0.02,-5.62,-5.86,-1.4,15.5,5.63,-53.97,4.0
0.99,-0.01,-0.0,-3.54,-6.04,-2.26,15.5,5.63,-53.97,4.0
0.99,-0.01,-0.0,-3.54,-6.04,-2.26,15.5,5.63,-53.97,4.0
1.0,-0.09,-0.0,-0.67,-5.98,-2.81,15.5,5.63,-53.97,4.0
1.05,-0.11,-0.05,-6.35,-6.47,-0.49,15.3,5.76,-54.02,4.0
0.99,-0.02,-0.0,-9.64,-6.84,-0.73,15.3,5.76,-54.02,4.0
0.99,-0.02,-0.0,-9.64,-6.84,-0.73,15.3,5.76,-54.02,4.0
1.0,0.03,0.02,-6.47,-7.14,-2.38,15.3,5.76,-54.02,4.0
1.01,-0.01,0.0,0.79,-7.32,-3.78,15.22,5.2,-53.76,4.0
1.0,-0.1,0.01,-2.69,-6.9,-3.36,15.22,5.2,-53.76,4.0
1.0,-0.1,0.01,-2.69,-6.9,-3.36,15.22,5.2,-53.76,4.0
0.99,-0.1,0.01,-7.63,-6.41,-2.87,15.22,5.2,-53.76,4.0
0.99,-0.02,0.02,-13.98,-6.59,-1.83,15.22,5.2,-53.76,4.0
0.99,-0.02,0.02,-13.98,-6.59,-1.83,15.22,5.2,-53.76,4.0
1.0,0.01,0.03,-10.74,-7.2,-2.81,15.11,5.96,-53.83,4.0
1.0,0.01,0.03,-10.74,-7.2,-2.81,15.11,5.96,-53.83,4.0
1.01,-0.01,0.05,1.34,-7.81,-5.55,15.11,5.96,-53.83,4.0
1.0,-0.01,0.07,5.19,-7.81,-6.65,15.2,6.04,-54.79,4.0
1.0,-0.06,0.08,5.31,-7.39,-7.57,15.2,6.04,-54.79,4.0
1.0,-0.06,0.08,5.31,-7.39,-7.57,15.2,6.04,-54.79,4.0
1.0,-0.14,0.05,-11.66,-2.93,-4.64,14.15,5.53,-54.5,4.0
0.99,-0.12,0.06,-14.34,-2.87,-3.66,14.15,5.53,-54.5,4.0
0.99,-0.12,0.06,-14.34,-2.87,-3.66,14.15,5.53,-54.5,4.0
1.01,-0.05,0.06,-11.29,-3.3,-3.05,14.15,5.53,-54.5,4.0
0.98,-0.06,0.08,-2.38,-3.6,-3.6,14.86,5.68,-54.5,4.0
0.98,-0.06,0.08,-2.38,-3.6,-3.6,14.86,5.68,-54.5,4.0
0.98,-0.06,0.08,-2.38,-3.6,-3.6,14.86,5.68,-54.5,4.0
0.98,-0.1,0.1,2.69,-2.81,-4.39,14.86,5.68,-54.5,4.0
0.98,-0.1,0.1,2.69,-2.81,-4.39,14.86,5.68,-54.5,4.0
0.98,-0.1,0.1,2.69,-2.81,-4.39,14.86,5.68,-54.5,4.0
0.98,-0.1,0.1,2.69,-2.81,-4.39,14.86,5.68,-54.5,4.0
0.98,-0.14,0.09,-0.79,-1.89,-3.54,14.86,5.68,-54.5,4.0
0.99,-0.14,0.07,-2.26,-0.85,-2.14,14.34,6.08,-54.46,4.0
1.0,-0.11,0.05,-7.87,-0.73,-1.04,14.34,6.08,-54.46,4.0
0.99,-0.09,0.05,-8.54,-0.43,-1.28,14.34,6.08,-54.46,4.0
0.99,-0.09,0.05,-8.54,-0.43,-1.28,14.34,6.08,-54.46,4.0
0.99,-0.12,0.03,-3.17,-0.43,-0.55,14.54,5.73,-54.85,4.0
0.99,-0.12,0.03,-3.17,-0.43,-0.55,14.54,5.73,-54.85,4.0
0.99,-0.1,0.04,-5.13,-0.37,-0.67,14.54,5.73,-54.85,4.0
0.99,-0.1,0.04,-5.13,-0.37,-0.67,14.54,5.73,-54.85,4.0
0.99,-0.1,0.04,-5.13,-0.37,-0.67,14.54,5.73,-54.85,4.0
0.99,-0.1,0.04,-5.13,-0.37,-0.67,14.54,5.73,-54.85,4.0
0.98,-0.05,0.06,-6.04,-0.85,-0.61,14.42,6.1,-54.87,4.0
0.98,-0.05,0.06,-6.04,-0.85,-0.61,14.42,6.1,-54.87,4.0
1.0,-0.08,0.02,-3.85,-0.43,-0.24,14.42,6.1,-54.87,4.0
1.0,-0.06,0.03,-7.02,-1.1,-1.22,14.31,5.79,-54.38,4.0
1.0,-0.06,0.03,-7.02,-1.1,-1.22,14.31,5.79,-54.38,4.0
1.0,-0.06,0.03,-7.02,-1.1,-1.22,14.31,5.79,-54.38,4.0
1.0,-0.06,0.03,-7.02,-1.1,-1.22,14.31,5.79,-54.38,4.0
1.0,-0.06,0.06,-3.42,-2.01,-2.75,14.61,5.75,-54.39,4.0
1.0,-0.06,0.07,-2.56,-1.89,-2.87,14.61,5.75,-54.39,4.0
1.0,-0.11,0.08,-1.4,-1.4,-3.17,14.26,5.8,-54.13,4.0
1.01,-0.18,0.04,-4.76,0.12,-2.69,14.26,5.8,-54.13,4.0
1.01,-0.18,0.04,-4.76,0.12,-2.69,14.26,5.8,-54.13,4.0
1.01,-0.18,0.04,-4.76,0.12,-2.69,14.26,5.8,-54.13,4.0
0.97,-0.17,0.05,-15.01,1.22,0.24,14.26,5.8,-54.13,4.0
0.97,-0.17,0.05,-15.01,1.22,0.24,14.26,5.8,-54.13,4.0
0.97,-0.17,0.05,-15.01,1.22,0.24,14.26,5.8,-54.13,4.0
1.02,-0.14,0.03,-15.69,1.4,2.87,14.09,5.36,-55.07,4.0
0.99,-0.09,0.02,-12.76,0.92,5.13,14.09,5.36,-55.07,4.0
0.97,-0.03,0.04,-7.14,-0.24,3.72,14.09,5.36,-55.07,4.0
0.97,-0.03,0.04,-7.14,-0.24,3.72,14.09,5.36,-55.07,4.0
1.0,-0.05,0.02,3.54,-1.16,0.85,14.75,6.04,-54.46,4.0
1.0,-0.05,0.02,3.54,-1.16,0.85,14.75,6.04,-54.46,4.0
1.01,-0.12,0.03,-3.91,-1.71,1.65,14.75,6.04,-54.46,4.0
0.98,-0.05,0.06,-5.92,-1.89,2.44,14.32,6.24,-55.21,4.0
0.99,-0.01,0.07,-1.89,-2.44,2.14,14.32,6.24,-55.21,4.0
0.99,-0.01,0.07,-1.89,-2.44,2.14,14.32,6.24,-55.21,4.0
0.99,-0.07,0.08,2.69,-2.01,0.73,14.32,6.24,-55.21,4.0
1.02,-0.06,0.04,-7.32,-0.18,0.67,14.79,5.38,-55.11,4.0
0.99,-0.03,0.05,-8.61,-0.43,1.04,14.79,5.38,-55.11,4.0
0.99,-0.03,0.05,-8.61,-0.43,1.04,14.79,5.38,-55.11,4.0
0.99,-0.03,0.05,-8.61,-0.43,1.04,14.79,5.38,-55.11,4.0
0.99,-0.0,0.06,-6.53,-1.1,0.85,14.79,5.38,-55.11,4.0
0.99,-0.0,0.06,-6.53,-1.1,0.85,14.79,5.38,-55.11,4.0
0.99,-0.0,0.06,-6.53,-1.1,0.85,14.79,5.38,-55.11,4.0
1.02,-0.01,0.04,-0.67,-1.34,-0.67,13.61,5.51,-55.3,4.0
1.02,-0.01,0.04,-0.67,-1.34,-0.67,13.61,5.51,-55.3,4.0
1.02,-0.01,0.04,-0.67,-1.34,-0.67,13.61,5.51,-55.3,4.0
1.02,-0.01,0.04,-0.67,-1.34,-0.67,13.61,5.51,-55.3,4.0
0.98,-0.09,0.06,-0.31,-1.28,-1.59,13.61,5.51,-55.3,4.0
0.97,-0.08,0.06,-4.52,-0.85,-0.67,13.61,5.51,-55.3,4.0
0.97,-0.09,0.07,-6.16,0.31,0.73,14.6,4.92,-55.43,4.0
0.97,-0.09,0.07,-6.16,0.31,0.73,14.6,4.92,-55.43,4.0
0.99,-0.05,0.04,-23.13,1.71,5.25,14.22,5.22,-54.9,4.0
0.99,-0.05,0.04,-23.13,1.71,5.25,14.22,5.22,-54.9,4.0
1.0,-0.04,0.04,-13.55,0.55,2.38,14.22,5.22,-54.9,4.0
1.0,-0.04,0.04,-13.55,0.55,2.38,14.22,5.22,-54.9,4.0
1.0,0.0,0.08,-9.89,-0.37,1.22,14.36,5.04,-56.03,4.0
1.0,0.0,0.08,-9.89,-0.37,1.22,14.36,5.04,-56.03,4.0
1.0,0.0,0.08,-9.89,-0.37,1.22,14.36,5.04,-56.03,4.0
1.0,0.0,0.08,-9.89,-0.37,1.22,14.36,5.04,-56.03,4.0
1.0,-0.08,0.06,-2.56,0.55,0.0,14.36,5.04,-56.03,4.0
0.97,-0.16,0.04,-10.38,2.14,2.62,14.36,5.04,-56.03,4.0
0.97,-0.16,0.04,-10.38,2.14,2.62,14.36,5.04,-56.03,4.0
1.03,-0.1,0.02,-19.71,2.81,4.27,14.62,5.73,-56.41,4.0
1.01,0.02,0.02,-24.48,1.95,3.48,14.62,5.73,-56.41,4.0
1.01,0.02,0.02,-24.48,1.95,3.48,14.62,5.73,-56.41,4.0
1.01,0.02,0.02,-24.48,1.95,3.48,14.62,5.73,-56.41,4.0
1.01,0.02,0.02,-24.48,1.95,3.48,14.62,5.73,-56.41,4.0
1.0,-0.03,0.02,-12.02,-1.22,-0.79,14.94,4.63,-56.04,4.0
1.0,-0.03,0.02,-12.02,-1.22,-0.79,14.94,4.63,-56.04,4.0
1.02,-0.05,0.03,-15.32,-1.46,-1.34,14.76,4.99,-55.64,4.0
1.02,-0.05,0.03,-15.32,-1.46,-1.34,14.76,4.99,-55.64,4.0
1.0,-0.05,0.06,-16.17,-2.14,-1.46,14.76,4.99,-55.64,4.0
1.0,-0.05,0.06,-16.17,-2.14,-1.46,14.76,4.99,-55.64,4.0
0.99,-0.08,0.08,-12.57,-2.01,-0.49,14.76,4.99,-55.64,4.0
1.0,-0.16,0.1,-8.18,0.43,0.06,14.65,4.55,-56.7,4.0
1.07,-0.02,0.05,-20.69,2.69,3.3,14.56,4.5,-56.63,4.0
1.07,-0.02,0.05,-20.69,2.69,3.3,14.56,4.5,-56.63,4.0
1.03,-0.03,0.06,-14.77,1.71,2.14,14.56,4.5,-56.63,4.0
1.03,-0.03,0.06,-14.77,1.71,2.14,14.56,4.5,-56.63,4.0
1.03,-0.03,0.06,-14.77,1.71,2.14,14.56,4.5,-56.63,4.0
1.02,-0.07,0.11,-2.5,0.73,0.12,14.56,4.5,-56.63,4.0
1.02,-0.07,0.11,-2.5,0.73,0.12,14.56,4.5,-56.63,4.0
1.02,-0.07,0.11,-2.5,0.73,0.12,14.56,4.5,-56.63,4.0
1.02,-0.1,0.11,-0.61,1.46,0.24,14.75,4.6,-56.76,4.0
1.02,-0.1,0.11,-0.61,1.46,0.24,14.75,4.6,-56.76,4.0
1.02,-0.1,0.11,-0.61,1.46,0.24,14.75,4.6,-56.76,4.0
0.98,-0.14,0.1,-3.17,3.6,2.01,14.75,4.6,-56.76,4.0
0.99,-0.15,0.08,-13.43,5.37,5.0,14.75,4.6,-56.76,4.0
0.99,-0.15,0.08,-13.43,5.37,5.0,14.75,4.6,-56.76,4.0
1.01,-0.05,0.01,-26.43,6.53,7.45,14.42,4.22,-57.8,4.0
1.01,0.04,0.03,-7.63,2.69,4.94,14.93,4.32,-57.86,4.0
1.01,0.04,0.03,-7.63,2.69,4.94,14.93,4.32,-57.86,4.0
0.99,-0.1,0.06,-4.58,2.93,3.05,14.93,4.32,-57.86,4.0
0.99,-0.1,0.06,-4.58,2.93,3.05,14.93,4.32,-57.86,4.0
0.98,-0.11,0.08,-11.72,4.94,5.55,14.94,2.88,-57.97,4.0
0.98,-0.11,0.08,-11.72,4.94,5.55,14.94,2.88,-57.97,4.0
0.98,-0.11,0.08,-11.72,4.94,5.55,14.94,2.88,-57.97,4.0
0.98,-0.11,0.08,-11.72,4.94,5.55,14.94,2.88,-57.97,4.0
0.98,-0.11,0.08,-11.72,4.94,5.55,14.94,2.88,-57.97,4.0
1.01,-0.12,0.01,-16.48,5.92,9.83,14.94,2.88,-57.97,4.0
1.0,-0.06,-0.0,-29.36,6.47,11.78,14.94,2.88,-57.97,4.0
0.97,0.07,0.01,-34.85,5.8,12.57,15.27,3.61,-57.15,4.0
1.0,0.11,0.01,-24.11,3.66,9.64,15.27,3.61,-57.15,4.0
0.99,-0.02,-0.0,-14.77,1.65,5.55,15.54,2.99,-56.62,4.0
0.99,-0.02,-0.0,-14.77,1.65,5.55,15.54,2.99,-56.62,4.0
1.0,0.05,-0.01,-18.43,-0.67,3.36,15.21,3.09,-56.82,4.0
1.0,0.05,-0.01,-18.43,-0.67,3.36,15.21,3.09,-56.82,4.0
1.0,0.02,0.01,-12.76,-1.53,2.5,15.21,3.09,-56.82,4.0
1.0,0.03,0.03,-7.14,-2.99,1.53,15.21,3.09,-56.82,4.0
1.02,0.01,0.01,-2.93,-3.72,0.98,15.48,3.04,-57.58,4.0
1.02,0.01,0.01,-2.93,-3.72,0.98,15.48,3.04,-57.58,4.0
1.01,0.02,0.04,-4.03,-5.0,0.24,15.48,3.04,-57.58,4.0
1.01,0.02,0.04,-4.03,-5.0,0.24,15.48,3.04,-57.58,4.0
1.01,0.02,0.04,-4.03,-5.0,0.24,15.48,3.04,-57.58,4.0
0.99,-0.01,0.08,-2.32,-5.0,-2.08,15.48,3.04,-57.58,4.0
0.99,-0.01,0.08,-2.32,-5.0,-2.08,15.48,3.04,-57.58,4.0
1.01,-0.02,0.09,3.54,-5.43,-2.5,15.04,2.1,-56.82,4.0
1.0,-0.08,0.1,7.02,-4.82,-2.44,15.04,2.1,-56.82,4.0
0.99,-0.11,0.12,5.74,-2.5,0.37,14.81,2.6,-57.97,4.0
0.98,-0.08,0.13,5.25,-1.71,1.4,14.81,2.6,-57.97,4.0
0.98,-0.08,0.13,5.25,-1.71,1.4,14.81,2.6,-57.97,4.0
0.97,-0.08,0.13,8.61,-0.31,2.38,14.81,2.6,-57.97,4.0
0.96,-0.12,0.11,9.03,1.16,4.03,15.08,3.86,-57.47,4.0
1.0,-0.11,0.09,3.78,2.5,7.14,15.08,3.86,-57.47,4.0
1.0,-0.11,0.09,3.78,2.5,7.14,15.08,3.86,-57.47,4.0
1.0,-0.07,0.09,-0.61,3.36,9.46,15.08,3.86,-57.47,4.0
0.99,-0.06,0.08,-0.73,4.27,10.01,15.61,3.11,-57.09,4.0
0.98,-0.05,0.07,-2.38,4.27,11.05,15.61,3.11,-57.09,4.0
0.99,-0.03,0.03,-6.71,4.82,12.94,15.61,3.11,-57.09,4.0
1.0,0.01,-0.01,-13.98,4.82,13.49,15.61,3.11,-57.09,4.0
0.99,0.04,-0.01,-16.54,4.46,13.85,15.31,2.58,-55.74,4.0
0.99,0.04,-0.01,-16.54,4.46,13.85,15.31,2.58,-55.74,4.0
0.99,0.11,0.01,-15.2,2.62,11.78,15.31,2.58,-55.74,4.0
1.01,0.16,0.01,-4.7,-0.18,8.36,15.31,2.58,-55.74,4.0
1.04,0.1,-0.0,7.81,-2.62,4.39,15.38,2.45,-57.06,4.0
1.04,0.1,-0.0,7.81,-2.62,4.39,15.38,2.45,-57.06,4.0
0.99,0.03,0.02,10.68,-4.52,2.2,15.38,2.45,-57.06,4.0
1.0,0.05,0.03,6.96,-5.07,1.71,15.38,2.45,-57.06,4.0
0.98,0.04,0.03,5.55,-5.25,2.01,15.53,2.1,-57.56,4.0
0.98,0.04,0.03,5.55,-5.25,2.01,15.53,2.1,-57.56,4.0
0.96,0.05,0.07,3.36,-5.31,1.89,15.53,2.1,-57.56,4.0
1.02,0.04,0.04,2.5,-5.43,1.34,15.53,2.1,-57.56,4.0
1.02,0.04,0.04,2.5,-5.43,1.34,15.53,2.1,-57.56,4.0
1.04,0.04,0.05,0.85,-6.04,0.73,15.25,1.55,-57.09,4.0
1.04,0.04,0.05,0.85,-6.04,0.73,15.25,1.55,-57.09,4.0
1.06,0.05,0.07,0.79,-7.08,0.0,15.25,1.55,-57.09,4.0
1.07,0.06,0.09,4.88,-8.12,-1.71,15.25,1.55,-57.09,4.0
1.07,0.06,0.09,4.88,-8.12,-1.71,15.25,1.55,-57.09,4.0
1.02,0.02,0.13,10.38,-8.12,-2.14,15.25,1.55,-57.09,4.0
1.0,-0.01,0.15,11.17,-7.51,-2.01,15.39,2.17,-57.04,4.0
0.99,0.0,0.17,12.08,-5.74,-1.77,15.39,2.17,-57.04,4.0
0.99,0.0,0.17,12.08,-5.74,-1.77,15.39,2.17,-57.04,4.0
0.98,-0.02,0.17,10.13,-2.93,-1.16,15.39,2.17,-57.04,4.0
1.02,-0.03,0.14,1.16,-1.28,-0.12,14.99,1.97,-58.01,4.0
0.99,-0.01,0.16,-1.83,0.67,-1.1,14.99,1.97,-58.01,4.0
0.99,-0.01,0.16,-1.83,0.67,-1.1,14.99,1.97,-58.01,4.0
0.99,-0.01,0.16,-1.83,0.67,-1.1,14.99,1.97,-58.01,4.0
0.99,-0.06,0.15,-2.01,1.4,-0.79,14.99,1.97,-58.01,4.0
0.95,0.01,0.17,-0.37,2.08,1.65,15.78,2.14,-57.48,4.0
0.95,0.01,0.14,7.02,3.17,1.53,15.78,2.14,-57.48,4.0
0.95,0.01,0.14,7.02,3.17,1.53,15.78,2.14,-57.48,4.0
0.98,-0.04,0.12,9.34,3.72,0.92,15.78,2.14,-57.48,4.0
0.98,-0.04,0.12,9.34,3.72,0.92,15.78,2.14,-57.48,4.0
0.98,-0.04,0.12,9.34,3.72,0.92,15.78,2.14,-57.48,4.0
1.04,-0.1,0.08,3.11,4.94,1.77,15.78,2.14,-57.48,4.0
1.06,-0.07,0.05,-7.39,5.07,3.48,15.3,1.89,-57.32,4.0
1.01,0.02,0.09,-7.63,5.0,3.91,15.3,1.89,-57.32,4.0
1.01,0.02,0.09,-7.63,5.0,3.91,15.3,1.89,-57.32,4.0
0.99,-0.01,0.09,5.68,4.21,4.27,15.3,1.89,-57.32,4.0
0.97,0.0,0.07,5.25,4.94,5.55,15.19,1.42,-57.47,4.0
0.97,0.0,0.07,5.25,4.94,5.55,15.19,1.42,-57.47,4.0
0.99,0.02,0.06,0.49,5.13,4.76,15.19,1.42,-57.47,4.0
0.99,0.02,0.06,0.49,5.13,4.76,15.19,1.42,-57.47,4.0
1.0,0.03,0.05,-0.61,4.76,3.97,15.6,2.1,-57.45,4.0
1.0,0.03,0.05,-0.61,4.76,3.97,15.6,2.1,-57.45,4.0
0.99,0.02,0.05,0.24,4.52,3.85,15.6,2.1,-57.45,4.0
0.99,0.07,0.04,2.62,3.72,4.76,15.6,2.1,-57.45,4.0
1.0,0.07,0.03,6.71,2.99,3.6,16.04,1.89,-56.99,4.0
1.0,0.07,0.03,6.71,2.99,3.6,16.04,1.89,-56.99,4.0
1.0,0.09,0.06,8.42,1.4,1.59,16.04,1.89,-56.99,4.0
1.01,0.06,0.07,14.4,0.67,-0.43,16.04,1.89,-56.99,4.0
1.01,0.01,0.08,15.93,0.85,-0.85,15.43,1.6,-57.36,4.0
1.01,0.01,0.08,15.93,0.85,-0.85,15.43,1.6,-57.36,4.0
0.99,-0.02,0.08,10.99,2.44,0.61,15.43,1.6,-57.36,4.0
0.99,-0.02,0.08,10.99,2.44,0.61,15.43,1.6,-57.36,4.0
1.0,-0.01,0.08,7.32,3.17,1.77,15.43,1.6,-57.36,4.0
1.0,-0.01,0.08,7.32,3.17,1.77,15.43,1.6,-57.36,4.0
1.0,-0.01,0.08,7.32,3.17,1.77,15.43,1.6,-57.36,4.0
0.98,0.07,0.08,2.01,3.72,2.93,16.32,2.27,-56.57,4.0
0.99,0.04,0.09,4.94,4.39,1.4,16.32,2.27,-56.57,4.0
0.99,0.04,0.09,4.94,4.39,1.4,16.32,2.27,-56.57,4.0
0.99,0.04,0.09,4.94,4.39,1.4,16.32,2.27,-56.57,4.0
0.99,0.04,0.09,4.94,4.39,1.4,16.32,2.27,-56.57,4.0
0.99,0.04,0.09,4.94,4.39,1.4,16.32,2.27,-56.57,4.0
0.99,0.04,0.09,4.94,4.39,1.4,16.32,2.27,-56.57,4.0
0.98,-0.01,0.07,5.13,4.94,1.22,16.32,2.27,-56.57,4.0
1.0,-0.0,0.04,-0.85,6.04,4.03,16.22,2.01,-56.76,4.0
1.0,-0.0,0.04,-0.85,6.04,4.03,16.22,2.01,-56.76,4.0
1.0,0.07,0.04,-0.61,5.55,4.76,15.95,2.19,-57.09,4.0
1.0,0.07,0.04,-0.61,5.55,4.76,15.95,2.19,-57.09,4.0
0.99,0.05,0.04,4.15,5.07,3.66,15.95,2.19,-57.09,4.0
0.99,0.1,-0.01,-3.97,4.52,3.85,15.69,1.93,-56.25,4.0
0.99,0.1,-0.01,-3.97,4.52,3.85,15.69,1.93,-56.25,4.0
0.99,0.1,-0.01,-3.97,4.52,3.85,15.69,1.93,-56.25,4.0
0.99,0.11,0.01,2.14,3.11,2.56,15.69,1.93,-56.25,4.0
0.99,0.11,0.01,2.14,3.11,2.56,15.69,1.93,-56.25,4.0
0.98,0.08,-0.01,7.63,2.38,2.2,16.02,2.14,-56.63,4.0
0.98,0.08,-0.01,7.63,2.38,2.2,16.02,2.14,-56.63,4.0
1.01,0.09,-0.05,-4.76,1.1,1.46,16.02,2.14,-56.63,4.0
1.01,0.09,-0.05,-4.76,1.1,1.46,16.02,2.14,-56.63,4.0
1.02,0.12,-0.04,-6.04,0.31,0.18,16.11,1.64,-56.99,4.0
1.02,0.12,-0.04,-6.04,0.31,0.18,16.11,1.64,-56.99,4.0
1.02,0.12,-0.04,-6.04,0.31,0.18,16.11,1.64,-56.99,4.0
1.02,0.1,0.01,10.19,-4.09,-3.42,16.11,1.64,-56.99,4.0
1.02,0.1,0.01,10.19,-4.09,-3.42,16.11,1.64,-56.99,4.0
0.99,-0.02,0.01,7.45,-3.91,-2.5,15.42,1.66,-56.88,4.0
0.99,-0.02,0.01,7.45,-3.91,-2.5,15.42,1.66,-56.88,4.0
0.99,-0.02,0.01,7.45,-3.91,-2.5,15.42,1.66,-56.88,4.0
1.02,-0.01,-0.0,0.73,-3.72,-1.46,15.42,1.66,-56.88,4.0
0.98,0.12,0.03,-0.67,-4.94,-0.92,15.81,1.67,-57.82,4.0
1.02,0.02,0.01,8.61,-6.77,-3.23,15.81,1.67,-57.82,4.0
1.02,0.02,0.01,8.61,-6.77,-3.23,15.81,1.67,-57.82,4.0
1.02,0.02,0.01,8.61,-6.77,-3.23,15.81,1.67,-57.82,4.0
0.98,0.09,0.08,3.48,-7.2,-2.93,15.98,1.71,-56.54,4.0
0.98,0.09,0.08,3.48,-7.2,-2.93,15.98,1.71,-56.54,4.0
0.99,-0.02,0.07,3.48,-5.62,-3.3,15.73,2.47,-55.96,4.0
0.99,-0.02,0.07,3.48,-5.62,-3.3,15.73,2.47,-55.96,4.0
1.04,-0.01,0.07,-3.36,-5.55,-2.99,15.73,2.47,-55.96,4.0
1.04,-0.01,0.07,-3.36,-5.55,-2.99,15.73,2.47,-55.96,4.0
1.04,-0.01,0.07,-3.36,-5.55,-2.99,15.73,2.47,-55.96,4.0
0.99,-0.01,0.07,-5.8,-4.64,-1.77,15.73,2.47,-55.96,4.0
0.99,-0.01,0.07,-5.8,-4.64,-1.77,15.73,2.47,-55.96,4.0
0.99,0.02,0.08,-4.7,-5.43,-0.12,15.73,2.47,-55.96,4.0
0.99,0.02,0.08,-4.7,-5.43,-0.12,15.73,2.47,-55.96,4.0
1.0,0.01,0.06,3.72,-4.88,-2.14,15.66,2.09,-55.96,4.0
1.0,0.01,0.06,3.72,-4.88,-2.14,15.66,2.09,-55.96,4.0
1.0,0.01,0.06,3.72,-4.88,-2.14,15.66,2.09,-55.96,4.0
1.0,-0.01,0.11,-2.08,-4.27,-1.53,15.45,2.97,-56.98,4.0
0.97,0.04,0.14,9.4,-2.08,-1.71,15.45,2.97,-56.98,4.0
0.97,0.04,0.14,9.4,-2.08,-1.71,15.45,2.97,-56.98,4.0
0.97,0.04,0.14,9.4,-2.08,-1.71,15.45,2.97,-56.98,4.0
0.97,0.03,0.13,8.3,-1.83,-0.98,15.31,3.15,-57.9,4.0
0.97,0.03,0.13,8.3,-1.83,-0.98,15.31,3.15,-57.9,4.0
1.07,-0.1,0.09,2.81,0.61,-3.23,15.31,3.15,-57.9,4.0
0.97,0.09,0.16,-3.23,1.28,1.1,15.38,2.4,-56.91,4.0
0.97,0.09,0.16,-3.23,1.28,1.1,15.38,2.4,-56.91,4.0
0.97,0.03,0.13,11.29,2.56,0.06,15.38,2.4,-56.91,4.0
0.97,0.03,0.13,11.29,2.56,0.06,15.38,2.4,-56.91,4.0
0.97,0.03,0.13,11.29,2.56,0.06,15.38,2.4,-56.91,4.0
0.97,0.03,0.13,11.29,2.56,0.06,15.38,2.4,-56.91,4.0
1.0,0.01,0.09,1.95,4.33,1.28,15.39,2.37,-56.46,4.0
1.0,0.01,0.09,1.95,4.33,1.28,15.39,2.37,-56.46,4.0
1.0,0.01,0.09,1.95,4.33,1.28,15.39,2.37,-56.46,4.0
1.0,0.01,0.09,1.95,4.33,1.28,15.39,2.37,-56.46,4.0
1.0,0.01,0.09,1.95,4.33,1.28,15.39,2.37,-56.46,4.0
0.96,0.1,0.13,4.15,3.85,-2.32,15.39,2.37,-56.46,4.0
0.99,-0.11,0.09,12.45,5.07,-3.54,15.39,2.37,-56.46,4.0
0.99,-0.11,0.09,12.45,5.07,-3.54,15.39,2.37,-56.46,4.0
0.99,-0.11,0.09,12.45,5.07,-3.54,15.39,2.37,-56.46,4.0
0.97,0.07,0.08,-2.44,6.71,3.97,15.48,2.19,-56.68,4.0
0.97,0.07,0.08,-2.44,6.71,3.97,15.48,2.19,-56.68,4.0
0.97,0.07,0.08,-2.44,6.71,3.97,15.48,2.19,-56.68,4.0
1.09,0.09,-0.02,13.0,3.11,-2.14,15.5,2.0,-56.38,4.0
1.09,0.09,-0.02,13.0,3.11,-2.14,15.5,2.0,-56.38,4.0
1.09,0.09,-0.02,13.0,3.11,-2.14,15.5,2.0,-56.38,4.0
1.09,0.09,-0.02,13.0,3.11,-2.14,15.5,2.0,-56.38,4.0
1.09,0.09,-0.02,13.0,3.11,-2.14,15.5,2.0,-56.38,4.0
1.03,0.05,0.0,13.0,2.08,-3.78,15.5,2.0,-56.38,4.0
0.93,-0.1,0.02,-6.16,3.11,-1.71,15.7,2.5,-56.34,4.0
1.04,0.04,-0.03,-6.16,-0.61,3.97,16.06,2.86,-55.64,4.0
1.04,0.04,-0.03,-6.16,-0.61,3.97,16.06,2.86,-55.64,4.0
0.96,0.09,0.05,10.86,-4.03,-1.1,16.06,2.86,-55.64,4.0
1.03,-0.1,-0.02,5.31,0.61,6.84,15.58,2.38,-55.7,4.0
1.03,-0.1,-0.02,5.31,0.61,6.84,15.58,2.38,-55.7,4.0
0.99,0.07,0.06,-9.83,-1.1,7.26,15.58,2.38,-55.7,4.0
0.99,0.07,0.06,-9.83,-1.1,7.26,15.58,2.38,-55.7,4.0
0.93,0.07,0.12,0.92,-1.53,4.88,15.33,2.44,-56.1,4.0
0.98,0.07,0.09,14.04,-1.04,6.65,15.33,2.44,-56.1,4.0
1.02,0.09,0.05,15.5,-0.06,7.51,15.33,2.44,-56.1,4.0
1.02,0.09,0.05,15.5,-0.06,7.51,15.33,2.44,-56.1,4.0
1.02,0.09,0.05,15.5,-0.06,7.51,15.33,2.44,-56.1,4.0
1.03,0.09,0.01,11.9,0.49,5.25,15.33,2.44,-56.1,4.0
1.02,0.05,0.05,6.77,-0.61,4.21,15.65,2.89,-56.12,4.0
1.02,0.05,0.05,6.77,-0.61,4.21,15.65,2.89,-56.12,4.0
1.02,0.05,0.05,6.77,-0.61,4.21,15.65,2.89,-56.12,4.0
1.02,0.05,0.05,6.77,-0.61,4.21,15.65,2.89,-56.12,4.0
0.98,0.09,0.09,1.22,-0.49,2.99,15.65,2.89,-56.12,4.0
1.02,0.1,0.08,4.52,0.85,3.36,15.65,2.89,-56.12,4.0
0.97,0.13,0.04,3.05,0.79,0.85,15.81,2.49,-56.09,4.0
0.97,0.13,0.04,3.05,0.79,0.85,15.81,2.49,-56.09,4.0
1.02,0.11,0.04,4.88,0.67,-1.83,15.81,2.49,-56.09,4.0
0.94,0.05,0.06,-0.67,-0.12,-0.98,15.16,1.7,-56.64,4.0
0.91,0.07,0.09,7.14,-0.67,-2.01,15.16,1.7,-56.64,4.0
0.98,0.0,0.04,13.0,0.0,-2.99,15.62,2.42,-56.56,4.0
1.02,-0.04,0.04,14.16,-0.67,-2.32,15.62,2.42,-56.56,4.0
1.02,-0.04,0.04,14.16,-0.67,-2.32,15.62,2.42,-56.56,4.0
1.02,-0.04,0.04,14.16,-0.67,-2.32,15.62,2.42,-56.56,4.0
1.02,-0.04,0.04,14.16,-0.67,-2.32,15.62,2.42,-56.56,4.0
1.02,-0.04,0.05,13.79,-0.92,-2.93,15.62,2.42,-56.56,4.0
0.93,-0.14,0.08,13.61,-0.49,-3.05,15.2,3.09,-55.91,4.0
0.96,-0.13,0.07,9.95,1.46,0.49,15.2,3.09,-55.91,4.0
0.96,-0.13,0.07,9.95,1.46,0.49,15.2,3.09,-55.91,4.0
1.01,-0.01,0.05,9.95,1.59,7.02,15.2,3.09,-55.91,4.0
1.01,-0.01,0.05,9.95,1.59,7.02,15.2,3.09,-55.91,4.0
1.01,-0.01,0.05,9.95,1.59,7.02,15.2,3.09,-55.91,4.0
1.0,0.04,0.07,28.93,0.06,4.15,15.36,2.99,-55.77,4.0
1.01,-0.07,0.05,28.44,0.37,3.17,15.36,2.99,-55.77,4.0
0.97,-0.13,0.09,24.41,2.14,6.35,15.53,2.67,-55.4,4.0
0.97,-0.05,0.08,15.81,2.93,8.97,15.53,2.67,-55.4,4.0
0.97,-0.05,0.08,15.81,2.93,8.97,15.53,2.67,-55.4,4.0
1.02,0.06,0.03,28.26,3.54,10.93,15.53,2.67,-55.4,4.0
1.02,0.03,0.01,28.87,3.17,10.44,15.47,3.94,-56.53,4.0
0.97,0.04,0.02,22.46,3.05,10.56,15.47,3.94,-56.53,4.0
0.97,0.04,0.02,22.46,3.05,10.56,15.47,3.94,-56.53,4.0
1.0,0.15,0.02,13.31,3.6,11.78,15.47,3.94,-56.53,4.0
1.0,0.13,-0.03,12.76,3.85,9.16,15.33,3.26,-55.42,4.0
1.0,0.13,-0.03,12.76,3.85,9.16,15.33,3.26,-55.42,4.0
1.07,0.12,-0.05,7.32,2.62,7.39,15.33,3.26,-55.42,4.0
1.03,0.14,-0.02,6.47,0.79,6.59,15.33,3.26,-55.42,4.0
0.98,0.16,0.0,9.46,0.0,6.04,15.31,2.73,-55.77,4.0
0.98,0.16,0.0,9.46,0.0,6.04,15.31,2.73,-55.77,4.0
0.98,0.16,0.02,16.97,-1.28,5.07,15.31,2.73,-55.77,4.0
0.99,0.14,0.0,22.09,-1.22,3.91,15.31,2.73,-55.77,4.0
0.97,0.08,-0.0,19.17,-1.16,4.15,15.31,2.73,-55.77,4.0
1.02,0.11,0.01,11.05,-1.16,4.03,15.41,2.86,-54.87,4.0
1.02,0.11,0.01,11.05,-1.16,4.03,15.41,2.86,-54.87,4.0
1.02,0.11,0.01,11.05,-1.16,4.03,15.41,2.86,-54.87,4.0
1.02,0.11,0.01,11.05,-1.16,4.03,15.41,2.86,-54.87,4.0
1.03,0.07,0.0,7.39,-1.34,2.69,15.41,2.86,-54.87,4.0
0.97,0.05,0.03,3.48,-1.65,3.11,15.41,2.86,-54.87,4.0
0.97,0.05,0.06,3.3,-1.28,3.48,15.92,3.34,-55.92,4.0
0.97,0.05,0.06,3.3,-1.28,3.48,15.92,3.34,-55.92,4.0
0.97,0.05,0.06,3.3,-1.28,3.48,15.92,3.34,-55.92,4.0
0.99,0.1,0.04,4.03,-0.31,5.98,15.92,3.34,-55.92,4.0
0.99,0.1,0.04,4.03,-0.31,5.98,15.92,3.34,-55.92,4.0
1.03,0.19,0.02,-1.83,-0.85,3.97,16.04,2.95,-55.37,4.0
1.03,0.19,0.02,-1.83,-0.85,3.97,16.04,2.95,-55.37,4.0
0.99,0.17,0.01,1.53,-0.92,1.16,16.04,2.95,-55.37,4.0
0.99,0.17,0.01,1.53,-0.92,1.16,16.04,2.95,-55.37,4.0
0.99,0.14,0.01,0.85,-1.46,-0.06,16.04,2.95,-55.37,4.0
0.99,0.14,0.01,0.85,-1.46,-0.06,16.04,2.95,-55.37,4.0
0.99,0.14,0.01,0.85,-1.46,-0.06,16.04,2.95,-55.37,4.0
1.02,0.14,-0.01,-1.04,-1.4,-0.55,15.19,2.72,-55.14,4.0
1.02,0.14,-0.01,-1.04,-1.4,-0.55,15.19,2.72,-55.14,4.0
1.01,0.16,0.01,-4.27,-4.15,-2.32,15.19,2.72,-55.14,4.0
1.01,0.16,0.01,-4.27,-4.15,-2.32,15.19,2.72,-55.14,4.0
1.01,0.16,0.01,-4.27,-4.15,-2.32,15.19,2.72,-55.14,4.0
1.0,0.16,0.02,0.49,-5.31,-3.54,15.5,3.05,-56.25,4.0
0.97,0.1,0.04,5.92,-6.77,-5.68,15.5,3.05,-56.25,4.0
0.97,0.1,0.04,5.92,-6.77,-5.68,15.5,3.05,-56.25,4.0
0.97,0.1,0.04,5.92,-6.77,-5.68,15.5,3.05,-56.25,4.0
0.99,0.09,0.06,7.51,-7.69,-7.26,15.32,2.87,-56.1,4.0
0.99,0.09,0.06,7.51,-7.69,-7.26,15.32,2.87,-56.1,4.0
0.99,0.09,0.06,7.51,-7.69,-7.26,15.32,2.87,-56.1,4.0
0.96,0.04,0.09,1.71,-7.87,-5.07,15.31,3.11,-56.26,4.0
0.99,0.04,0.11,1.1,-6.59,-5.13,15.31,3.11,-56.26,4.0
1.03,-0.01,0.1,0.43,-6.04,-5.19,15.31,3.11,-56.26,4.0
0.95,-0.02,0.14,-2.44,-5.37,-2.56,15.0,3.3,-56.99,4.0
0.96,0.03,0.12,5.92,-4.39,-1.04,15.33,3.52,-58.12,4.0
0.99,-0.0,0.12,4.15,-4.33,-1.65,15.33,3.52,-58.12,4.0
0.99,-0.0,0.12,4.15,-4.33,-1.65,15.33,3.52,-58.12,4.0
1.07,-0.0,0.09,0.92,-3.97,-1.46,15.33,3.52,-58.12,4.0
1.07,-0.0,0.09,0.92,-3.97,-1.46,15.33,3.52,-58.12,4.0
1.07,-0.0,0.09,0.92,-3.97,-1.46,15.33,3.52,-58.12,4.0
1.07,-0.0,0.09,0.92,-3.97,-1.46,15.33,3.52,-58.12,4.0
1.07,-0.0,0.09,0.92,-3.97,-1.46,15.33,3.52,-58.12,4.0
0.98,0.08,0.19,-0.98,-3.78,-0.55,15.2,3.97,-56.86,4.0
0.98,0.06,0.16,8.18,-3.11,-1.16,15.2,3.97,-56.86,4.0
0.98,0.06,0.16,8.18,-3.11,-1.16,15.2,3.97,-56.86,4.0
0.98,0.06,0.16,8.18,-3.11,-1.16,15.2,3.97,-56.86,4.0
1.03,-0.01,0.13,8.24,-1.34,-1.77,15.2,3.97,-56.86,4.0
1.0,-0.03,0.12,-2.32,0.06,-0.43,15.21,3.05,-56.62,4.0
0.99,0.1,0.11,-2.5,0.24,0.73,15.23,2.82,-56.41,4.0
1.01,0.08,0.1,-1.1,-0.37,-1.1,15.23,2.82,-56.41,4.0
1.01,0.08,0.1,-1.1,-0.37,-1.1,15.23,2.82,-56.41,4.0
0.99,-0.01,0.08,0.43,-0.31,-0.67,15.38,3.33,-56.14,4.0
0.99,-0.01,0.08,0.43,-0.31,-0.67,15.38,3.33,-56.14,4.0
0.99,-0.01,0.08,0.43,-0.31,-0.67,15.38,3.33,-56.14,4.0
0.99,-0.01,0.08,0.43,-0.31,-0.67,15.38,3.33,-56.14,4.0
0.99,-0.01,0.08,0.43,-0.31,-0.67,15.38,3.33,-56.14,4.0
0.99,-0.01,0.08,0.43,-0.31,-0.67,15.38,3.33,-56.14,4.0
0.99,0.09,0.1,-8.91,-0.61,0.06,15.38,3.33,-56.14,4.0
0.99,0.09,0.1,-8.91,-0.61,0.06,15.38,3.33,-56.14,4.0
0.99,0.09,0.1,-8.91,-0.61,0.06,15.38,3.33,-56.14,4.0
0.96,0.14,0.11,-7.2,-0.73,-0.92,15.38,3.33,-56.14,4.0
1.0,0.13,0.11,-1.46,-1.71,-3.23,15.38,4.13,-57.01,4.0
1.0,-0.01,0.12,1.16,-1.1,-5.25,15.38,4.13,-57.01,4.0
1.0,-0.01,0.12,1.16,-1.1,-5.25,15.38,4.13,-57.01,4.0
1.0,-0.01,0.12,1.16,-1.1,-5.25,15.38,4.13,-57.01,4.0
0.99,-0.01,0.12,-8.54,0.79,-1.16,15.26,3.38,-55.74,4.0
0.99,-0.01,0.12,-8.54,0.79,-1.16,15.26,3.38,-55.74,4.0
0.99,-0.01,0.12,-8.54,0.79,-1.16,15.26,3.38,-55.74,4.0
0.99,-0.01,0.12,-8.54,0.79,-1.16,15.26,3.38,-55.74,4.0
0.99,-0.01,0.12,-8.54,0.79,-1.16,15.26,3.38,-55.74,4.0
0.99,0.08,0.11,-3.42,0.43,-2.2,15.26,3.38,-55.74,4.0
1.0,0.07,0.11,-0.92,0.0,-3.85,15.31,3.19,-56.63,4.0
1.0,0.07,0.11,-0.92,0.0,-3.85,15.31,3.19,-56.63,4.0
1.0,0.02,0.11,-0.98,0.43,-4.03,15.31,3.19,-56.63,4.0
0.98,0.01,0.1,-8.12,1.95,-2.01,15.19,3.53,-56.65,4.0
0.98,0.01,0.1,-8.12,1.95,-2.01,15.19,3.53,-56.65,4.0
0.98,0.01,0.1,-8.12,1.95,-2.01,15.19,3.53,-56.65,4.0
0.99,0.0,0.07,-4.09,2.26,-1.59,14.71,3.03,-57.82,4.0
0.99,0.0,0.07,-4.09,2.26,-1.59,14.71,3.03,-57.82,4.0
0.95,0.04,0.07,-13.67,1.28,0.79,14.71,3.03,-57.82,4.0
0.95,0.04,0.07,-13.67,1.28,0.79,14.71,3.03,-57.82,4.0
0.96,0.09,0.09,-14.04,0.92,1.28,14.71,3.03,-57.82,4.0
0.95,0.14,0.09,-7.69,0.06,-0.67,15.08,2.17,-56.37,4.0
0.95,0.14,0.09,-7.69,0.06,-0.67,15.08,2.17,-56.37,4.0
1.04,-0.03,0.03,-7.2,1.65,-2.56,15.08,2.17,-56.37,4.0
1.02,0.11,0.04,-23.38,0.85,0.37,15.01,3.42,-56.13,4.0
1.0,0.1,0.05,-17.09,-0.18,-0.67,15.01,3.42,-56.13,4.0
1.0,0.1,0.05,-17.09,-0.18,-0.67,15.01,3.42,-56.13,4.0
1.0,0.09,0.04,-13.61,-0.79,-1.65,15.01,3.42,-56.13,4.0
1.0,0.09,0.04,-13.61,-0.79,-1.65,15.01,3.42,-56.13,4.0
1.0,0.09,0.04,-13.61,-0.79,-1.65,15.01,3.42,-56.13,4.0
0.98,0.11,0.05,-11.29,-1.77,-2.5,15.1,2.66,-56.64,4.0
0.98,0.11,0.05,-11.29,-1.77,-2.5,15.1,2.66,-56.64,4.0
0.97,0.07,0.05,-6.41,-2.32,-4.33,15.1,2.66,-56.64,4.0
0.97,0.07,0.05,-6.41,-2.32,-4.33,15.1,2.66,-56.64,4.0
1.05,0.03,0.03,-7.08,-2.93,-5.74,15.1,2.66,-56.64,4.0
0.99,0.03,0.07,-8.79,-4.76,-6.53,15.04,2.54,-56.73,4.0
0.99,0.03,0.07,-8.79,-4.76,-6.53,15.04,2.54,-56.73,4.0
0.99,0.04,0.09,-1.71,-4.58,-5.62,14.81,3.1,-57.09,4.0
0.99,0.04,0.09,-1.71,-4.58,-5.62,14.81,3.1,-57.09,4.0
0.99,0.04,0.09,-1.71,-4.58,-5.62,14.81,3.1,-57.09,4.0
1.0,-0.02,0.1,-3.66,-3.66,-7.14,14.81,3.1,-57.09,4.0
1.0,-0.02,0.1,-3.66,-3.66,-7.14,14.81,3.1,-57.09,4.0
1.0,-0.02,0.1,-3.66,-3.66,-7.14,14.81,3.1,-57.09,4.0
1.01,0.05,0.13,-20.14,-4.58,-3.54,14.53,3.58,-57.57,4.0
0.96,0.01,0.12,-7.81,-4.21,-3.85,14.53,3.58,-57.57,4.0
0.96,0.01,0.12,-7.81,-4.21,-3.85,14.53,3.58,-57.57,4.0
0.96,0.01,0.12,-7.81,-4.21,-3.85,14.53,3.58,-57.57,4.0
0.98,-0.02,0.12,-3.66,-3.6,-3.17,14.53,3.58,-57.57,4.0
0.98,-0.02,0.12,-3.66,-3.6,-3.17,14.53,3.58,-57.57,4.0
1.0,0.01,0.11,-2.32,-2.44,-5.62,15.11,2.99,-56.93,4.0
1.01,-0.09,0.12,-12.51,-1.04,-2.69,15.11,2.99,-56.93,4.0
1.01,-0.09,0.12,-12.51,-1.04,-2.69,15.11,2.99,-56.93,4.0
1.01,-0.09,0.12,-12.51,-1.04,-2.69,15.11,2.99,-56.93,4.0
1.01,-0.09,0.12,-12.51,-1.04,-2.69,15.11,2.99,-56.93,4.0
1.01,-0.09,0.12,-12.51,-1.04,-2.69,15.11,2.99,-56.93,4.0
1.03,0.1,0.12,-8.06,-1.59,1.28,15.04,2.49,-57.47,4.0
1.03,0.1,0.12,-8.06,-1.59,1.28,15.04,2.49,-57.47,4.0
1.03,0.1,0.12,-8.06,-1.59,1.28,15.04,2.49,-57.47,4.0
0.97,0.03,0.11,-4.21,-1.95,-0.49,15.04,2.49,-57.47,4.0
0.97,0.03,0.11,-4.21,-1.95,-0.49,15.04,2.49,-57.47,4.0
0.97,0.03,0.11,-4.21,-1.95,-0.49,15.04,2.49,-57.47,4.0
0.98,-0.02,0.1,-11.66,-1.04,-0.37,14.77,3.27,-59.14,4.0
1.0,0.07,0.11,-12.33,-0.98,0.43,14.77,3.27,-59.14,4.0
1.0,0.07,0.11,-12.33,-0.98,0.43,14.77,3.27,-59.14,4.0
1.0,0.07,0.11,-12.33,-0.98,0.43,14.77,3.27,-59.14,4.0
1.0,0.07,0.11,-12.33,-0.98,0.43,14.77,3.27,-59.14,4.0
1.0,0.07,0.11,-12.33,-0.98,0.43,14.77,3.27,-59.14,4.0
1.0,0.07,0.11,-12.33,-0.98,0.43,14.77,3.27,-59.14,4.0
1.03,0.04,0.06,-9.46,-4.21,-3.54,15.1,2.56,-58.62,4.0
0.99,-0.0,0.12,-1.77,-4.58,-3.72,15.1,2.56,-58.62,4.0
0.99,-0.0,0.12,-1.77,-4.58,-3.72,15.1,2.56,-58.62,4.0
0.99,-0.0,0.12,-1.77,-4.58,-3.72,15.1,2.56,-58.62,4.0
0.99,0.06,0.13,-7.93,-5.19,-3.42,15.11,2.56,-57.47,4.0
0.99,0.06,0.13,-7.93,-5.19,-3.42,15.11,2.56,-57.47,4.0
0.99,0.06,0.13,-7.93,-5.19,-3.42,15.11,2.56,-57.47,4.0
0.99,0.06,0.13,-7.93,-5.19,-3.42,15.11,2.56,-57.47,4.0
0.99,-0.02,0.17,-6.84,-4.58,-1.77,14.97,3.25,-58.3,4.0
0.99,-0.02,0.17,-6.84,-4.58,-1.77,14.97,3.25,-58.3,4.0
0.98,0.04,0.16,-1.16,-3.72,-2.2,14.97,3.25,-58.3,4.0
0.96,-0.07,0.18,-6.65,-2.38,-4.7,14.44,2.95,-56.75,4.0
0.97,-0.08,0.19,-9.46,-1.1,-2.99,14.44,2.95,-56.75,4.0
0.98,0.02,0.17,-5.8,0.67,-0.43,14.66,2.33,-59.69,4.0
0.98,0.02,0.17,-5.8,0.67,-0.43,14.66,2.33,-59.69,4.0
0.98,-0.05,0.15,-4.03,0.79,-2.32,14.66,2.33,-59.69,4.0
0.98,-0.09,0.15,-7.51,1.83,-1.89,14.5,2.75,-58.96,4.0
0.98,-0.09,0.15,-7.51,1.83,-1.89,14.5,2.75,-58.96,4.0
0.98,-0.09,0.15,-7.51,1.83,-1.89,14.5,2.75,-58.96,4.0
0.98,-0.09,0.15,-7.51,1.83,-1.89,14.5,2.75,-58.96,4.0
1.0,-0.01,0.12,-11.66,1.77,2.62,14.5,2.75,-58.96,4.0
1.0,-0.01,0.12,-11.66,1.77,2.62,14.5,2.75,-58.96,4.0
1.0,-0.01,0.12,-11.66,1.77,2.62,14.5,2.75,-58.96,4.0
1.0,0.01,0.12,-7.87,1.53,2.93,14.5,2.75,-58.96,4.0
1.0,0.01,0.12,-7.87,1.53,2.93,14.5,2.75,-58.96,4.0
1.0,0.01,0.12,-5.37,1.1,2.08,14.6,2.97,-58.84,4.0
1.0,0.01,0.12,-5.37,1.1,2.08,14.6,2.97,-58.84,4.0
1.0,0.01,0.1,-3.6,0.43,1.34,14.78,2.2,-58.44,4.0
1.0,0.01,0.1,-3.6,0.43,1.34,14.78,2.2,-58.44,4.0
1.0,0.01,0.11,-3.72,-0.12,-0.12,14.78,2.2,-58.44,4.0
1.0,0.01,0.11,-3.72,-0.12,-0.12,14.78,2.2,-58.44,4.0
1.0,0.01,0.11,-3.72,-0.12,-0.12,14.78,2.2,-58.44,4.0
1.0,0.07,0.14,-0.55,-0.55,0.24,14.59,2.1,-57.4,4.0
0.96,0.03,0.14,3.11,-0.12,-2.14,14.59,2.1,-57.4,4.0
0.98,-0.05,0.14,1.83,0.43,-2.75,15.03,2.92,-58.04,4.0
1.0,-0.06,0.09,-7.87,2.26,-0.18,15.03,2.92,-58.04,4.0
1.03,0.04,0.09,-11.47,0.79,2.01,14.94,2.2,-58.47,4.0
1.03,0.04,0.09,-11.47,0.79,2.01,14.94,2.2,-58.47,4.0
0.97,0.08,0.13,-4.58,-0.92,0.06,14.94,2.2,-58.47,4.0
0.97,0.08,0.13,-4.58,-0.92,0.06,14.94,2.2,-58.47,4.0
0.97,0.05,0.14,7.57,-0.49,-2.32,14.94,2.2,-58.47,4.0
0.98,-0.05,0.11,6.77,-0.37,-1.04,15.15,2.23,-58.76,4.0
0.98,-0.05,0.11,6.77,-0.37,-1.04,15.15,2.23,-58.76,4.0
0.98,-0.05,0.11,6.77,-0.37,-1.04,15.15,2.23,-58.76,4.0
1.06,-0.03,0.09,-1.77,-0.49,-0.31,15.15,2.23,-58.76,4.0
0.97,-0.0,0.13,-6.59,-0.55,-0.43,15.15,2.23,-58.76,4.0
0.97,-0.0,0.13,-6.59,-0.55,-0.43,15.15,2.23,-58.76,4.0
0.95,0.01,0.16,-3.91,-0.18,-0.31,15.15,2.23,-58.76,4.0
0.97,0.03,0.15,1.71,0.12,0.37,14.26,2.14,-58.03,4.0
0.97,0.03,0.15,1.71,0.12,0.37,14.26,2.14,-58.03,4.0
1.0,-0.05,0.1,-4.33,1.89,2.01,14.26,2.14,-58.03,4.0
1.0,0.01,0.11,-11.6,1.4,2.56,14.89,1.92,-58.67,4.0
1.0,0.01,0.11,-11.6,1.4,2.56,14.89,1.92,-58.67,4.0
1.0,0.01,0.11,-11.6,1.4,2.56,14.89,1.92,-58.67,4.0
1.02,0.09,0.12,-4.52,0.73,0.18,14.89,1.92,-58.67,4.0
0.98,0.02,0.13,15.08,0.0,0.18,14.89,1.92,-58.67,4.0
0.96,0.03,0.15,1.59,0.06,0.85,14.66,2.16,-58.83,4.0
0.96,0.03,0.15,1.59,0.06,0.85,14.66,2.16,-58.83,4.0
0.97,0.05,0.13,2.5,0.85,-0.31,14.66,2.16,-58.83,4.0
0.97,0.05,0.13,2.5,0.85,-0.31,14.66,2.16,-58.83,4.0
1.03,-0.02,0.11,-3.36,0.55,-1.4,14.66,2.16,-58.83,4.0
1.03,-0.02,0.11,-3.36,0.55,-1.4,14.66,2.16,-58.83,4.0
1.03,-0.02,0.11,-3.36,0.55,-1.4,14.66,2.16,-58.83,4.0
0.99,0.01,0.15,-2.38,0.55,1.89,14.88,1.92,-58.03,4.0
0.99,0.01,0.15,-2.38,0.55,1.89,14.88,1.92,-58.03,4.0
0.99,0.01,0.15,-2.38,0.55,1.89,14.88,1.92,-58.03,4.0
0.96,0.05,0.15,-1.22,0.73,2.26,14.88,1.92,-58.03,4.0
1.01,-0.03,0.09,-2.38,0.43,-1.83,14.79,1.64,-58.35,4.0
0.98,-0.02,0.15,-9.16,-0.12,-0.31,15.09,2.48,-58.19,4.0
0.98,-0.02,0.15,-9.16,-0.12,-0.31,15.09,2.48,-58.19,4.0
0.96,0.05,0.15,-3.97,0.49,2.2,15.09,2.48,-58.19,4.0
1.02,0.01,0.08,2.26,1.65,2.2,15.09,2.48,-58.19,4.0
1.02,0.01,0.08,2.26,1.65,2.2,15.09,2.48,-58.19,4.0
1.05,0.0,0.07,-0.06,1.22,1.77,15.09,2.48,-58.19,4.0
1.05,0.0,0.07,-0.06,1.22,1.77,15.09,2.48,-58.19,4.0
1.05,0.0,0.07,-0.06,1.22,1.77,15.09,2.48,-58.19,4.0
1.03,0.02,0.12,-7.32,-0.06,-1.34,14.73,2.04,-59.11,4.0
0.96,-0.02,0.15,-3.3,0.92,-1.65,14.73,2.04,-59.11,4.0
0.97,0.01,0.12,-0.31,1.22,2.08,14.73,2.04,-59.11,4.0
1.02,0.03,0.1,0.67,0.98,2.5,14.86,1.2,-58.92,4.0
1.02,0.03,0.1,0.67,0.98,2.5,14.86,1.2,-58.92,4.0
1.01,-0.02,0.16,0.55,0.12,-2.14,14.86,1.2,-58.92,4.0
0.94,-0.02,0.19,-0.37,1.28,-1.77,14.71,2.5,-58.19,4.0
0.94,-0.02,0.19,-0.37,1.28,-1.77,14.71,2.5,-58.19,4.0
0.98,-0.07,0.12,-2.14,2.62,-0.12,14.71,2.5,-58.19,4.0
1.0,0.03,0.09,-8.3,3.36,3.85,14.71,2.5,-58.19,4.0
1.03,0.05,0.09,-9.52,2.14,3.78,14.79,1.79,-58.61,4.0
1.03,0.05,0.09,-9.52,2.14,3.78,14.79,1.79,-58.61,4.0
1.03,0.05,0.09,-9.52,2.14,3.78,14.79,1.79,-58.61,4.0
1.01,0.08,0.11,-6.59,0.43,0.18,14.79,1.79,-58.61,4.0
0.98,0.03,0.16,-1.53,0.31,-1.59,14.79,1.79,-58.61,4.0
0.96,-0.07,0.14,3.85,1.71,-1.59,14.79,1.79,-58.61,4.0
0.96,-0.07,0.14,3.85,1.71,-1.59,14.79,1.79,-58.61,4.0
0.96,-0.07,0.14,3.85,1.71,-1.59,14.79,1.79,-58.61,4.0
0.96,-0.08,0.13,-2.75,2.56,1.77,14.86,1.66,-59.5,4.0
0.96,-0.08,0.13,-2.75,2.56,1.77,14.86,1.66,-59.5,4.0
0.96,-0.08,0.13,-2.75,2.56,1.77,14.86,1.66,-59.5,4.0
0.96,-0.08,0.13,-2.75,2.56,1.77,14.86,1.66,-59.5,4.0
1.03,0.05,0.1,-5.43,2.56,3.11,14.86,1.66,-59.5,4.0
0.99,0.07,0.12,0.12,1.65,0.73,15.05,1.34,-57.96,4.0
0.98,-0.01,0.13,2.5,1.59,-0.55,15.05,1.34,-57.96,4.0
0.99,-0.0,0.12,0.24,2.2,1.28,15.05,1.34,-57.96,4.0
0.99,-0.0,0.12,0.24,2.2,1.28,15.05,1.34,-57.96,4.0
0.99,-0.0,0.12,0.24,2.2,1.28,15.05,1.34,-57.96,4.0
0.99,-0.0,0.12,0.24,2.2,1.28,15.05,1.34,-57.96,4.0
0.99,-0.0,0.12,0.24,2.2,1.28,15.05,1.34,-57.96,4.0
0.99,-0.0,0.12,0.24,2.2,1.28,15.05,1.34,-57.96,4.0
0.99,-0.08,0.15,2.75,2.62,0.98,15.11,1.89,-58.36,4.0
1.0,-0.06,0.14,-5.07,3.85,3.91,15.34,2.03,-58.02,4.0
1.0,-0.06,0.14,-5.07,3.85,3.91,15.34,2.03,-58.02,4.0
1.0,-0.06,0.14,-5.07,3.85,3.91,15.34,2.03,-58.02,4.0
0.95,0.02,0.14,-6.23,4.76,4.09,15.34,2.03,-58.02,4.0
0.95,0.02,0.14,-6.23,4.76,4.09,15.34,2.03,-58.02,4.0
0.95,0.02,0.14,-6.23,4.76,4.09,15.34,2.03,-58.02,4.0
0.95,0.02,0.14,-6.23,4.76,4.09,15.34,2.03,-58.02,4.0
0.95,0.02,0.14,-6.23,4.76,4.09,15.34,2.03,-58.02,4.0
1.0,0.03,0.1,-3.36,5.0,3.6,15.34,2.03,-58.02,4.0
1.0,0.04,0.09,0.61,3.72,2.93,15.12,1.43,-57.84,4.0
1.02,0.01,0.07,2.69,2.99,2.14,15.12,1.43,-57.84,4.0
1.02,0.01,0.07,2.69,2.99,2.14,15.12,1.43,-57.84,4.0
1.0,-0.0,0.08,1.95,2.56,2.2,15.69,1.4,-58.78,4.0
1.0,-0.0,0.08,1.95,2.56,2.2,15.69,1.4,-58.78,4.0
0.98,0.01,0.11,-2.14,2.5,1.77,15.16,1.57,-57.9,4.0
0.98,0.01,0.11,-2.14,2.5,1.77,15.16,1.57,-57.9,4.0
0.98,0.01,0.11,-2.14,2.5,1.77,15.16,1.57,-57.9,4.0
1.0,0.04,0.09,0.67,2.62,2.5,15.16,1.57,-57.9,4.0
1.0,0.04,0.09,0.67,2.62,2.5,15.16,1.57,-57.9,4.0
1.0,0.04,0.09,0.67,2.62,2.5,15.16,1.57,-57.9,4.0
1.02,0.08,0.1,3.11,2.14,2.75,15.16,1.57,-57.9,4.0
1.02,0.08,0.1,3.11,2.14,2.75,15.16,1.57,-57.9,4.0
1.02,0.08,0.1,3.11,2.14,2.75,15.16,1.57,-57.9,4.0
1.02,0.08,0.1,3.11,2.14,2.75,15.16,1.57,-57.9,4.0
0.96,0.07,0.14,10.5,1.59,1.95,14.81,1.89,-58.07,4.0
0.96,0.07,0.14,10.5,1.59,1.95,14.81,1.89,-58.07,4.0
0.98,-0.01,0.1,10.62,2.5,0.67,14.81,1.89,-58.07,4.0
0.98,-0.01,0.1,10.62,2.5,0.67,14.81,1.89,-58.07,4.0
0.98,0.14,0.13,-3.66,2.08,2.26,14.94,2.09,-58.87,4.0
0.98,-0.05,0.1,15.56,2.14,-2.2,14.94,2.09,-58.87,4.0
0.98,-0.05,0.1,15.56,2.14,-2.2,14.94,2.09,-58.87,4.0
1.0,0.12,0.11,-3.85,3.54,4.94,14.97,1.93,-58.83,4.0
1.0,0.12,0.11,-3.85,3.54,4.94,14.97,1.93,-58.83,4.0
1.0,0.12,0.11,-3.85,3.54,4.94,14.97,1.93,-58.83,4.0
1.0,0.12,0.11,-3.85,3.54,4.94,14.97,1.93,-58.83,4.0
0.99,-0.02,0.09,4.46,3.72,0.98,15.1,1.68,-58.17,4.0
1.0,0.03,0.05,-0.79,4.03,3.91,15.1,1.68,-58.17,4.0
1.0,0.03,0.05,-0.79,4.03,3.91,15.1,1.68,-58.17,4.0
1.0,0.03,0.05,-0.79,4.03,3.91,15.1,1.68,-58.17,4.0
1.01,0.09,0.06,-1.53,3.6,4.33,15.1,1.68,-58.17,4.0
1.01,0.09,0.06,-1.53,3.6,4.33,15.1,1.68,-58.17,4.0
1.01,0.09,0.06,-1.53,3.6,4.33,15.1,1.68,-58.17,4.0
1.0,0.12,0.04,0.24,2.75,1.89,15.01,2.43,-58.31,4.0
1.01,-0.01,0.06,5.62,1.1,-0.12,14.92,2.03,-58.65,4.0
1.01,-0.01,0.06,5.62,1.1,-0.12,14.92,2.03,-58.65,4.0
1.01,-0.01,0.06,5.62,1.1,-0.12,14.92,2.03,-58.65,4.0
1.0,0.03,0.05,1.4,0.92,1.1,14.92,2.03,-58.65,4.0
1.0,0.03,0.05,1.4,0.92,1.1,14.92,2.03,-58.65,4.0
0.97,0.08,0.09,3.85,-0.67,-0.73,14.92,2.03,-58.65,4.0
0.97,0.08,0.09,3.85,-0.67,-0.73,14.92,2.03,-58.65,4.0
0.97,0.08,0.09,3.85,-0.67,-0.73,14.92,2.03,-58.65,4.0
0.99,0.01,0.09,2.14,0.73,1.34,14.9,1.97,-58.15,4.0
0.99,0.01,0.09,2.14,0.73,1.34,14.9,1.97,-58.15,4.0
0.99,0.01,0.09,2.14,0.73,1.34,14.9,1.97,-58.15,4.0
1.0,0.06,0.1,1.4,0.61,1.28,15.1,1.77,-57.65,4.0
0.98,-0.03,0.09,6.84,1.71,-0.06,15.1,1.77,-57.65,4.0
0.98,-0.03,0.09,6.84,1.71,-0.06,15.1,1.77,-57.65,4.0
0.98,-0.03,0.09,6.84,1.71,-0.06,15.1,1.77,-57.65,4.0
0.98,-0.03,0.09,6.84,1.71,-0.06,15.1,1.77,-57.65,4.0
1.02,0.05,0.06,-2.99,2.81,3.42,14.9,2.44,-57.92,4.0
1.02,0.05,0.06,-2.99,2.81,3.42,14.9,2.44,-57.92,4.0
0.99,0.05,0.1,6.71,1.4,-0.12,14.9,2.44,-57.92,4.0
0.97,0.05,0.1,6.59,1.71,2.26,15.34,1.57,-57.04,4.0
1.02,0.0,0.05,2.38,3.3,1.89,15.34,1.57,-57.04,4.0
1.02,0.0,0.05,2.38,3.3,1.89,15.34,1.57,-57.04,4.0
1.01,0.1,0.08,3.48,1.59,-0.67,15.2,2.03,-57.39,4.0
0.98,0.0,0.07,10.44,1.4,-0.49,15.2,2.03,-57.39,4.0
1.02,0.02,0.06,3.6,1.77,0.0,15.03,2.0,-58.02,4.0
1.02,0.02,0.06,3.6,1.77,0.0,15.03,2.0,-58.02,4.0
1.02,0.02,0.06,3.6,1.77,0.0,15.03,2.0,-58.02,4.0
1.02,0.02,0.06,3.6,1.77,0.0,15.03,2.0,-58.02,4.0
1.02,0.02,0.06,3.6,1.77,0.0,15.03,2.0,-58.02,4.0
1.02,0.02,0.06,3.6,1.77,0.0,15.03,2.0,-58.02,4.0
1.02,0.02,0.06,3.6,1.77,0.0,15.03,2.0,-58.02,4.0
1.0,0.07,0.08,-2.32,1.59,0.18,15.03,2.0,-58.02,4.0
1.0,0.07,0.08,-2.32,1.59,0.18,15.03,2.0,-58.02,4.0
1.01,0.08,0.11,-1.59,1.16,-0.49,15.03,2.0,-58.02,4.0
1.01,0.08,0.11,-1.59,1.16,-0.49,15.03,2.0,-58.02,4.0
1.01,0.08,0.11,-1.59,1.16,-0.49,15.03,2.0,-58.02,4.0
0.96,0.0,0.1,6.23,1.4,-2.2,14.86,2.36,-56.88,4.0
0.95,-0.02,0.12,6.04,2.26,-0.55,14.86,2.36,-56.88,4.0
0.97,0.09,0.08,2.75,1.4,-1.28,14.77,1.84,-58.33,4.0
0.97,0.09,0.08,2.75,1.4,-1.28,14.77,1.84,-58.33,4.0
0.97,0.09,0.08,2.75,1.4,-1.28,14.77,1.84,-58.33,4.0
0.97,0.09,0.08,2.75,1.4,-1.28,14.77,1.84,-58.33,4.0
1.01,-0.01,0.04,7.45,1.4,-0.06,14.99,1.54,-57.62,4.0
1.01,0.03,0.09,1.34,1.4,-1.59,14.49,2.19,-57.18,4.0
1.01,0.03,0.09,1.34,1.4,-1.59,14.49,2.19,-57.18,4.0
1.01,0.03,0.09,1.34,1.4,-1.59,14.49,2.19,-57.18,4.0
0.98,-0.0,0.09,2.38,1.59,-1.04,14.49,2.19,-57.18,4.0
0.98,-0.0,0.09,2.38,1.59,-1.04,14.49,2.19,-57.18,4.0
0.98,-0.0,0.09,2.38,1.59,-1.04,14.49,2.19,-57.18,4.0
0.98,-0.0,0.09,2.38,1.59,-1.04,14.49,2.19,-57.18,4.0
0.99,0.0,0.06,3.78,1.89,-0.06,15.12,1.72,-57.93,4.0
0.99,0.0,0.06,3.78,1.89,-0.06,15.12,1.72,-57.93,4.0
0.99,0.0,0.06,3.78,1.89,-0.06,15.12,1.72,-57.93,4.0
0.99,0.06,0.08,0.73,2.08,1.71,15.12,1.72,-57.93,4.0
0.99,0.06,0.08,0.73,2.08,1.71,15.12,1.72,-57.93,4.0
0.99,0.06,0.08,0.73,2.08,1.71,15.12,1.72,-57.93,4.0
0.99,0.06,0.08,0.73,2.08,1.71,15.12,1.72,-57.93,4.0
0.99,0.06,0.08,0.73,2.08,1.71,15.12,1.72,-57.93,4.0
0.99,0.06,0.08,0.73,2.08,1.71,15.12,1.72,-57.93,4.0
0.99,0.06,0.08,0.73,2.08,1.71,15.12,1.72,-57.93,4.0
0.99,0.04,0.04,2.93,2.08,1.71,15.0,1.95,-57.29,4.0
0.99,0.04,0.04,2.93,2.08,1.71,15.0,1.95,-57.29,4.0
1.01,0.07,0.12,1.16,0.06,-1.4,14.69,2.09,-57.92,4.0
1.01,0.07,0.12,1.16,0.06,-1.4,14.69,2.09,-57.92,4.0
1.01,0.07,0.12,1.16,0.06,-1.4,14.69,2.09,-57.92,4.0
1.0,0.0,0.08,8.24,0.79,-1.04,14.69,2.09,-57.92,4.0
0.99,0.01,0.1,4.7,0.67,-0.43,15.3,2.6,-58.19,4.0
1.0,-0.01,0.09,0.79,2.62,0.18,15.12,1.6,-57.8,4.0
1.0,0.01,0.09,9.52,1.77,-1.77,15.12,1.6,-57.8,4.0
0.99,-0.07,0.07,9.64,2.99,0.12,15.05,2.36,-57.09,4.0
0.99,-0.01,0.07,0.06,3.78,3.11,15.05,2.36,-57.09,4.0
0.99,-0.01,0.07,0.06,3.78,3.11,15.05,2.36,-57.09,4.0
0.99,0.0,0.06,-3.78,4.76,3.36,15.05,2.36,-57.09,4.0
1.0,0.04,0.07,-3.3,4.27,3.42,15.16,2.34,-57.24,4.0
1.0,0.04,0.07,-3.3,4.27,3.42,15.16,2.34,-57.24,4.0
0.99,0.06,0.09,5.55,4.33,2.62,15.16,2.34,-57.24,4.0
0.99,0.06,0.09,5.55,4.33,2.62,15.16,2.34,-57.24,4.0
0.99,0.03,0.05,7.26,4.15,3.11,15.16,2.34,-57.24,4.0
0.99,0.03,0.05,7.26,4.15,3.11,15.16,2.34,-57.24,4.0
0.99,0.03,0.05,7.26,4.15,3.11,15.16,2.34,-57.24,4.0
0.98,0.03,0.06,5.62,3.78,2.75,15.59,2.49,-57.35,4.0
1.02,-0.01,0.03,0.98,4.15,2.26,15.59,2.49,-57.35,4.0
1.02,-0.01,0.03,0.98,4.15,2.26,15.59,2.49,-57.35,4.0
1.02,-0.01,0.03,0.98,4.15,2.26,15.59,2.49,-57.35,4.0
1.04,0.03,0.02,-2.75,3.3,3.3,15.59,2.49,-57.35,4.0
1.04,0.03,0.02,-2.75,3.3,3.3,15.59,2.49,-57.35,4.0
1.04,0.03,0.02,-2.75,3.3,3.3,15.59,2.49,-57.35,4.0
1.04,0.03,0.02,-2.75,3.3,3.3,15.59,2.49,-57.35,4.0
1.0,0.09,0.07,12.82,2.08,0.31,15.26,1.97,-57.68,4.0
1.0,-0.02,0.03,5.19,2.2,1.16,15.26,1.97,-57.68,4.0
1.0,-0.02,0.03,5.19,2.2,1.16,15.26,1.97,-57.68,4.0
1.0,-0.01,0.06,-0.31,2.56,1.16,15.44,1.81,-57.5,4.0
0.97,0.13,0.12,7.51,2.32,2.32,15.44,1.81,-57.5,4.0
0.97,0.13,0.12,7.51,2.32,2.32,15.44,1.81,-57.5,4.0
0.97,0.13,0.12,7.51,2.32,2.32,15.44,1.81,-57.5,4.0
1.02,-0.06,0.05,4.88,4.58,0.61,15.0,1.9,-56.76,4.0
1.01,0.06,0.04,-7.26,5.37,3.05,15.34,2.54,-56.76,4.0
0.99,0.16,0.08,-2.2,4.09,3.11,15.34,2.54,-56.76,4.0
0.99,0.16,0.08,-2.2,4.09,3.11,15.34,2.54,-56.76,4.0
0.99,0.07,0.04,14.1,4.21,-1.16,15.34,2.54,-56.76,4.0
1.01,0.01,-0.01,11.17,4.09,0.98,15.11,2.66,-56.13,4.0
1.01,0.01,-0.01,11.17,4.09,0.98,15.11,2.66,-56.13,4.0
1.01,0.01,-0.01,11.17,4.09,0.98,15.11,2.66,-56.13,4.0
1.03,0.12,0.04,2.08,3.11,1.1,15.11,2.66,-56.13,4.0
1.03,0.12,0.04,2.08,3.11,1.1,15.11,2.66,-56.13,4.0
0.98,0.1,0.06,4.27,2.87,-0.67,15.11,2.66,-56.13,4.0
0.98,0.1,0.06,4.27,2.87,-0.67,15.11,2.66,-56.13,4.0
0.99,-0.02,0.06,12.27,3.91,-0.73,15.55,2.21,-55.81,4.0
0.99,-0.02,0.06,12.27,3.91,-0.73,15.55,2.21,-55.81,4.0
1.01,0.05,0.01,0.31,5.37,2.69,15.14,2.65,-56.24,4.0
0.99,0.1,0.06,3.85,4.33,0.24,15.14,2.65,-56.24,4.0
0.98,-0.0,0.04,10.38,4.7,-1.22,15.14,2.65,-56.24,4.0
1.0,-0.01,0.01,4.39,5.68,1.95,15.71,3.11,-56.45,4.0
1.0,-0.01,0.01,4.39,5.68,1.95,15.71,3.11,-56.45,4.0
1.02,0.07,0.0,-4.46,6.04,3.78,15.71,3.11,-56.45,4.0
1.02,0.1,-0.0,-4.15,5.25,1.53,15.71,3.11,-56.45,4.0
1.0,0.08,0.0,-1.34,4.58,-0.18,15.72,2.4,-56.15,4.0
0.98,0.05,0.01,4.21,3.36,-0.61,15.72,2.4,-56.15,4.0
0.98,0.05,0.01,4.21,3.36,-0.61,15.72,2.4,-56.15,4.0
0.99,0.06,0.02,6.77,2.87,0.0,15.72,2.4,-56.15,4.0
1.0,0.05,0.02,7.87,2.99,-0.92,15.72,2.4,-56.15,4.0
1.0,0.05,0.02,7.87,2.99,-0.92,15.72,2.4,-56.15,4.0
1.0,0.0,-0.03,7.32,3.11,-0.98,15.42,2.26,-56.67,4.0
1.0,0.0,-0.03,7.32,3.11,-0.98,15.42,2.26,-56.67,4.0
1.0,0.0,-0.03,7.32,3.11,-0.98,15.42,2.26,-56.67,4.0
1.01,0.02,0.02,0.37,1.71,-0.43,15.42,2.26,-56.67,4.0
0.97,0.05,0.03,2.26,1.65,-0.43,15.42,2.26,-56.67,4.0
0.98,0.05,0.03,7.08,1.89,-0.37,15.14,3.08,-55.4,4.0
1.0,0.03,0.01,8.97,1.89,-0.06,15.14,3.08,-55.4,4.0
1.0,0.03,0.01,8.97,1.89,-0.06,15.14,3.08,-55.4,4.0
1.0,0.03,0.01,8.97,1.89,-0.06,15.14,3.08,-55.4,4.0
0.98,0.08,0.02,3.23,0.67,0.49,15.86,2.88,-56.12,4.0
0.99,0.09,0.03,6.84,0.98,-0.37,15.86,2.88,-56.12,4.0
0.99,0.06,-0.0,8.79,1.53,-0.79,15.86,2.88,-56.12,4.0
1.02,0.02,0.04,5.8,1.22,-1.53,15.31,2.69,-55.81,4.0
1.02,0.02,0.04,5.8,1.22,-1.53,15.31,2.69,-55.81,4.0
1.01,-0.0,0.04,2.2,1.89,-1.59,15.31,2.69,-55.81,4.0
1.01,-0.0,0.04,2.2,1.89,-1.59,15.31,2.69,-55.81,4.0
0.97,0.01,0.06,-0.24,3.72,0.85,15.31,2.69,-55.81,4.0
1.0,0.05,0.01,-0.92,3.85,2.56,15.31,2.69,-55.81,4.0
1.0,0.05,0.01,-0.92,3.85,2.56,15.31,2.69,-55.81,4.0
1.01,0.07,-0.02,-2.69,3.91,2.32,15.38,2.71,-55.57,4.0
1.01,0.07,-0.02,-2.69,3.91,2.32,15.38,2.71,-55.57,4.0
1.01,0.1,0.03,-0.61,1.59,-0.79,15.38,2.71,-55.57,4.0
1.01,0.08,0.02,8.79,1.22,-1.53,15.58,3.16,-56.54,4.0
0.98,0.01,0.02,11.72,1.77,-1.95,15.58,3.16,-56.54,4.0
0.99,-0.03,0.0,-5.43,3.66,0.85,15.34,2.94,-56.38,4.0
1.02,0.06,-0.03,-13.61,4.15,2.69,15.34,2.94,-56.38,4.0
1.02,0.06,-0.03,-13.61,4.15,2.69,15.34,2.94,-56.38,4.0
1.0,0.14,0.01,-7.87,2.56,2.14,15.34,2.94,-56.38,4.0
1.0,0.14,0.01,-7.87,2.56,2.14,15.34,2.94,-56.38,4.0
1.0,0.14,0.01,-7.87,2.56,2.14,15.34,2.94,-56.38,4.0
1.0,0.14,0.01,-7.87,2.56,2.14,15.34,2.94,-56.38,4.0
1.0,0.14,0.01,-7.87,2.56,2.14,15.34,2.94,-56.38,4.0
1.0,0.14,0.01,-7.87,2.56,2.14,15.34,2.94,-56.38,4.0
1.0,0.16,0.03,9.7,0.12,-2.14,15.34,2.94,-56.38,4.0
1.0,0.16,0.03,9.7,0.12,-2.14,15.34,2.94,-56.38,4.0
0.98,0.02,0.03,17.76,-0.06,-3.6,15.52,2.82,-56.16,4.0
0.98,0.02,0.03,17.76,-0.06,-3.6,15.52,2.82,-56.16,4.0
0.98,0.02,0.03,17.76,-0.06,-3.6,15.52,2.82,-56.16,4.0
1.01,-0.11,-0.01,16.05,1.16,-2.81,15.52,2.82,-56.16,4.0
0.99,-0.11,0.01,6.59,1.59,-0.43,15.52,2.82,-56.16,4.0
1.0,-0.0,0.0,9.16,0.92,-1.77,15.78,2.72,-55.75,4.0
0.98,0.03,0.01,5.13,0.79,2.38,15.38,3.03,-55.92,4.0
0.98,0.03,0.01,5.13,0.79,2.38,15.38,3.03,-55.92,4.0
0.98,0.03,0.01,5.13,0.79,2.38,15.38,3.03,-55.92,4.0
1.01,0.04,0.02,1.83,2.56,2.93,15.76,2.4,-55.27,4.0
1.01,0.04,0.02,1.83,2.56,2.93,15.76,2.4,-55.27,4.0
1.0,0.02,0.02,1.83,2.75,3.11,15.76,2.4,-55.27,4.0
0.99,0.03,0.02,-0.73,2.87,3.05,15.76,2.4,-55.27,4.0
0.99,0.04,0.01,-1.16,2.75,3.3,16.22,2.86,-55.75,4.0
0.99,0.04,0.01,-1.16,2.75,3.3,16.22,2.86,-55.75,4.0
0.99,0.04,0.01,-1.16,2.75,3.3,16.22,2.86,-55.75,4.0
0.99,0.04,0.01,-0.79,3.05,3.48,16.22,2.86,-55.75,4.0
1.0,0.03,0.0,-1.53,2.81,3.11,16.22,2.86,-55.75,4.0
0.99,0.02,0.02,-1.4,1.71,2.2,15.91,3.63,-55.11,4.0
0.99,0.02,0.02,-1.4,1.71,2.2,15.91,3.63,-55.11,4.0
0.99,0.02,0.02,-1.4,1.71,2.2,15.91,3.63,-55.11,4.0
0.98,0.01,0.01,0.85,1.77,2.44,15.91,3.63,-55.11,4.0
1.0,0.01,0.0,2.69,1.89,3.23,15.84,3.08,-56.1,4.0
1.0,0.01,0.0,2.69,1.89,3.23,15.84,3.08,-56.1,4.0
1.02,-0.04,-0.05,1.83,1.95,2.93,15.84,3.08,-56.1,4.0
1.0,-0.02,-0.02,-3.17,1.4,5.8,15.84,3.08,-56.1,4.0
1.0,-0.02,-0.02,-3.17,1.4,5.8,15.84,3.08,-56.1,4.0
1.0,-0.02,-0.02,-3.17,1.4,5.8,15.84,3.08,-56.1,4.0
1.0,0.1,-0.0,8.61,1.1,4.64,15.37,2.27,-55.25,4.0
1.01,0.09,-0.0,15.26,0.18,2.99,15.37,2.27,-55.25,4.0
0.98,0.1,0.06,15.99,-0.12,1.28,15.37,2.27,-55.25,4.0
0.98,0.1,0.06,15.99,-0.12,1.28,15.37,2.27,-55.25,4.0
0.98,0.1,0.06,15.99,-0.12,1.28,15.37,2.27,-55.25,4.0
0.98,0.11,0.06,16.42,0.55,-0.61,15.93,2.93,-55.87,4.0
1.02,-0.01,-0.01,12.33,3.36,-1.71,15.93,2.93,-55.87,4.0
1.02,-0.01,-0.01,12.33,3.36,-1.71,15.93,2.93,-55.87,4.0
0.97,0.04,0.04,0.31,3.66,1.71,15.75,3.71,-54.93,4.0
1.0,0.08,0.03,-2.14,3.97,1.89,15.75,3.71,-54.93,4.0
1.0,0.08,0.03,-2.14,3.97,1.89,15.75,3.71,-54.93,4.0
1.0,0.08,0.03,-2.14,3.97,1.89,15.75,3.71,-54.93,4.0
0.99,0.13,0.05,9.83,2.99,-0.43,15.75,3.71,-54.93,4.0
0.97,0.1,0.06,13.98,3.11,-2.32,15.82,2.72,-54.43,4.0
1.02,0.01,-0.0,15.62,5.0,-3.85,15.82,2.72,-54.43,4.0
1.02,0.01,-0.0,15.62,5.0,-3.85,15.82,2.72,-54.43,4.0
0.98,0.03,0.03,1.83,6.04,-0.92,15.73,2.92,-54.27,4.0
0.99,0.06,0.03,-1.77,7.26,-1.04,15.73,2.92,-54.27,4.0
0.96,0.09,0.04,-0.24,8.24,-2.44,15.73,2.92,-54.27,4.0
0.96,0.09,0.04,-0.24,8.24,-2.44,15.73,2.92,-54.27,4.0
0.93,0.1,0.1,17.09,12.21,-11.05,16.35,3.64,-54.57,4.0
0.93,0.1,0.1,17.09,12.21,-11.05,16.35,3.64,-54.57,4.0
0.93,0.11,0.09,26.37,16.05,-17.7,16.35,3.64,-54.57,4.0
0.89,0.11,0.1,30.82,17.76,-21.24,16.35,3.64,-54.57,4.0
0.87,0.1,0.1,39.86,21.36,-29.17,15.98,3.93,-54.68,4.0
0.81,0.05,0.11,43.27,23.62,-33.39,15.98,3.93,-54.68,4.0
0.81,0.05,0.11,43.27,23.62,-33.39,15.98,3.93,-54.68,4.0
0.74,-0.04,0.11,47.12,28.5,-39.31,15.98,3.93,-54.68,4.0
0.82,-0.13,0.09,46.94,34.18,-41.93,15.65,4.33,-53.36,4.0
0.96,-0.26,0.01,37.84,36.62,-41.02,15.65,4.33,-53.36,4.0
0.96,-0.26,0.01,37.84,36.62,-41.02,15.65,4.33,-53.36,4.0
0.89,-0.27,-0.02,18.31,41.87,-34.67,15.65,4.33,-53.36,4.0
0.89,-0.25,-0.02,4.94,43.7,-29.85,15.65,4.33,-53.36,4.0
0.86,-0.15,0.01,2.87,45.9,-27.22,15.65,4.97,-51.14,4.0
0.83,-0.08,0.01,7.81,47.06,-27.04,15.65,4.97,-51.14,4.0
0.83,-0.08,0.01,7.81,47.06,-27.04,15.65,4.97,-51.14,4.0
0.84,-0.03,-0.01,20.08,48.89,-30.27,15.65,4.97,-51.14,4.0
0.92,-0.07,-0.1,36.8,51.76,-35.46,15.44,5.55,-51.59,4.0
0.91,-0.18,-0.17,41.69,53.28,-38.94,15.44,5.55,-51.59,4.0
0.91,-0.18,-0.17,41.69,53.28,-38.94,15.44,5.55,-51.59,4.0
0.89,-0.22,-0.17,33.69,52.31,-39.25,15.44,5.55,-51.59,4.0
0.83,-0.25,-0.15,28.02,52.61,-38.76,15.03,6.7,-50.16,4.0
0.8,-0.21,-0.13,20.39,54.75,-38.64,15.03,6.7,-50.16,4.0
0.84,-0.17,-0.16,24.11,59.69,-41.63,15.03,6.7,-50.16,4.0
0.84,-0.17,-0.16,24.11,59.69,-41.63,15.03,6.7,-50.16,4.0
0.84,-0.17,-0.16,24.11,59.69,-41.63,15.03,6.7,-50.16,4.0
0.87,-0.22,-0.21,33.57,63.11,-45.23,15.03,6.7,-50.16,4.0
0.87,-0.22,-0.21,33.57,63.11,-45.23,15.03,6.7,-50.16,4.0
0.96,-0.28,-0.23,36.74,63.96,-46.33,15.06,7.09,-48.61,4.0
0.96,-0.28,-0.23,36.74,63.96,-46.33,15.06,7.09,-48.61,4.0
0.96,-0.35,-0.28,36.68,65.73,-45.29,15.06,7.09,-48.61,4.0
0.91,-0.4,-0.31,29.3,65.37,-39.92,15.06,7.09,-48.61,4.0
0.88,-0.34,-0.29,16.6,62.19,-32.78,14.26,7.97,-47.61,4.0
0.91,-0.24,-0.25,13.55,54.75,-23.62,14.26,7.97,-47.61,4.0
0.88,-0.19,-0.26,23.93,50.35,-20.32,13.38,8.5,-46.42,4.0
0.88,-0.19,-0.26,23.93,50.35,-20.32,13.38,8.5,-46.42,4.0
0.88,-0.19,-0.26,23.93,50.35,-20.32,13.38,8.5,-46.42,4.0
0.88,-0.19,-0.26,23.93,50.35,-20.32,13.38,8.5,-46.42,4.0
0.83,-0.14,-0.27,38.39,46.26,-20.02,13.38,8.5,-46.42,4.0
0.79,-0.12,-0.28,46.81,44.62,-20.75,13.38,8.5,-46.42,4.0
0.73,-0.1,-0.27,61.71,40.77,-24.72,13.38,8.5,-46.42,4.0
0.73,-0.1,-0.27,61.71,40.77,-24.72,13.38,8.5,-46.42,4.0
0.69,-0.09,-0.27,72.94,38.33,-30.88,12.94,8.59,-45.62,4.0
0.61,-0.11,-0.27,89.66,36.07,-45.47,12.94,8.59,-45.62,4.0
0.61,-0.16,-0.31,92.65,34.42,-47.3,11.96,8.46,-44.26,4.0
0.61,-0.16,-0.31,92.65,34.42,-47.3,11.96,8.46,-44.26,4.0
0.64,-0.19,-0.32,91.55,32.17,-47.97,11.96,8.46,-44.26,4.0
0.66,-0.22,-0.33,89.29,30.33,-46.26,11.96,8.46,-44.26,4.0
0.64,-0.22,-0.34,85.27,28.87,-44.01,11.74,9.31,-43.3,4.0
0.64,-0.22,-0.34,85.27,28.87,-44.01,11.74,9.31,-43.3,4.0
0.58,-0.16,-0.34,86.0,25.94,-42.91,11.74,9.31,-43.3,4.0
0.57,-0.12,-0.33,89.48,24.29,-42.3,11.74,9.31,-43.3,4.0
0.57,-0.12,-0.33,89.48,24.29,-42.3,11.74,9.31,-43.3,4.0
0.56,-0.1,-0.32,99.73,20.69,-40.71,10.52,8.79,-42.04,4.0
0.58,-0.1,-0.31,110.17,18.37,-36.68,10.52,8.79,-42.04,4.0
0.58,-0.1,-0.31,110.17,18.37,-36.68,10.52,8.79,-42.04,4.0
0.59,-0.08,-0.33,113.83,18.07,-33.75,10.52,8.79,-42.04,4.0
0.55,-0.06,-0.36,117.19,15.69,-27.83,9.95,8.36,-40.3,4.0
0.51,-0.01,-0.39,119.69,10.56,-22.46,9.95,8.36,-40.3,4.0
0.51,-0.01,-0.39,119.69,10.56,-22.46,9.95,8.36,-40.3,4.0
0.54,-0.01,-0.39,125.24,4.76,-17.33,9.95,8.36,-40.3,4.0
0.59,-0.02,-0.4,128.3,0.98,-8.24,9.95,8.36,-40.3,4.0
0.64,-0.03,-0.38,131.65,0.0,-3.11,9.31,7.31,-39.67,4.0
0.67,-0.02,-0.39,132.87,-0.43,9.46,9.31,7.31,-39.67,4.0
0.66,-0.01,-0.43,132.51,-3.3,22.28,9.31,7.31,-39.67,4.0
0.65,-0.01,-0.46,129.27,-8.61,36.74,8.18,6.6,-39.14,4.0
0.65,-0.01,-0.46,129.27,-8.61,36.74,8.18,6.6,-39.14,4.0
0.73,-0.02,-0.47,126.34,-11.6,44.62,8.18,6.6,-39.14,4.0
0.82,-0.04,-0.46,116.82,-13.55,61.83,8.18,6.6,-39.14,4.0
0.82,-0.04,-0.46,116.82,-13.55,61.83,8.18,6.6,-39.14,4.0
0.82,-0.04,-0.46,116.82,-13.55,61.83,8.18,6.6,-39.14,4.0
0.82,0.11,-0.45,103.27,-9.64,88.2,8.25,4.69,-38.66,4.0
0.82,0.11,-0.45,103.27,-9.64,88.2,8.25,4.69,-38.66,4.0
0.78,0.19,-0.46,103.27,-8.79,96.19,8.25,4.69,-38.66,4.0
0.79,0.3,-0.52,108.46,-10.86,111.21,8.25,4.69,-38.66,4.0
0.98,0.33,-0.52,115.3,-12.27,138.98,7.74,2.82,-37.11,4.0
0.98,0.33,-0.52,115.3,-12.27,138.98,7.74,2.82,-37.11,4.0
0.94,0.48,-0.48,120.97,-8.67,146.06,7.74,2.82,-37.11,4.0
0.84,0.62,-0.47,133.0,-3.23,156.19,7.74,2.82,-37.11,4.0
0.79,0.73,-0.48,144.59,-0.24,159.18,8.51,0.62,-36.41,4.0
0.79,0.73,-0.48,144.59,-0.24,159.18,8.51,0.62,-36.41,4.0
0.77,0.8,-0.48,146.61,2.01,158.94,8.51,0.62,-36.41,4.0
0.77,0.85,-0.43,137.02,4.58,160.77,8.51,0.62,-36.41,4.0
0.77,0.98,-0.36,131.41,6.41,161.32,8.4,-3.2,-35.72,4.0
0.71,1.08,-0.41,120.42,10.44,160.34,8.4,-3.2,-35.72,4.0
0.71,1.08,-0.41,120.42,10.44,160.34,8.4,-3.2,-35.72,4.0
0.64,1.19,-0.45,106.26,9.95,156.19,8.4,-3.2,-35.72,4.0
0.62,1.21,-0.44,83.07,5.55,150.82,8.4,-3.2,-35.72,4.0
0.6,1.21,-0.4,82.03,3.85,147.83,8.95,-7.07,-34.31,4.0
0.56,1.4,-0.31,69.27,2.01,140.32,8.95,-7.07,-34.31,4.0
0.5,1.54,-0.3,82.03,2.44,126.46,8.95,-7.07,-34.31,4.0
0.5,1.54,-0.3,82.03,2.44,126.46,8.95,-7.07,-34.31,4.0
0.47,1.54,-0.29,107.3,1.4,110.23,8.52,-10.12,-35.28,4.0
0.47,1.54,-0.29,107.3,1.4,110.23,8.52,-10.12,-35.28,4.0
0.44,1.43,-0.3,117.43,0.06,102.72,8.52,-10.12,-35.28,4.0
0.44,1.43,-0.3,117.43,0.06,102.72,8.52,-10.12,-35.28,4.0
0.44,1.43,-0.3,117.43,0.06,102.72,8.52,-10.12,-35.28,4.0
0.43,1.1,-0.28,119.63,-5.31,83.86,8.5,-12.45,-36.63,4.0
0.43,1.1,-0.28,119.63,-5.31,83.86,8.5,-12.45,-36.63,4.0
0.43,1.1,-0.28,119.63,-5.31,83.86,8.5,-12.45,-36.63,4.0
0.41,0.97,-0.16,96.62,0.73,88.81,8.5,-12.45,-36.63,4.0
1.08,0.97,-0.46,79.65,21.79,118.47,8.5,-12.45,-36.63,4.0
1.08,0.97,-0.46,79.65,21.79,118.47,8.5,-12.45,-36.63,4.0
1.08,0.97,-0.46,79.65,21.79,118.47,8.5,-12.45,-36.63,4.0
0.16,1.03,-0.39,17.15,30.03,129.7,8.5,-12.45,-36.63,4.0
0.03,1.28,-0.24,-19.35,20.2,124.08,7.47,-13.61,-37.22,4.0
0.03,1.28,-0.24,-19.35,20.2,124.08,7.47,-13.61,-37.22,4.0
0.25,0.98,0.09,20.14,14.16,87.95,6.85,-15.71,-36.72,4.0
0.25,0.98,0.09,20.14,14.16,87.95,6.85,-15.71,-36.72,4.0
0.25,0.98,0.09,20.14,14.16,87.95,6.85,-15.71,-36.72,4.0
0.06,1.05,-0.21,10.93,6.16,87.34,6.85,-15.71,-36.72,4.0
0.07,1.13,-0.16,9.7,2.62,88.07,5.96,-17.75,-37.56,4.0
0.59,1.71,-0.14,22.58,-8.3,81.48,5.96,-17.75,-37.56,4.0
0.59,1.71,-0.14,22.58,-8.3,81.48,5.96,-17.75,-37.56,4.0
