-1.11,0.01,0.2,1.46,-27.89,9.22,-7.63,-16.21,-48.65,3.0
-1.11,0.01,0.2,1.46,-27.89,9.22,-7.63,-16.21,-48.65,3.0
-1.11,0.01,0.2,1.46,-27.89,9.22,-7.63,-16.21,-48.65,3.0
-1.03,0.13,0.23,-18.43,-24.66,15.99,-8.74,-15.84,-44.82,3.0
-1.03,0.13,0.23,-18.43,-24.66,15.99,-8.74,-15.84,-44.82,3.0
-0.98,0.19,0.2,-27.34,-16.48,20.26,-8.74,-15.84,-44.82,3.0
-0.96,0.2,0.19,-27.04,-11.17,18.68,-8.74,-15.84,-44.82,3.0
-0.96,0.2,0.19,-27.04,-11.17,18.68,-8.74,-15.84,-44.82,3.0
-0.94,0.25,0.19,-31.8,-5.98,12.94,-8.74,-15.84,-44.82,3.0
-0.83,0.29,0.16,3.97,11.54,-13.85,-9.5,-16.93,-44.74,3.0
-0.83,0.29,0.16,3.97,11.54,-13.85,-9.5,-16.93,-44.74,3.0
-0.81,0.3,0.12,1.53,17.64,-17.58,-9.5,-16.93,-44.74,3.0
-0.81,0.3,0.12,1.53,17.64,-17.58,-9.5,-16.93,-44.74,3.0
-0.81,0.31,0.11,-2.62,20.02,-20.2,-8.03,-16.55,-47.38,3.0
-0.81,0.31,0.11,-2.62,20.02,-20.2,-8.03,-16.55,-47.38,3.0
-0.82,0.31,0.12,-5.37,22.71,-21.73,-8.03,-16.55,-47.38,3.0
-0.82,0.31,0.12,-5.37,22.71,-21.73,-8.03,-16.55,-47.38,3.0
-0.86,0.34,0.13,-6.41,24.23,-22.83,-8.03,-16.55,-47.38,3.0
-0.86,0.34,0.13,-6.41,24.23,-22.83,-8.03,-16.55,-47.38,3.0
-0.86,0.34,0.13,-6.41,24.23,-22.83,-8.03,-16.55,-47.38,3.0
-0.86,0.34,0.13,-6.41,24.23,-22.83,-8.03,-16.55,-47.38,3.0
-0.86,0.34,0.13,-6.41,24.23,-22.83,-8.03,-16.55,-47.38,3.0
-0.86,0.34,0.13,-6.41,24.23,-22.83,-8.03,-16.55,-47.38,3.0
-0.89,0.34,0.15,-9.4,28.99,-24.6,-5.1,-16.08,-51.37,3.0
-0.94,0.41,0.11,-14.71,34.67,-26.49,-5.1,-16.08,-51.37,3.0
-0.97,0.45,0.12,-15.5,37.41,-30.03,-5.1,-16.08,-51.37,3.0
-1.02,0.48,0.14,-13.06,42.91,-41.63,2.98,-13.45,-59.66,3.0
-1.25,0.38,0.13,-40.22,58.17,-59.14,16.25,2.23,-65.11,3.0
-1.25,0.38,0.13,-40.22,58.17,-59.14,16.25,2.23,-65.11,3.0
-1.24,0.35,0.15,-51.03,57.86,-63.48,6.41,27.0,-52.1,3.0
-1.18,0.35,0.14,-52.86,56.7,-69.52,6.41,27.0,-52.1,3.0
-1.18,0.35,0.14,-52.86,56.7,-69.52,6.41,27.0,-52.1,3.0
-1.11,0.32,0.12,-49.26,55.18,-76.35,6.41,27.0,-52.1,3.0
-1.07,0.25,0.08,-44.62,52.55,-80.75,-17.13,13.95,-38.68,3.0
-1.07,0.25,0.08,-44.62,52.55,-80.75,-17.13,13.95,-38.68,3.0
-1.1,0.18,0.07,-41.87,49.44,-80.87,-17.13,13.95,-38.68,3.0
-1.16,0.16,0.08,-42.54,48.1,-78.0,-17.13,13.95,-38.68,3.0
-1.25,0.12,0.11,-46.88,44.74,-76.17,-17.13,13.95,-38.68,3.0
-1.28,0.06,0.14,-49.32,41.38,-72.88,-20.89,-0.61,-36.04,3.0
-1.26,0.0,0.13,-49.5,38.7,-69.03,-20.89,-0.61,-36.04,3.0
-1.26,0.0,0.13,-49.5,38.7,-69.03,-20.89,-0.61,-36.04,3.0
-1.26,0.0,0.13,-49.5,38.7,-69.03,-20.89,-0.61,-36.04,3.0
-1.23,-0.03,0.12,-49.56,37.29,-66.71,-20.89,-0.61,-36.04,3.0
-1.14,-0.1,0.09,-50.9,34.3,-59.94,-19.19,-5.88,-36.95,3.0
-1.09,-0.13,0.08,-52.25,32.84,-51.33,-19.19,-5.88,-36.95,3.0
-1.09,-0.13,0.08,-52.25,32.84,-51.33,-19.19,-5.88,-36.95,3.0
-1.09,-0.13,0.08,-52.25,32.84,-51.33,-19.19,-5.88,-36.95,3.0
-0.99,-0.19,0.02,-56.09,29.85,-46.08,-19.19,-5.88,-36.95,3.0
-0.99,-0.19,0.02,-56.09,29.85,-46.08,-19.19,-5.88,-36.95,3.0
-0.99,-0.19,0.02,-56.09,29.85,-46.08,-19.19,-5.88,-36.95,3.0
-0.94,-0.19,0.01,-58.53,27.95,-40.28,-19.19,-5.88,-36.95,3.0
-0.94,-0.19,0.01,-58.53,27.95,-40.28,-19.19,-5.88,-36.95,3.0
-0.8,-0.14,-0.01,-56.88,18.25,-17.52,-18.49,-6.69,-35.61,3.0
-0.79,-0.14,-0.01,-47.06,13.43,-9.34,-18.49,-6.69,-35.61,3.0
-0.79,-0.14,-0.01,-47.06,13.43,-9.34,-18.49,-6.69,-35.61,3.0
-0.79,-0.14,-0.01,-47.06,13.43,-9.34,-18.49,-6.69,-35.61,3.0
-0.83,-0.16,-0.01,-24.78,5.19,-0.31,-17.83,-7.35,-37.74,3.0
-0.83,-0.16,-0.01,-24.78,5.19,-0.31,-17.83,-7.35,-37.74,3.0
-0.93,-0.18,0.03,-0.98,-6.84,17.4,-17.83,-7.35,-37.74,3.0
-1.02,-0.11,0.07,11.41,-15.56,32.1,-18.1,-6.15,-36.76,3.0
-1.04,-0.1,0.05,18.13,-20.69,41.75,-18.1,-6.15,-36.76,3.0
-1.04,-0.07,0.05,21.91,-24.84,52.19,-18.64,-4.17,-36.76,3.0
-1.1,-0.05,0.08,21.48,-31.13,71.47,-18.64,-4.17,-36.76,3.0
-1.1,-0.05,0.08,21.48,-31.13,71.47,-18.64,-4.17,-36.76,3.0
-1.13,-0.02,0.11,19.65,-31.92,75.62,-18.47,0.85,-36.46,3.0
-1.16,0.04,0.11,13.92,-33.75,81.67,-18.47,0.85,-36.46,3.0
-1.17,0.09,0.09,9.16,-36.19,86.73,-18.47,0.85,-36.46,3.0
-1.17,0.09,0.09,9.16,-36.19,86.73,-18.47,0.85,-36.46,3.0
-1.18,0.15,0.1,7.93,-39.06,92.29,-13.78,9.44,-41.7,3.0
-1.14,0.22,0.06,7.63,-42.05,96.07,-13.78,9.44,-41.7,3.0
-1.12,0.25,0.05,7.2,-44.13,97.11,-13.78,9.44,-41.7,3.0
-1.12,0.25,0.05,7.2,-44.13,97.11,-13.78,9.44,-41.7,3.0
-1.06,0.32,0.04,8.36,-48.22,95.15,-13.78,9.44,-41.7,3.0
-1.05,0.39,0.06,13.79,-51.45,87.89,0.09,12.76,-48.96,3.0
-1.05,0.39,0.06,13.79,-51.45,87.89,0.09,12.76,-48.96,3.0
-1.14,0.45,0.14,29.79,-52.98,77.64,0.09,12.76,-48.96,3.0
-1.19,0.47,0.18,55.6,-53.47,65.92,0.09,12.76,-48.96,3.0
-1.22,0.45,0.2,68.85,-53.83,60.61,9.97,0.95,-55.44,3.0
-1.18,0.41,0.18,91.86,-52.98,52.12,9.97,0.95,-55.44,3.0
-1.18,0.41,0.18,91.86,-52.98,52.12,9.97,0.95,-55.44,3.0
-1.15,0.35,0.14,104.06,-50.54,48.34,9.97,0.95,-55.44,3.0
-1.16,0.33,0.14,104.25,-47.85,48.52,4.97,-10.85,-52.01,3.0
-1.15,0.32,0.15,100.52,-46.33,49.44,4.97,-10.85,-52.01,3.0
-1.15,0.32,0.15,100.52,-46.33,49.44,4.97,-10.85,-52.01,3.0
-1.09,0.3,0.15,83.98,-41.63,52.67,4.97,-10.85,-52.01,3.0
-1.09,0.3,0.15,83.98,-41.63,52.67,4.97,-10.85,-52.01,3.0
-1.09,0.3,0.15,83.98,-41.63,52.67,4.97,-10.85,-52.01,3.0
-1.05,0.3,0.13,71.59,-38.76,54.08,4.97,-10.85,-52.01,3.0
-0.93,0.32,0.07,43.7,-32.96,56.27,-1.0,-15.93,-47.96,3.0
-0.84,0.42,0.01,17.88,-27.65,55.79,-1.0,-15.93,-47.96,3.0
-0.84,0.42,0.01,17.88,-27.65,55.79,-1.0,-15.93,-47.96,3.0
-0.81,0.54,0.03,-1.4,-24.29,52.0,-1.0,-15.93,-47.96,3.0
-0.81,0.66,0.1,-8.91,-20.2,37.29,-4.5,-16.02,-46.37,3.0
-0.82,0.68,0.13,-1.22,-16.36,23.56,-4.5,-16.02,-46.37,3.0
-0.82,0.68,0.13,-1.22,-16.36,23.56,-4.5,-16.02,-46.37,3.0
-0.82,0.68,0.13,-1.22,-16.36,23.56,-4.5,-16.02,-46.37,3.0
-0.82,0.68,0.15,13.67,-12.63,8.91,-4.5,-16.02,-46.37,3.0
-0.82,0.63,0.16,21.91,-10.68,1.71,-5.13,-15.43,-44.95,3.0
-0.82,0.63,0.16,21.91,-10.68,1.71,-5.13,-15.43,-44.95,3.0
-0.82,0.52,0.14,39.18,0.92,-22.22,-5.13,-15.43,-44.95,3.0
-0.82,0.52,0.14,39.18,0.92,-22.22,-5.13,-15.43,-44.95,3.0
-0.82,0.47,0.13,36.19,7.87,-31.07,-4.38,-16.91,-46.03,3.0
-0.82,0.47,0.13,36.19,7.87,-31.07,-4.38,-16.91,-46.03,3.0
-0.84,0.43,0.14,27.28,15.81,-36.93,-4.38,-16.91,-46.03,3.0
-0.84,0.43,0.14,27.28,15.81,-36.93,-4.38,-16.91,-46.03,3.0
-0.86,0.4,0.14,14.59,23.62,-40.77,-4.38,-16.91,-46.03,3.0
-0.86,0.4,0.14,14.59,23.62,-40.77,-4.38,-16.91,-46.03,3.0
-0.91,0.38,0.14,6.35,26.86,-41.2,-0.73,-15.95,-49.48,3.0
-0.96,0.4,0.15,-7.93,32.23,-42.54,-0.73,-15.95,-49.48,3.0
-0.96,0.4,0.15,-7.93,32.23,-42.54,-0.73,-15.95,-49.48,3.0
-0.96,0.4,0.15,-7.93,32.23,-42.54,-0.73,-15.95,-49.48,3.0
-0.96,0.4,0.15,-7.93,32.23,-42.54,-0.73,-15.95,-49.48,3.0
-0.97,0.4,0.15,-20.94,41.5,-47.06,-0.73,-15.95,-49.48,3.0
-0.97,0.4,0.15,-20.94,41.5,-47.06,-0.73,-15.95,-49.48,3.0
-0.99,0.42,0.13,-21.3,43.33,-49.07,6.91,-10.83,-52.58,3.0
-1.06,0.33,0.12,-18.74,50.42,-57.37,6.91,-10.83,-52.58,3.0
-1.06,0.3,0.1,-18.07,52.67,-58.59,13.07,3.52,-54.75,3.0
-1.1,0.33,0.11,-26.79,53.77,-62.87,13.07,3.52,-54.75,3.0
-1.15,0.29,0.1,-27.53,54.2,-64.21,1.78,15.75,-45.24,3.0
-1.17,0.26,0.05,-27.53,53.47,-65.25,1.78,15.75,-45.24,3.0
-1.17,0.26,0.05,-27.53,53.47,-65.25,1.78,15.75,-45.24,3.0
-1.14,0.22,0.05,-25.51,50.42,-67.63,1.78,15.75,-45.24,3.0
-1.13,0.12,0.05,-25.51,48.1,-69.03,1.78,15.75,-45.24,3.0
-1.17,0.12,0.07,-28.75,46.57,-69.15,-13.79,10.21,-36.4,3.0
-1.26,0.15,0.13,-37.11,44.07,-71.35,-13.79,10.21,-36.4,3.0
-1.26,0.15,0.13,-37.11,44.07,-71.35,-13.79,10.21,-36.4,3.0
-1.34,0.14,0.15,-37.35,42.42,-73.61,-13.79,10.21,-36.4,3.0
-1.4,0.09,0.14,-26.25,41.08,-74.83,-18.36,0.77,-34.73,3.0
-1.35,0.04,0.12,-18.86,40.53,-74.4,-18.36,0.77,-34.73,3.0
-1.35,0.04,0.12,-18.86,40.53,-74.4,-18.36,0.77,-34.73,3.0
-1.23,-0.08,0.08,-8.24,38.94,-68.79,-18.36,0.77,-34.73,3.0
-1.08,-0.18,0.03,-8.24,37.05,-56.82,-18.69,-4.28,-35.13,3.0
-1.02,-0.22,-0.02,-18.8,33.75,-41.56,-18.69,-4.28,-35.13,3.0
-0.9,-0.21,-0.03,-26.0,31.31,-33.57,-18.69,-4.28,-35.13,3.0
-0.81,-0.18,-0.03,-37.72,26.67,-19.59,-18.69,-4.28,-35.13,3.0
-0.81,-0.18,-0.03,-37.72,26.67,-19.59,-18.69,-4.28,-35.13,3.0
-0.81,-0.18,-0.03,-37.72,26.67,-19.59,-18.69,-4.28,-35.13,3.0
-0.79,-0.16,-0.04,-43.7,22.28,-8.0,-18.43,-5.59,-35.67,3.0
-0.77,-0.14,-0.06,-41.44,18.31,0.55,-18.43,-5.59,-35.67,3.0
-0.78,-0.11,-0.05,-32.1,14.16,8.91,-18.43,-5.59,-35.67,3.0
-0.83,-0.08,-0.05,-26.73,12.21,16.54,-18.36,-4.05,-36.35,3.0
-0.83,-0.08,-0.05,-26.73,12.21,16.54,-18.36,-4.05,-36.35,3.0
-0.9,-0.08,-0.04,-18.13,6.65,20.45,-18.36,-4.05,-36.35,3.0
-0.94,-0.09,-0.03,-10.99,1.22,28.99,-18.36,-4.05,-36.35,3.0
-0.94,-0.09,-0.03,-10.99,1.22,28.99,-18.36,-4.05,-36.35,3.0
-0.96,-0.09,-0.02,-6.29,-4.15,38.33,-18.99,-1.88,-34.63,3.0
-1.0,-0.08,0.0,-4.39,-9.09,47.79,-18.99,-1.88,-34.63,3.0
-1.03,-0.04,0.02,-3.05,-12.88,56.27,-18.99,-1.88,-34.63,3.0
-1.03,-0.04,0.02,-3.05,-12.88,56.27,-18.99,-1.88,-34.63,3.0
-1.11,0.04,0.01,3.48,-18.98,65.49,-18.53,3.28,-35.57,3.0
-1.12,0.07,0.01,6.65,-22.89,69.03,-18.53,3.28,-35.57,3.0
-1.12,0.07,0.01,6.65,-22.89,69.03,-18.53,3.28,-35.57,3.0
-1.12,0.07,0.02,11.47,-26.25,71.53,-18.53,3.28,-35.57,3.0
-1.12,0.07,0.01,14.53,-29.6,73.91,-12.94,13.15,-39.45,3.0
-1.1,0.09,-0.0,14.83,-33.81,77.15,-12.94,13.15,-39.45,3.0
-1.1,0.09,-0.0,14.83,-33.81,77.15,-12.94,13.15,-39.45,3.0
-1.08,0.13,-0.03,14.71,-38.88,79.41,-12.94,13.15,-39.45,3.0
-1.07,0.17,-0.02,15.32,-41.99,79.96,5.97,20.56,-47.71,3.0
-1.06,0.13,-0.02,15.44,-47.42,80.51,5.97,20.56,-47.71,3.0
-1.06,0.13,-0.02,15.44,-47.42,80.51,5.97,20.56,-47.71,3.0
-1.09,0.16,-0.02,5.19,-52.43,82.7,5.97,20.56,-47.71,3.0
-1.15,0.23,0.02,-0.79,-54.99,81.54,21.03,2.65,-58.07,3.0
-1.15,0.23,0.02,-0.79,-54.99,81.54,21.03,2.65,-58.07,3.0
-1.15,0.23,0.02,-0.79,-54.99,81.54,21.03,2.65,-58.07,3.0
-1.15,0.23,0.02,-0.79,-54.99,81.54,21.03,2.65,-58.07,3.0
-1.25,0.32,0.11,9.52,-55.48,75.68,21.03,2.65,-58.07,3.0
-1.25,0.32,0.11,9.52,-55.48,75.68,21.03,2.65,-58.07,3.0
-1.32,0.39,0.17,18.62,-55.05,71.53,21.03,2.65,-58.07,3.0
-1.44,0.39,0.23,39.67,-53.04,63.84,10.67,-14.86,-54.33,3.0
-1.44,0.39,0.23,39.67,-53.04,63.84,10.67,-14.86,-54.33,3.0
-1.49,0.36,0.24,56.52,-48.28,59.08,10.67,-14.86,-54.33,3.0
-1.11,0.24,0.12,60.18,-45.1,58.11,10.67,-14.86,-54.33,3.0
-0.71,0.23,-0.05,32.96,-33.94,54.26,-0.99,-18.05,-46.67,3.0
-0.7,0.27,-0.06,11.47,-29.42,53.71,-0.99,-18.05,-46.67,3.0
-0.77,0.35,-0.02,2.69,-28.02,53.04,-6.84,-16.39,-42.46,3.0
-0.88,0.44,0.06,-7.93,-26.06,50.29,-6.84,-16.39,-42.46,3.0
-0.88,0.44,0.06,-7.93,-26.06,50.29,-6.84,-16.39,-42.46,3.0
-0.95,0.56,0.13,-7.57,-24.29,43.82,-6.84,-16.39,-42.46,3.0
-0.96,0.61,0.17,-2.38,-23.25,38.45,-6.84,-16.39,-42.46,3.0
-0.96,0.61,0.17,-2.38,-23.25,38.45,-6.84,-16.39,-42.46,3.0
-0.97,0.63,0.2,17.15,-19.71,23.8,-8.94,-15.88,-40.31,3.0
-0.97,0.63,0.2,17.15,-19.71,23.8,-8.94,-15.88,-40.31,3.0
-0.96,0.61,0.19,28.38,-17.03,15.75,-8.94,-15.88,-40.31,3.0
-0.92,0.56,0.17,47.12,-11.47,0.92,-8.94,-15.88,-40.31,3.0
-0.89,0.51,0.15,57.86,-6.35,-9.89,-8.94,-15.88,-40.31,3.0
-0.89,0.51,0.15,57.86,-6.35,-9.89,-8.94,-15.88,-40.31,3.0
-0.82,0.37,0.14,55.73,2.01,-19.59,-8.2,-16.67,-40.6,3.0
-0.83,0.33,0.16,45.23,7.87,-22.09,-8.2,-16.67,-40.6,3.0
-0.83,0.33,0.16,45.23,7.87,-22.09,-8.2,-16.67,-40.6,3.0
-0.86,0.25,0.16,36.01,11.23,-21.79,-8.63,-16.59,-40.15,3.0
-0.89,0.29,0.17,14.89,17.64,-21.79,-8.63,-16.59,-40.15,3.0
-0.89,0.29,0.17,14.89,17.64,-21.79,-8.63,-16.59,-40.15,3.0
-0.91,0.34,0.17,0.85,24.05,-23.38,-8.63,-16.59,-40.15,3.0
-0.91,0.39,0.13,-1.95,30.52,-29.3,-6.65,-17.25,-44.25,3.0
-0.91,0.39,0.13,-1.95,30.52,-29.3,-6.65,-17.25,-44.25,3.0
-0.89,0.4,0.07,3.36,35.1,-37.72,-6.65,-17.25,-44.25,3.0
-0.89,0.4,0.07,3.36,35.1,-37.72,-6.65,-17.25,-44.25,3.0
-0.89,0.4,0.07,17.52,38.7,-48.71,-6.65,-17.25,-44.25,3.0
-0.89,0.4,0.07,17.52,38.7,-48.71,-6.65,-17.25,-44.25,3.0
-0.93,0.37,0.07,23.74,40.34,-54.38,-0.65,-18.57,-49.12,3.0
-0.99,0.36,0.01,33.14,46.14,-66.77,-0.65,-18.57,-49.12,3.0
-0.99,0.36,0.01,33.14,46.14,-66.77,-0.65,-18.57,-49.12,3.0
-1.03,0.35,0.01,36.5,49.5,-72.14,11.63,-14.42,-55.63,3.0
-1.03,0.35,0.01,36.5,49.5,-72.14,11.63,-14.42,-55.63,3.0
-1.12,0.28,0.03,35.95,51.33,-72.88,11.63,-14.42,-55.63,3.0
-1.12,0.28,0.03,35.95,51.33,-72.88,11.63,-14.42,-55.63,3.0
-1.12,0.28,0.03,35.95,51.33,-72.88,11.63,-14.42,-55.63,3.0
-1.21,0.2,0.04,27.59,54.44,-70.74,11.63,-14.42,-55.63,3.0
-1.21,0.2,0.04,27.59,54.44,-70.74,11.63,-14.42,-55.63,3.0
-1.22,0.15,0.05,11.11,54.81,-65.43,23.95,5.77,-57.93,3.0
-1.21,0.19,0.09,-6.23,53.16,-58.47,23.95,5.77,-57.93,3.0
-1.22,0.25,0.09,-18.13,52.92,-54.87,23.95,5.77,-57.93,3.0
-1.08,0.09,-0.02,-15.69,52.86,-60.67,10.07,23.28,-42.52,3.0
-1.08,0.05,-0.04,-28.63,50.54,-56.82,-10.68,15.26,-34.09,3.0
-1.08,0.05,-0.04,-28.63,50.54,-56.82,-10.68,15.26,-34.09,3.0
-1.13,0.03,-0.03,-46.45,46.33,-51.21,-10.68,15.26,-34.09,3.0
-1.24,0.07,0.02,-58.17,41.81,-48.4,-10.68,15.26,-34.09,3.0
-1.33,0.14,0.08,-57.74,37.11,-49.32,-10.68,15.26,-34.09,3.0
-1.33,0.14,0.08,-57.74,37.11,-49.32,-10.68,15.26,-34.09,3.0
-1.34,0.06,0.1,-44.37,35.03,-49.8,-17.14,5.47,-35.47,3.0
-1.26,-0.06,0.09,-31.13,31.49,-46.14,-17.14,5.47,-35.47,3.0
-1.12,-0.12,0.05,-28.56,27.28,-36.44,-17.14,5.47,-35.47,3.0
-1.12,-0.12,0.05,-28.56,27.28,-36.44,-17.14,5.47,-35.47,3.0
-1.05,-0.12,0.03,-31.31,22.89,-24.6,-17.74,1.55,-35.39,3.0
-0.92,-0.12,-0.01,-32.59,20.69,-18.98,-17.74,1.55,-35.39,3.0
-0.83,-0.12,-0.03,-33.2,16.85,-9.46,-17.74,1.55,-35.39,3.0
-0.78,-0.11,-0.04,-33.33,13.43,-2.44,-17.36,-0.01,-34.63,3.0
-0.78,-0.11,-0.04,-33.33,13.43,-2.44,-17.36,-0.01,-34.63,3.0
-0.78,-0.11,-0.04,-33.33,13.43,-2.44,-17.36,-0.01,-34.63,3.0
-0.77,-0.11,-0.05,-31.62,6.41,13.49,-17.36,-0.01,-34.63,3.0
-0.77,-0.11,-0.05,-31.62,6.41,13.49,-17.36,-0.01,-34.63,3.0
-0.8,-0.06,-0.04,-30.94,4.52,18.25,-17.36,-0.01,-34.63,3.0
-0.83,-0.0,-0.03,-24.41,1.04,26.12,-16.83,1.98,-35.6,3.0
-0.89,0.0,0.02,-12.63,-4.21,32.04,-16.83,1.98,-35.6,3.0
-0.89,0.0,0.02,-12.63,-4.21,32.04,-16.83,1.98,-35.6,3.0
-0.92,-0.0,0.06,-6.84,-7.32,34.91,-16.83,1.98,-35.6,3.0
-0.92,-0.0,0.06,-6.84,-7.32,34.91,-16.83,1.98,-35.6,3.0
-0.97,-0.01,0.08,1.71,-12.15,40.95,-14.88,7.15,-36.52,3.0
-0.97,-0.01,0.08,1.71,-12.15,40.95,-14.88,7.15,-36.52,3.0
-1.02,0.02,0.08,4.52,-16.54,45.23,-14.88,7.15,-36.52,3.0
-1.05,0.05,0.08,7.75,-20.26,49.07,-14.88,7.15,-36.52,3.0
-1.07,0.05,0.07,11.84,-22.83,53.1,-8.65,13.59,-38.16,3.0
-1.07,0.05,0.07,11.84,-22.83,53.1,-8.65,13.59,-38.16,3.0
-1.08,0.06,0.06,9.7,-25.33,57.92,-8.65,13.59,-38.16,3.0
-1.06,0.1,0.05,3.85,-28.02,62.87,-8.65,13.59,-38.16,3.0
-1.06,0.12,0.05,0.79,-29.24,64.58,-8.65,13.59,-38.16,3.0
-1.03,0.18,0.03,-3.11,-31.62,65.12,8.06,18.52,-44.14,3.0
-1.01,0.23,0.03,-2.56,-34.55,62.81,8.06,18.52,-44.14,3.0
-1.03,0.25,0.04,2.75,-36.44,58.96,8.06,18.52,-44.14,3.0
-1.03,0.25,0.04,2.75,-36.44,58.96,8.06,18.52,-44.14,3.0
-1.13,0.29,0.07,7.51,-37.23,57.5,23.12,4.37,-51.94,3.0
-1.13,0.29,0.07,7.51,-37.23,57.5,23.12,4.37,-51.94,3.0
-1.2,0.32,0.1,20.39,-39.37,55.3,23.12,4.37,-51.94,3.0
-1.21,0.34,0.11,33.63,-41.26,52.61,23.12,4.37,-51.94,3.0
-1.21,0.34,0.11,33.63,-41.26,52.61,23.12,4.37,-51.94,3.0
-1.17,0.33,0.11,44.56,-42.11,48.46,15.65,-13.76,-52.4,3.0
-1.17,0.33,0.11,44.56,-42.11,48.46,15.65,-13.76,-52.4,3.0
-1.13,0.34,0.12,50.78,-42.36,44.13,15.65,-13.76,-52.4,3.0
-1.13,0.34,0.12,50.78,-42.36,44.13,15.65,-13.76,-52.4,3.0
-1.14,0.32,0.13,54.93,-41.14,40.34,15.65,-13.76,-52.4,3.0
-1.14,0.32,0.15,54.69,-38.82,38.45,3.16,-18.71,-47.51,3.0
-1.09,0.32,0.16,53.65,-36.99,37.48,3.16,-18.71,-47.51,3.0
-1.09,0.32,0.16,53.65,-36.99,37.48,3.16,-18.71,-47.51,3.0
-0.97,0.32,0.13,29.85,-19.47,34.85,-3.14,-18.87,-45.29,3.0
-0.97,0.32,0.13,29.85,-19.47,34.85,-3.14,-18.87,-45.29,3.0
-0.95,0.31,0.14,20.87,-14.22,34.06,-3.14,-18.87,-45.29,3.0
-0.88,0.33,0.13,0.31,-11.78,33.57,-3.14,-18.87,-45.29,3.0
-0.88,0.33,0.13,0.31,-11.78,33.57,-3.14,-18.87,-45.29,3.0
-0.79,0.38,0.1,-17.94,-8.54,31.8,-6.79,-18.33,-42.97,3.0
-0.79,0.38,0.1,-17.94,-8.54,31.8,-6.79,-18.33,-42.97,3.0
-0.72,0.49,0.1,-27.47,-5.49,27.28,-6.79,-18.33,-42.97,3.0
-0.72,0.49,0.1,-27.47,-5.49,27.28,-6.79,-18.33,-42.97,3.0
-0.69,0.54,0.1,-21.36,-3.36,19.1,-6.79,-18.33,-42.97,3.0
-0.69,0.54,0.1,-21.36,-3.36,19.1,-6.79,-18.33,-42.97,3.0
-0.68,0.58,0.11,-6.23,-1.89,8.12,-7.84,-17.36,-41.8,3.0
-0.71,0.59,0.14,1.89,-1.28,2.5,-7.84,-17.36,-41.8,3.0
-0.76,0.54,0.16,17.21,0.31,-6.47,-7.84,-17.36,-41.8,3.0
-0.76,0.54,0.16,17.21,0.31,-6.47,-7.84,-17.36,-41.8,3.0
-0.85,0.48,0.19,24.9,5.98,-21.06,-6.99,-17.87,-43.57,3.0
-0.91,0.46,0.19,22.71,8.61,-23.99,-6.99,-17.87,-43.57,3.0
-0.91,0.46,0.19,22.71,8.61,-23.99,-6.99,-17.87,-43.57,3.0
-0.96,0.45,0.21,17.46,13.61,-29.3,-6.99,-17.87,-43.57,3.0
-0.98,0.43,0.2,10.74,19.65,-34.06,-5.4,-18.79,-44.62,3.0
-0.99,0.43,0.19,1.65,25.45,-38.51,-5.4,-18.79,-44.62,3.0
-0.99,0.43,0.19,1.65,25.45,-38.51,-5.4,-18.79,-44.62,3.0
-0.99,0.43,0.19,1.65,25.45,-38.51,-5.4,-18.79,-44.62,3.0
-0.95,0.43,0.18,-3.72,31.25,-43.95,-5.4,-18.79,-44.62,3.0
-0.94,0.41,0.18,-5.19,36.68,-49.74,-0.07,-17.99,-49.32,3.0
-0.94,0.41,0.18,-5.19,36.68,-49.74,-0.07,-17.99,-49.32,3.0
-0.9,0.36,0.15,-9.09,40.59,-53.83,-0.07,-17.99,-49.32,3.0
-0.9,0.31,0.12,-13.67,42.05,-54.81,-0.07,-17.99,-49.32,3.0
-1.05,0.33,0.14,-32.71,45.53,-54.08,11.98,-15.1,-54.58,3.0
-1.05,0.33,0.14,-32.71,45.53,-54.08,11.98,-15.1,-54.58,3.0
-1.24,0.34,0.2,-40.04,46.33,-52.31,23.77,4.27,-56.77,3.0
-1.33,0.4,0.25,-41.26,45.29,-52.73,23.77,4.27,-56.77,3.0
-1.33,0.4,0.25,-41.26,45.29,-52.73,23.77,4.27,-56.77,3.0
-1.37,0.4,0.26,-36.68,45.96,-57.01,23.77,4.27,-56.77,3.0
-1.37,0.39,0.24,-28.5,47.55,-63.42,23.77,4.27,-56.77,3.0
-1.29,0.33,0.22,-23.68,48.34,-67.02,7.18,21.3,-43.32,3.0
-1.29,0.33,0.22,-23.68,48.34,-67.02,7.18,21.3,-43.32,3.0
-1.29,0.33,0.22,-23.68,48.34,-67.02,7.18,21.3,-43.32,3.0
-1.29,0.33,0.22,-23.68,48.34,-67.02,7.18,21.3,-43.32,3.0
-1.17,0.26,0.16,-15.2,49.5,-72.88,7.18,21.3,-43.32,3.0
-1.17,0.26,0.16,-15.2,49.5,-72.88,7.18,21.3,-43.32,3.0
-1.17,0.26,0.16,-15.2,49.5,-72.88,7.18,21.3,-43.32,3.0
-1.07,0.15,0.1,-13.12,49.13,-75.99,7.18,21.3,-43.32,3.0
-1.03,0.06,0.07,-19.71,46.88,-74.52,-12.6,11.82,-36.6,3.0
-1.03,0.06,0.07,-19.71,46.88,-74.52,-12.6,11.82,-36.6,3.0
-1.06,0.06,0.08,-30.4,43.88,-70.74,-12.6,11.82,-36.6,3.0
-1.11,0.03,0.13,-33.57,37.66,-61.1,-17.7,1.65,-35.94,3.0
-1.07,-0.07,0.11,-25.63,33.75,-50.96,-17.7,1.65,-35.94,3.0
-1.07,-0.07,0.11,-25.63,33.75,-50.96,-17.7,1.65,-35.94,3.0
-1.0,-0.11,0.09,-26.31,30.52,-40.83,-17.7,1.65,-35.94,3.0
-0.96,-0.13,0.04,-29.54,27.28,-29.3,-18.33,-3.21,-37.61,3.0
-0.86,-0.1,0.05,-32.47,23.5,-18.8,-18.33,-3.21,-37.61,3.0
-0.83,-0.1,0.04,-32.41,21.73,-14.71,-18.33,-3.21,-37.61,3.0
-0.8,-0.08,0.04,-29.85,17.46,-6.47,-18.3,-3.92,-37.78,3.0
-0.79,-0.09,0.02,-24.84,12.76,0.67,-18.3,-3.92,-37.78,3.0
-0.79,-0.09,0.02,-24.84,12.76,0.67,-18.3,-3.92,-37.78,3.0
-0.79,-0.09,0.02,-24.84,12.76,0.67,-18.3,-3.92,-37.78,3.0
-0.79,-0.09,0.02,-24.84,12.76,0.67,-18.3,-3.92,-37.78,3.0
-0.79,-0.09,0.02,-24.84,12.76,0.67,-18.3,-3.92,-37.78,3.0
-0.79,-0.09,0.02,-24.84,12.76,0.67,-18.3,-3.92,-37.78,3.0
-0.79,-0.09,0.02,-24.84,12.76,0.67,-18.3,-3.92,-37.78,3.0
-0.79,-0.09,0.02,-24.84,12.76,0.67,-18.3,-3.92,-37.78,3.0
-0.8,-0.08,0.03,-19.96,7.87,10.13,-18.3,-3.92,-37.78,3.0
-0.8,-0.08,0.03,-19.96,7.87,10.13,-18.3,-3.92,-37.78,3.0
-0.83,-0.03,0.05,-17.15,5.37,30.15,-18.6,-2.71,-36.61,3.0
-0.86,0.02,0.07,-8.85,-0.98,25.82,-18.6,-2.71,-36.61,3.0
-0.86,0.02,0.07,-8.85,-0.98,25.82,-18.6,-2.71,-36.61,3.0
-0.89,0.04,0.08,2.01,-2.87,28.69,-18.6,-2.71,-36.61,3.0
-1.05,0.07,0.1,10.31,-16.78,53.59,-19.15,-0.29,-36.61,3.0
-1.1,0.13,0.12,8.12,-22.71,63.48,-17.36,6.75,-37.45,3.0
-1.12,0.17,0.12,7.63,-25.63,69.4,-17.36,6.75,-37.45,3.0
-1.12,0.17,0.12,7.63,-25.63,69.4,-17.36,6.75,-37.45,3.0
-1.1,0.22,0.11,5.0,-30.52,76.42,-8.07,19.01,-37.51,3.0
-1.08,0.25,0.11,1.65,-33.81,79.83,-8.07,19.01,-37.51,3.0
-1.06,0.27,0.07,0.12,-37.11,80.44,-8.07,19.01,-37.51,3.0
-1.06,0.27,0.07,0.12,-37.11,80.44,-8.07,19.01,-37.51,3.0
-1.04,0.32,0.11,0.98,-38.94,79.9,17.26,25.43,-42.37,3.0
-1.07,0.37,0.16,8.12,-41.44,76.23,17.26,25.43,-42.37,3.0
-1.07,0.37,0.16,8.12,-41.44,76.23,17.26,25.43,-42.37,3.0
-1.11,0.39,0.18,17.94,-42.42,70.43,17.26,25.43,-42.37,3.0
-1.17,0.42,0.19,29.54,-44.13,65.25,39.34,4.64,-50.24,3.0
-1.19,0.41,0.17,35.03,-45.1,63.23,39.34,4.64,-50.24,3.0
-1.19,0.41,0.17,35.03,-45.1,63.23,39.34,4.64,-50.24,3.0
-1.17,0.43,0.16,44.86,-45.78,59.45,39.34,4.64,-50.24,3.0
-1.14,0.44,0.16,53.1,-46.69,55.36,39.34,4.64,-50.24,3.0
-1.11,0.43,0.15,62.07,-46.57,51.15,26.77,-17.19,-52.6,3.0
-1.08,0.39,0.16,65.49,-45.04,49.01,26.77,-17.19,-52.6,3.0
-1.08,0.39,0.16,65.49,-45.04,49.01,26.77,-17.19,-52.6,3.0
-1.08,0.39,0.16,65.49,-45.04,49.01,26.77,-17.19,-52.6,3.0
-1.02,0.39,0.16,62.01,-41.87,45.78,26.77,-17.19,-52.6,3.0
-0.96,0.37,0.14,57.92,-39.49,44.07,10.29,-21.77,-48.17,3.0
-0.96,0.37,0.14,57.92,-39.49,44.07,10.29,-21.77,-48.17,3.0
-0.92,0.35,0.11,47.36,-34.06,39.98,10.29,-21.77,-48.17,3.0
-0.92,0.35,0.11,47.36,-34.06,39.98,10.29,-21.77,-48.17,3.0
-0.91,0.34,0.08,32.71,-27.95,37.23,10.29,-21.77,-48.17,3.0
-0.91,0.34,0.08,32.71,-27.95,37.23,10.29,-21.77,-48.17,3.0
-0.95,0.32,0.09,-0.98,-19.35,34.24,2.05,-23.07,-47.16,3.0
-0.95,0.32,0.09,-0.98,-19.35,34.24,2.05,-23.07,-47.16,3.0
-0.93,0.41,0.11,-22.09,-15.69,31.86,2.05,-23.07,-47.16,3.0
-0.93,0.41,0.11,-22.09,-15.69,31.86,2.05,-23.07,-47.16,3.0
-0.8,0.57,0.12,-13.37,-8.54,6.71,-1.66,-22.58,-45.34,3.0
-0.78,0.54,0.11,5.55,-5.68,-5.74,-1.66,-22.58,-45.34,3.0
-0.78,0.54,0.11,5.55,-5.68,-5.74,-1.66,-22.58,-45.34,3.0
-0.81,0.39,0.11,26.61,-0.73,-23.38,-1.09,-21.91,-44.98,3.0
-0.87,0.39,0.13,25.39,2.14,-27.34,-1.09,-21.91,-44.98,3.0
-0.9,0.39,0.14,23.25,5.43,-30.4,2.28,-22.47,-49.15,3.0
-0.9,0.39,0.14,23.25,5.43,-30.4,2.28,-22.47,-49.15,3.0
-0.94,0.39,0.16,21.12,9.58,-34.48,2.28,-22.47,-49.15,3.0
-0.95,0.37,0.17,20.08,12.02,-38.7,2.28,-22.47,-49.15,3.0
-0.95,0.37,0.17,20.08,12.02,-38.7,2.28,-22.47,-49.15,3.0
-0.95,0.37,0.16,18.07,16.91,-40.89,10.11,-21.64,-52.25,3.0
-0.95,0.37,0.16,18.07,16.91,-40.89,10.11,-21.64,-52.25,3.0
-0.94,0.36,0.12,14.47,21.42,-44.74,10.11,-21.64,-52.25,3.0
-0.95,0.37,0.11,10.31,24.35,-46.26,10.11,-21.64,-52.25,3.0
-0.95,0.37,0.11,9.83,27.04,-48.1,10.11,-21.64,-52.25,3.0
-0.94,0.37,0.12,10.86,28.56,-49.26,23.71,-14.01,-55.49,3.0
-0.95,0.34,0.12,14.1,31.01,-52.19,23.71,-14.01,-55.49,3.0
-0.97,0.27,0.12,14.53,32.53,-53.28,23.71,-14.01,-55.49,3.0
-0.97,0.27,0.12,14.53,32.53,-53.28,23.71,-14.01,-55.49,3.0
-1.02,0.21,0.12,8.12,35.03,-51.7,30.19,6.49,-49.93,3.0
-1.02,0.21,0.12,8.12,35.03,-51.7,30.19,6.49,-49.93,3.0
-1.02,0.21,0.12,8.12,35.03,-51.7,30.19,6.49,-49.93,3.0
-1.05,0.21,0.12,-4.46,38.02,-48.4,30.19,6.49,-49.93,3.0
-1.05,0.21,0.12,-4.46,38.02,-48.4,30.19,6.49,-49.93,3.0
-1.11,0.23,0.14,-16.36,41.5,-46.26,30.19,6.49,-49.93,3.0
-1.11,0.23,0.14,-16.36,41.5,-46.26,30.19,6.49,-49.93,3.0
-1.11,0.27,0.14,-20.2,42.97,-46.08,12.38,21.88,-37.85,3.0
-1.09,0.3,0.14,-21.79,45.47,-48.77,12.38,21.88,-37.85,3.0
-1.09,0.27,0.13,-1.22,48.71,-56.03,12.38,21.88,-37.85,3.0
-1.1,0.21,0.12,-12.15,49.07,-57.13,-9.73,10.93,-33.02,3.0
-1.1,0.21,0.12,-12.15,49.07,-57.13,-9.73,10.93,-33.02,3.0
-1.1,0.21,0.12,-12.15,49.07,-57.13,-9.73,10.93,-33.02,3.0
-1.12,0.16,0.12,-14.53,48.34,-55.66,-9.73,10.93,-33.02,3.0
-1.12,0.16,0.12,-14.53,48.34,-55.66,-9.73,10.93,-33.02,3.0
-1.09,0.09,0.08,-18.68,45.29,-51.88,-9.73,10.93,-33.02,3.0
-1.05,0.08,0.08,-27.4,40.28,-45.78,-16.96,1.64,-33.98,3.0
-1.08,0.19,0.14,-30.46,30.64,-38.7,-16.96,1.64,-33.98,3.0
-1.08,0.19,0.14,-30.46,30.64,-38.7,-16.96,1.64,-33.98,3.0
-1.08,0.19,0.14,-30.46,30.64,-38.7,-16.96,1.64,-33.98,3.0
-1.08,0.19,0.14,-30.46,30.64,-38.7,-16.96,1.64,-33.98,3.0
-1.08,0.19,0.14,-30.46,30.64,-38.7,-16.96,1.64,-33.98,3.0
-1.08,0.19,0.14,-30.46,30.64,-38.7,-16.96,1.64,-33.98,3.0
-1.15,0.24,0.18,-15.69,26.86,-39.12,-18.24,-3.37,-34.99,3.0
-1.15,0.24,0.18,-15.69,26.86,-39.12,-18.24,-3.37,-34.99,3.0
-1.18,0.15,0.17,-7.45,25.27,-39.25,-18.24,-3.37,-34.99,3.0
-1.18,0.15,0.17,-7.45,25.27,-39.25,-18.24,-3.37,-34.99,3.0
-1.18,0.15,0.17,-7.45,25.27,-39.25,-18.24,-3.37,-34.99,3.0
-1.03,-0.01,0.13,-1.71,20.08,-27.77,-18.18,-6.35,-36.1,3.0
-1.03,-0.01,0.13,-1.71,20.08,-27.77,-18.18,-6.35,-36.1,3.0
-1.03,-0.01,0.13,-1.71,20.08,-27.77,-18.18,-6.35,-36.1,3.0
-0.74,0.02,0.02,-8.79,12.15,-0.79,-17.72,-7.15,-35.42,3.0
-0.74,0.02,0.02,-8.79,12.15,-0.79,-17.72,-7.15,-35.42,3.0
-0.73,-0.01,-0.01,-13.06,6.59,10.01,-17.72,-7.15,-35.42,3.0
-0.73,-0.01,-0.01,-13.06,6.59,10.01,-17.72,-7.15,-35.42,3.0
-0.8,0.03,0.01,-18.92,-1.89,24.23,-18.07,-6.59,-35.33,3.0
-0.88,0.07,0.02,-18.19,-3.54,26.92,-18.07,-6.59,-35.33,3.0
-0.99,0.08,0.04,-9.52,-8.97,32.1,-17.6,-2.83,-34.91,3.0
-1.06,0.02,0.05,-9.58,-17.4,45.96,-17.6,-2.83,-34.91,3.0
-1.06,0.02,0.05,-9.58,-17.4,45.96,-17.6,-2.83,-34.91,3.0
-1.06,0.02,0.05,-9.58,-17.4,45.96,-17.6,-2.83,-34.91,3.0
-1.06,0.04,0.04,-14.89,-22.64,55.11,-16.96,2.91,-33.8,3.0
-1.05,0.08,0.06,-18.43,-26.86,62.62,-16.96,2.91,-33.8,3.0
-1.02,0.14,0.08,-18.98,-28.38,65.43,-16.96,2.91,-33.8,3.0
-0.98,0.2,0.07,-14.71,-31.56,67.2,-16.96,2.91,-33.8,3.0
-0.98,0.2,0.07,-14.71,-31.56,67.2,-16.96,2.91,-33.8,3.0
-0.98,0.2,0.07,-14.71,-31.56,67.2,-16.96,2.91,-33.8,3.0
-0.97,0.21,0.07,-5.92,-34.61,66.53,-9.23,13.66,-32.5,3.0
-0.98,0.26,0.06,-1.04,-36.07,65.86,-9.23,13.66,-32.5,3.0
-1.06,0.32,0.1,12.39,-38.51,63.05,-9.23,13.66,-32.5,3.0
-1.06,0.32,0.1,12.39,-38.51,63.05,-9.23,13.66,-32.5,3.0
-1.14,0.33,0.11,29.79,-41.44,60.06,12.96,23.21,-35.23,3.0
-1.03,0.32,0.11,59.69,-47.55,54.02,12.96,23.21,-35.23,3.0
-1.0,0.34,0.1,68.97,-48.71,50.9,35.18,6.67,-45.51,3.0
-1.0,0.34,0.1,68.97,-48.71,50.9,35.18,6.67,-45.51,3.0
-1.03,0.36,0.07,70.62,-48.71,48.77,35.18,6.67,-45.51,3.0
-1.14,0.4,0.1,68.85,-48.89,48.46,35.18,6.67,-45.51,3.0
-1.19,0.41,0.14,63.11,-49.01,47.55,27.17,-14.18,-52.84,3.0
-1.19,0.41,0.14,63.11,-49.01,47.55,27.17,-14.18,-52.84,3.0
-1.17,0.44,0.17,53.65,-48.1,47.18,27.17,-14.18,-52.84,3.0
-1.17,0.44,0.17,53.65,-48.1,47.18,27.17,-14.18,-52.84,3.0
-1.13,0.49,0.18,48.89,-44.01,42.6,27.17,-14.18,-52.84,3.0
-1.13,0.49,0.18,48.89,-44.01,42.6,27.17,-14.18,-52.84,3.0
-1.13,0.49,0.18,48.89,-44.01,42.6,27.17,-14.18,-52.84,3.0
-1.08,0.49,0.15,49.26,-41.56,39.31,27.17,-14.18,-52.84,3.0
-1.08,0.49,0.15,49.26,-41.56,39.31,27.17,-14.18,-52.84,3.0
-1.08,0.49,0.15,49.26,-41.56,39.31,27.17,-14.18,-52.84,3.0
-1.03,0.31,0.12,35.46,-33.51,32.78,12.67,-20.95,-53.27,3.0
-0.94,0.35,0.16,2.26,-31.01,34.48,3.17,-22.85,-51.07,3.0
-0.94,0.35,0.16,2.26,-31.01,34.48,3.17,-22.85,-51.07,3.0
-0.94,0.35,0.16,2.26,-31.01,34.48,3.17,-22.85,-51.07,3.0
-0.86,0.44,0.18,-7.02,-27.47,30.33,3.17,-22.85,-51.07,3.0
-0.86,0.44,0.18,-7.02,-27.47,30.33,3.17,-22.85,-51.07,3.0
-0.86,0.44,0.18,-7.02,-27.47,30.33,3.17,-22.85,-51.07,3.0
-0.8,0.53,0.16,8.06,-17.03,6.41,0.46,-22.44,-50.54,3.0
-0.8,0.53,0.16,8.06,-17.03,6.41,0.46,-22.44,-50.54,3.0
-0.82,0.45,0.14,22.28,-12.33,-3.78,0.46,-22.44,-50.54,3.0
-0.82,0.45,0.14,22.28,-12.33,-3.78,0.46,-22.44,-50.54,3.0
-0.82,0.45,0.14,22.28,-12.33,-3.78,0.46,-22.44,-50.54,3.0
-0.83,0.42,0.15,28.5,-8.42,-10.68,0.46,-22.44,-50.54,3.0
-0.83,0.42,0.15,28.5,-8.42,-10.68,0.46,-22.44,-50.54,3.0
-0.85,0.36,0.2,23.86,-1.53,-16.36,0.9,-21.64,-51.57,3.0
-0.85,0.36,0.2,23.86,-1.53,-16.36,0.9,-21.64,-51.57,3.0
-0.91,0.34,0.19,18.19,10.74,-24.17,0.9,-21.64,-51.57,3.0
-0.91,0.34,0.19,18.19,10.74,-24.17,0.9,-21.64,-51.57,3.0
-0.95,0.32,0.19,8.48,19.47,-26.31,4.33,-20.94,-53.6,3.0
-0.96,0.33,0.16,-7.87,29.11,-25.63,12.19,-18.7,-55.14,3.0
-0.96,0.34,0.15,-15.32,32.41,-25.94,12.19,-18.7,-55.14,3.0
-0.93,0.38,0.15,-22.58,36.38,-27.47,12.19,-18.7,-55.14,3.0
-0.93,0.38,0.15,-22.58,36.38,-27.47,12.19,-18.7,-55.14,3.0
-0.92,0.4,0.15,-22.09,38.02,-29.36,24.29,-8.44,-55.65,3.0
-0.94,0.42,0.15,-19.04,40.04,-31.01,24.29,-8.44,-55.65,3.0
-0.94,0.42,0.15,-19.04,40.04,-31.01,24.29,-8.44,-55.65,3.0
-0.95,0.41,0.14,-17.64,42.18,-33.69,24.29,-8.44,-55.65,3.0
-0.95,0.37,0.12,-18.62,43.4,-37.17,23.06,8.76,-45.37,3.0
-0.94,0.32,0.11,-24.78,46.08,-38.88,23.06,8.76,-45.37,3.0
-0.94,0.32,0.11,-24.78,46.08,-38.88,23.06,8.76,-45.37,3.0
-1.02,0.33,0.13,-35.71,48.58,-41.44,23.06,8.76,-45.37,3.0
-1.08,0.34,0.14,-41.14,49.26,-42.48,4.0,16.22,-35.68,3.0
-1.21,0.38,0.16,-47.79,49.74,-44.68,4.0,16.22,-35.68,3.0
-1.21,0.38,0.16,-47.79,49.74,-44.68,4.0,16.22,-35.68,3.0
-1.24,0.38,0.17,-46.45,48.03,-46.75,4.0,16.22,-35.68,3.0
-1.22,0.34,0.15,-43.33,43.88,-49.19,4.0,16.22,-35.68,3.0
-1.14,0.32,0.16,-42.6,42.24,-50.42,-11.29,8.4,-32.39,3.0
-1.14,0.32,0.16,-42.6,42.24,-50.42,-11.29,8.4,-32.39,3.0
-1.14,0.32,0.16,-42.6,42.24,-50.42,-11.29,8.4,-32.39,3.0
-1.14,0.32,0.16,-42.6,42.24,-50.42,-11.29,8.4,-32.39,3.0
-1.09,0.3,0.16,-37.23,38.57,-54.75,-11.29,8.4,-32.39,3.0
-1.13,0.25,0.15,-30.03,37.54,-58.47,-16.42,-0.62,-33.58,3.0
-1.17,0.16,0.16,-23.07,36.25,-59.33,-16.42,-0.62,-33.58,3.0
-1.18,0.08,0.14,-21.24,35.64,-56.15,-16.42,-0.62,-33.58,3.0
-1.07,-0.02,0.09,-26.67,33.81,-46.63,-17.79,-5.73,-34.68,3.0
-1.07,-0.02,0.09,-26.67,33.81,-46.63,-17.79,-5.73,-34.68,3.0
-0.96,-0.06,0.05,-36.13,31.8,-37.9,-17.79,-5.73,-34.68,3.0
-0.92,-0.06,0.03,-45.96,28.75,-29.79,-17.79,-5.73,-34.68,3.0
-0.85,-0.04,0.0,-48.83,24.9,-23.8,-17.38,-7.39,-35.52,3.0
-0.82,-0.02,0.01,-43.33,20.94,-19.47,-17.38,-7.39,-35.52,3.0
-0.82,-0.02,0.01,-43.33,20.94,-19.47,-17.38,-7.39,-35.52,3.0
-0.81,-0.04,0.0,-39.55,18.98,-17.21,-17.38,-7.39,-35.52,3.0
-0.83,-0.06,0.01,-32.84,14.71,-10.93,-17.7,-7.19,-36.21,3.0
-0.83,-0.06,0.01,-32.84,14.71,-10.93,-17.7,-7.19,-36.21,3.0
-0.85,-0.07,0.0,-26.25,10.25,-3.48,-17.7,-7.19,-36.21,3.0
-0.87,-0.06,0.01,-23.44,7.81,0.79,-17.7,-7.19,-36.21,3.0
-0.87,-0.06,0.01,-23.44,7.81,0.79,-17.7,-7.19,-36.21,3.0
-0.87,-0.06,0.01,-23.44,7.81,0.79,-17.7,-7.19,-36.21,3.0
-0.87,-0.06,0.01,-23.44,7.81,0.79,-17.7,-7.19,-36.21,3.0
-0.91,-0.03,0.02,-16.42,3.54,9.52,-17.7,-7.19,-36.21,3.0
-0.91,-0.03,0.02,-16.42,3.54,9.52,-17.7,-7.19,-36.21,3.0
-0.91,-0.03,0.02,-16.42,3.54,9.52,-17.7,-7.19,-36.21,3.0
-0.94,-0.01,0.03,-9.34,-1.04,16.78,-17.35,-6.88,-36.25,3.0
-0.95,-0.03,0.04,-3.78,-4.15,23.25,-17.35,-6.88,-36.25,3.0
-0.96,-0.05,0.03,-2.81,-7.02,30.64,-17.35,-6.88,-36.25,3.0
-0.96,-0.05,0.03,-2.81,-7.02,30.64,-17.35,-6.88,-36.25,3.0
-1.0,0.12,0.06,6.53,-16.24,46.57,-17.85,-4.85,-35.55,3.0
-1.04,0.15,0.06,22.95,-24.11,51.51,-17.13,0.05,-35.39,3.0
-1.02,0.17,0.05,28.26,-28.08,52.86,-17.13,0.05,-35.39,3.0
-0.98,0.23,0.06,32.59,-30.4,52.55,-12.62,7.45,-34.56,3.0
-0.94,0.27,0.03,42.42,-35.16,50.96,-12.62,7.45,-34.56,3.0
-0.93,0.32,0.02,50.11,-39.61,47.61,-12.62,7.45,-34.56,3.0
-0.93,0.32,0.02,50.11,-39.61,47.61,-12.62,7.45,-34.56,3.0
-0.93,0.36,0.03,56.64,-43.95,43.88,-12.62,7.45,-34.56,3.0
-0.93,0.37,0.03,65.0,-47.85,40.1,1.93,14.95,-36.45,3.0
-0.97,0.35,0.05,73.49,-50.72,36.32,1.93,14.95,-36.45,3.0
-1.12,0.35,0.12,76.66,-51.03,33.39,1.93,14.95,-36.45,3.0
-1.12,0.35,0.12,76.66,-51.03,33.39,1.93,14.95,-36.45,3.0
-1.29,0.3,0.15,78.37,-50.78,33.02,19.65,9.18,-43.93,3.0
-1.36,0.24,0.18,71.04,-49.99,35.71,19.65,9.18,-43.93,3.0
-1.34,0.21,0.19,57.43,-49.13,41.5,19.65,9.18,-43.93,3.0
-1.34,0.21,0.19,57.43,-49.13,41.5,19.65,9.18,-43.93,3.0
-1.22,0.2,0.2,49.38,-48.1,45.35,19.64,-8.45,-51.92,3.0
-1.14,0.23,0.19,32.04,-44.31,51.21,19.64,-8.45,-51.92,3.0
-1.11,0.27,0.14,13.18,-38.64,56.09,19.64,-8.45,-51.92,3.0
-1.11,0.27,0.14,13.18,-38.64,56.09,19.64,-8.45,-51.92,3.0
-1.1,0.31,0.13,-13.55,-32.04,61.95,8.51,-17.94,-50.29,3.0
-1.1,0.31,0.13,-13.55,-32.04,61.95,8.51,-17.94,-50.29,3.0
-1.01,0.4,0.15,-28.08,-28.08,61.34,8.51,-17.94,-50.29,3.0
-1.01,0.4,0.15,-28.08,-28.08,61.34,8.51,-17.94,-50.29,3.0
-0.9,0.54,0.16,-28.75,-25.21,54.38,8.51,-17.94,-50.29,3.0
-0.83,0.58,0.14,-12.94,-22.52,42.18,0.85,-19.24,-48.02,3.0
-0.83,0.58,0.14,-12.94,-22.52,42.18,0.85,-19.24,-48.02,3.0
-0.74,0.64,0.12,11.54,-19.59,26.98,0.85,-19.24,-48.02,3.0
-0.7,0.6,0.11,24.6,-18.13,19.23,0.85,-19.24,-48.02,3.0
-0.71,0.5,0.1,43.09,-15.93,6.65,0.85,-19.24,-48.02,3.0
-0.73,0.46,0.1,47.42,-14.89,1.95,-2.12,-18.55,-46.14,3.0
-0.78,0.4,0.14,49.01,-12.08,-3.78,-2.12,-18.55,-46.14,3.0
-0.82,0.38,0.17,46.02,-8.79,-7.57,-2.12,-18.55,-46.14,3.0
-0.82,0.38,0.17,46.02,-8.79,-7.57,-2.12,-18.55,-46.14,3.0
-0.89,0.37,0.2,43.33,-6.29,-9.22,-2.27,-19.13,-47.05,3.0
-0.89,0.37,0.2,43.33,-6.29,-9.22,-2.27,-19.13,-47.05,3.0
-0.95,0.38,0.23,35.46,-1.4,-11.96,-2.27,-19.13,-47.05,3.0
-0.95,0.38,0.23,35.46,-1.4,-11.96,-2.27,-19.13,-47.05,3.0
-0.95,0.38,0.23,35.46,-1.4,-11.96,-2.27,-19.13,-47.05,3.0
-0.97,0.38,0.23,26.92,4.88,-14.47,-2.27,-19.13,-47.05,3.0
-0.96,0.38,0.22,18.74,11.47,-16.54,-2.27,-19.13,-47.05,3.0
-0.96,0.38,0.22,18.74,11.47,-16.54,-2.27,-19.13,-47.05,3.0
-0.91,0.37,0.2,15.44,14.65,-18.07,-1.12,-18.24,-48.94,3.0
-0.85,0.37,0.18,10.8,21.12,-20.87,-1.12,-18.24,-48.94,3.0
-0.79,0.43,0.14,10.31,29.36,-29.6,4.74,-16.96,-52.01,3.0
-0.79,0.45,0.13,9.89,30.64,-31.56,4.74,-16.96,-52.01,3.0
-0.79,0.45,0.13,9.89,30.64,-31.56,4.74,-16.96,-52.01,3.0
-0.93,0.35,0.13,-0.55,36.56,-34.18,14.31,-9.89,-54.35,3.0
-1.01,0.35,0.16,-16.17,39.12,-34.61,14.31,-9.89,-54.35,3.0
-1.01,0.35,0.16,-16.17,39.12,-34.61,14.31,-9.89,-54.35,3.0
-1.05,0.36,0.18,-33.87,41.75,-36.5,14.31,-9.89,-54.35,3.0
-1.15,0.41,0.22,-40.89,43.52,-38.33,14.31,-9.89,-54.35,3.0
-1.28,0.46,0.24,-48.03,47.0,-44.07,19.51,8.18,-50.98,3.0
-1.28,0.46,0.24,-48.03,47.0,-44.07,19.51,8.18,-50.98,3.0
-1.35,0.5,0.25,-45.84,49.13,-51.82,19.51,8.18,-50.98,3.0
-1.31,0.46,0.25,-36.87,49.32,-61.28,19.51,8.18,-50.98,3.0
-1.2,0.4,0.23,-26.25,48.28,-70.25,2.39,18.9,-39.99,3.0
-1.15,0.36,0.22,-16.85,48.4,-77.33,2.39,18.9,-39.99,3.0
-1.15,0.36,0.22,-16.85,48.4,-77.33,2.39,18.9,-39.99,3.0
-1.07,0.24,0.14,-14.28,47.91,-79.16,2.39,18.9,-39.99,3.0
-1.05,0.15,0.14,-15.75,46.2,-77.94,-12.68,8.63,-34.86,3.0
-1.09,0.12,0.15,-21.73,44.92,-73.61,-12.68,8.63,-34.86,3.0
-1.09,0.12,0.16,-24.66,44.37,-68.3,-12.68,8.63,-34.86,3.0
-1.11,0.09,0.15,-28.2,42.48,-65.37,-16.71,-0.72,-34.47,3.0
-1.08,0.06,0.13,-29.48,40.77,-59.27,-16.71,-0.72,-34.47,3.0
-1.08,0.06,0.13,-29.48,40.77,-59.27,-16.71,-0.72,-34.47,3.0
-1.08,0.06,0.13,-29.48,40.77,-59.27,-16.71,-0.72,-34.47,3.0
-1.08,0.06,0.13,-29.48,40.77,-59.27,-16.71,-0.72,-34.47,3.0
-1.05,0.03,0.12,-30.33,39.92,-55.48,-16.71,-0.72,-34.47,3.0
-1.05,0.03,0.12,-30.33,39.92,-55.48,-16.71,-0.72,-34.47,3.0
-1.0,-0.02,0.09,-34.36,37.48,-45.9,-16.71,-0.72,-34.47,3.0
-0.95,-0.06,0.06,-43.33,33.63,-35.28,-17.38,-5.7,-35.49,3.0
-0.91,-0.04,0.04,-54.57,29.85,-25.27,-17.38,-5.7,-35.49,3.0
-0.9,-0.03,0.05,-59.57,25.7,-16.3,-17.38,-5.7,-35.49,3.0
-0.9,-0.03,0.05,-59.57,25.7,-16.3,-17.38,-5.7,-35.49,3.0
-0.88,-0.03,0.05,-58.35,24.11,-13.12,-17.3,-6.31,-35.77,3.0
-0.89,-0.02,0.05,-52.49,20.32,-8.61,-17.3,-6.31,-35.77,3.0
-0.89,-0.02,0.04,-43.95,16.85,-4.21,-17.3,-6.31,-35.77,3.0
-0.89,-0.02,0.04,-43.95,16.85,-4.21,-17.3,-6.31,-35.77,3.0
-0.91,-0.08,-0.01,-31.43,9.28,7.14,-17.44,-6.09,-36.22,3.0
-0.91,-0.08,-0.01,-31.43,9.28,7.14,-17.44,-6.09,-36.22,3.0
-0.92,-0.07,-0.01,-25.21,4.03,18.25,-17.44,-6.09,-36.22,3.0
-0.93,-0.04,0.01,-21.97,1.65,23.74,-17.44,-6.09,-36.22,3.0
-0.97,0.01,0.03,-3.23,-7.32,37.84,-17.58,-5.03,-35.42,3.0
-0.97,0.01,0.03,-3.23,-7.32,37.84,-17.58,-5.03,-35.42,3.0
-0.97,0.01,0.03,-3.23,-7.32,37.84,-17.58,-5.03,-35.42,3.0
-0.97,0.01,0.03,-3.23,-7.32,37.84,-17.58,-5.03,-35.42,3.0
-1.01,0.03,0.02,1.71,-9.22,39.79,-17.58,-5.03,-35.42,3.0
-1.03,0.03,0.02,8.61,-13.49,43.52,-17.58,-5.03,-35.42,3.0
-1.0,0.08,0.0,12.76,-18.37,48.22,-17.35,-1.55,-36.3,3.0
-1.0,0.08,0.0,12.76,-18.37,48.22,-17.35,-1.55,-36.3,3.0
-0.96,0.2,-0.01,22.03,-24.41,50.42,-17.35,-1.55,-36.3,3.0
-0.91,0.34,-0.01,56.4,-39.73,46.45,-14.15,6.98,-35.16,3.0
-0.94,0.37,0.02,64.58,-43.03,44.07,-14.15,6.98,-35.16,3.0
-1.02,0.37,0.07,79.9,-47.97,37.72,-14.15,6.98,-35.16,3.0
-1.06,0.37,0.09,93.63,-51.57,32.96,-3.52,15.75,-35.8,3.0
-1.09,0.3,0.08,99.91,-54.81,31.92,-3.52,15.75,-35.8,3.0
-1.09,0.3,0.08,99.91,-54.81,31.92,-3.52,15.75,-35.8,3.0
-1.07,0.27,0.08,97.96,-56.03,32.59,-3.52,15.75,-35.8,3.0
-1.04,0.24,0.09,85.33,-57.31,36.01,16.43,15.23,-43.53,3.0
-1.07,0.25,0.12,67.32,-56.76,40.89,16.43,15.23,-43.53,3.0
-1.17,0.28,0.18,48.65,-54.38,46.45,16.43,15.23,-43.53,3.0
-1.17,0.28,0.18,48.65,-54.38,46.45,16.43,15.23,-43.53,3.0
-1.18,0.3,0.21,31.43,-50.6,51.82,16.43,15.23,-43.53,3.0
-1.14,0.31,0.21,15.93,-45.59,56.4,25.68,-0.95,-54.32,3.0
-1.03,0.35,0.18,2.38,-40.59,60.0,25.68,-0.95,-54.32,3.0
-0.98,0.43,0.16,-2.38,-37.96,60.3,25.68,-0.95,-54.32,3.0
-0.97,0.46,0.14,-9.77,-32.47,58.78,16.71,-15.44,-55.54,3.0
-0.97,0.46,0.14,-9.77,-32.47,58.78,16.71,-15.44,-55.54,3.0
-0.99,0.49,0.14,-17.09,-28.2,56.27,16.71,-15.44,-55.54,3.0
-0.99,0.52,0.16,-22.71,-25.33,52.92,16.71,-15.44,-55.54,3.0
-0.93,0.58,0.19,-23.19,-23.32,47.0,8.79,-20.73,-52.48,3.0
-0.89,0.62,0.2,-15.32,-20.81,36.07,8.79,-20.73,-52.48,3.0
-0.89,0.62,0.2,-15.32,-20.81,36.07,8.79,-20.73,-52.48,3.0
-0.8,0.69,0.2,-7.81,-19.23,28.87,8.79,-20.73,-52.48,3.0
-0.8,0.69,0.2,-7.81,-19.23,28.87,8.79,-20.73,-52.48,3.0
-0.8,0.69,0.2,-7.81,-19.23,28.87,8.79,-20.73,-52.48,3.0
-0.8,0.69,0.2,-7.81,-19.23,28.87,8.79,-20.73,-52.48,3.0
-0.8,0.69,0.2,-7.81,-19.23,28.87,8.79,-20.73,-52.48,3.0
-0.8,0.69,0.2,-7.81,-19.23,28.87,8.79,-20.73,-52.48,3.0
-0.8,0.69,0.2,-7.81,-19.23,28.87,8.79,-20.73,-52.48,3.0
-0.8,0.69,0.2,-7.81,-19.23,28.87,8.79,-20.73,-52.48,3.0
-0.8,0.69,0.2,-7.81,-19.23,28.87,8.79,-20.73,-52.48,3.0
-0.8,0.69,0.2,-7.81,-19.23,28.87,8.79,-20.73,-52.48,3.0
-0.76,0.66,0.17,12.94,-15.2,13.37,8.79,-20.73,-52.48,3.0
-0.76,0.66,0.17,12.94,-15.2,13.37,8.79,-20.73,-52.48,3.0
-0.76,0.66,0.17,12.94,-15.2,13.37,8.79,-20.73,-52.48,3.0
-0.79,0.54,0.15,36.07,-7.87,-6.53,4.28,-20.75,-51.21,3.0
-0.79,0.54,0.15,36.07,-7.87,-6.53,4.28,-20.75,-51.21,3.0
-0.82,0.49,0.2,35.89,-6.53,-8.97,4.28,-20.75,-51.21,3.0
-0.87,0.47,0.28,23.74,8.06,-16.48,3.72,-20.42,-51.57,3.0
-0.82,0.48,0.17,-8.24,36.07,-27.71,15.67,-15.32,-54.58,3.0
-0.82,0.48,0.17,-8.24,36.07,-27.71,15.67,-15.32,-54.58,3.0
-0.8,0.51,0.16,-21.85,41.2,-29.05,15.67,-15.32,-54.58,3.0
-0.82,0.53,0.16,-34.61,45.04,-31.86,15.67,-15.32,-54.58,3.0
-0.9,0.54,0.16,-45.96,47.3,-35.89,15.67,-15.32,-54.58,3.0
-0.95,0.55,0.17,-50.78,48.03,-40.53,24.17,-0.61,-53.41,3.0
-0.95,0.55,0.17,-50.78,48.03,-40.53,24.17,-0.61,-53.41,3.0
-1.06,0.56,0.19,-56.09,48.89,-43.03,24.17,-0.61,-53.41,3.0
-1.1,0.56,0.23,-55.54,48.22,-48.1,24.17,-0.61,-53.41,3.0
-1.16,0.56,0.24,-50.72,48.34,-54.57,12.98,19.51,-42.31,3.0
-1.16,0.56,0.24,-50.72,48.34,-54.57,12.98,19.51,-42.31,3.0
-1.38,0.52,0.3,-37.78,52.12,-65.25,12.98,19.51,-42.31,3.0
-1.4,0.46,0.26,-29.3,54.26,-72.81,-12.34,10.52,-34.59,3.0
-1.4,0.46,0.26,-29.3,54.26,-72.81,-12.34,10.52,-34.59,3.0
-1.32,0.42,0.22,-24.78,52.67,-79.28,-12.34,10.52,-34.59,3.0
-1.13,0.34,0.16,-23.93,52.12,-84.41,-12.34,10.52,-34.59,3.0
-0.98,0.25,0.11,-24.6,51.94,-86.67,-12.34,10.52,-34.59,3.0
-0.98,0.25,0.11,-24.6,51.94,-86.67,-12.34,10.52,-34.59,3.0
-0.94,0.21,0.09,-28.2,52.06,-90.09,-17.04,-3.23,-35.35,3.0
-1.02,0.12,0.07,-30.64,51.39,-88.81,-17.04,-3.23,-35.35,3.0
-1.07,0.09,0.08,-31.19,50.17,-86.55,-17.04,-3.23,-35.35,3.0
-1.17,0.01,0.11,-33.94,46.75,-78.49,-16.67,-7.87,-36.76,3.0
-1.17,0.01,0.11,-33.94,46.75,-78.49,-16.67,-7.87,-36.76,3.0
-1.21,-0.01,0.13,-38.76,41.87,-65.98,-16.67,-7.87,-36.76,3.0
-1.22,-0.05,0.14,-40.95,39.31,-59.02,-16.67,-7.87,-36.76,3.0
-1.14,-0.06,0.12,-45.04,33.75,-45.41,-16.67,-7.87,-36.76,3.0
-1.01,-0.06,0.07,-46.08,29.3,-33.51,-16.27,-9.3,-36.99,3.0
-1.01,-0.06,0.07,-46.08,29.3,-33.51,-16.27,-9.3,-36.99,3.0
-1.01,-0.06,0.07,-46.08,29.3,-33.51,-16.27,-9.3,-36.99,3.0
-1.01,-0.06,0.07,-46.08,29.3,-33.51,-16.27,-9.3,-36.99,3.0
-1.01,-0.06,0.07,-46.08,29.3,-33.51,-16.27,-9.3,-36.99,3.0
-0.96,-0.06,0.05,-45.9,27.04,-28.14,-16.27,-9.3,-36.99,3.0
-0.85,-0.1,-0.01,-42.66,22.16,-17.27,-16.27,-9.3,-36.99,3.0
-0.85,-0.1,-0.01,-42.66,22.16,-17.27,-16.27,-9.3,-36.99,3.0
-0.78,-0.12,-0.01,-41.44,16.91,-5.13,-16.5,-10.1,-36.78,3.0
-0.76,-0.11,-0.01,-43.15,12.63,5.98,-16.5,-10.1,-36.78,3.0
-0.76,-0.11,-0.01,-43.15,12.63,5.98,-16.5,-10.1,-36.78,3.0
-0.76,-0.11,-0.01,-43.15,12.63,5.98,-16.5,-10.1,-36.78,3.0
-0.83,0.04,0.01,-22.52,2.75,26.06,-16.5,-9.24,-35.96,3.0
-0.87,0.04,0.03,-6.96,-1.53,31.8,-16.5,-9.24,-35.96,3.0
-0.9,0.02,0.03,2.5,-5.68,39.61,-16.5,-9.24,-35.96,3.0
-0.96,0.02,0.04,4.33,-8.06,44.37,-17.05,-7.76,-36.83,3.0
-0.96,0.02,0.04,4.33,-8.06,44.37,-17.05,-7.76,-36.83,3.0
-1.07,0.1,0.07,7.75,-15.62,60.3,-17.05,-7.76,-36.83,3.0
-1.07,0.1,0.07,7.75,-15.62,60.3,-17.05,-7.76,-36.83,3.0
-1.11,0.14,0.08,9.4,-17.52,62.44,-18.02,-4.76,-37.07,3.0
-1.1,0.17,0.09,13.98,-20.94,64.27,-18.02,-4.76,-37.07,3.0
-1.08,0.18,0.08,19.29,-23.25,65.0,-18.02,-4.76,-37.07,3.0
-1.06,0.18,0.08,23.44,-26.31,67.44,-17.14,2.48,-35.93,3.0
-1.06,0.18,0.08,23.44,-26.31,67.44,-17.14,2.48,-35.93,3.0
-1.04,0.18,0.07,23.5,-29.48,70.8,-17.14,2.48,-35.93,3.0
-1.04,0.21,0.08,20.51,-32.78,75.68,-17.14,2.48,-35.93,3.0
-1.04,0.21,0.08,20.51,-32.78,75.68,-17.14,2.48,-35.93,3.0
-1.04,0.21,0.08,20.51,-32.78,75.68,-17.14,2.48,-35.93,3.0
-1.06,0.23,0.09,19.29,-34.42,77.7,-17.14,2.48,-35.93,3.0
-1.06,0.23,0.09,19.29,-34.42,77.7,-17.14,2.48,-35.93,3.0
-1.11,0.27,0.13,18.13,-37.35,80.44,-7.35,14.62,-37.16,3.0
-1.14,0.32,0.18,21.67,-39.49,82.4,-7.35,14.62,-37.16,3.0
-1.16,0.35,0.2,31.01,-40.83,82.21,-7.35,14.62,-37.16,3.0
-1.16,0.35,0.2,31.01,-40.83,82.21,-7.35,14.62,-37.16,3.0
-1.18,0.4,0.21,46.26,-40.77,80.2,17.37,11.79,-44.74,3.0
-1.18,0.4,0.21,46.26,-40.77,80.2,17.37,11.79,-44.74,3.0
-1.16,0.39,0.19,51.45,-41.5,81.36,17.37,11.79,-44.74,3.0
-1.09,0.38,0.15,51.33,-41.99,82.09,17.37,11.79,-44.74,3.0
-1.09,0.38,0.15,51.33,-41.99,82.09,17.37,11.79,-44.74,3.0
-1.03,0.38,0.14,46.2,-43.09,83.13,16.42,-10.27,-48.46,3.0
-0.97,0.4,0.15,37.66,-43.21,83.31,16.42,-10.27,-48.46,3.0
-0.89,0.45,0.13,18.37,-38.82,80.51,3.02,-18.24,-45.43,3.0
-0.89,0.45,0.13,18.37,-38.82,80.51,3.02,-18.24,-45.43,3.0
-0.91,0.48,0.12,8.3,-35.77,79.96,3.02,-18.24,-45.43,3.0
-1.02,0.55,0.14,3.17,-34.42,79.77,3.02,-18.24,-45.43,3.0
-1.13,0.65,0.15,-6.71,-32.9,79.77,-4.3,-18.13,-42.64,3.0
-1.16,0.75,0.16,-14.22,-34.36,75.62,-4.3,-18.13,-42.64,3.0
-1.13,0.75,0.18,-15.75,-35.46,71.66,-4.3,-18.13,-42.64,3.0
-1.02,0.81,0.24,-10.01,-36.07,56.52,-4.3,-18.13,-42.64,3.0
-1.02,0.81,0.24,-10.01,-36.07,56.52,-4.3,-18.13,-42.64,3.0
-0.94,0.84,0.26,7.69,-30.58,32.04,-6.8,-17.53,-40.49,3.0
-0.94,0.84,0.26,7.69,-30.58,32.04,-6.8,-17.53,-40.49,3.0
-0.82,0.83,0.24,30.82,-18.62,3.23,-6.8,-17.53,-40.49,3.0
-0.75,0.75,0.18,40.41,-11.66,-9.95,-6.8,-17.53,-40.49,3.0
-0.74,0.65,0.11,49.19,0.61,-32.65,-6.35,-19.06,-42.22,3.0
-0.75,0.6,0.1,46.33,11.05,-49.38,-6.35,-19.06,-42.22,3.0
-0.82,0.49,0.13,41.02,16.3,-59.45,-6.35,-19.06,-42.22,3.0
-0.82,0.49,0.13,41.02,16.3,-59.45,-6.35,-19.06,-42.22,3.0
-0.88,0.43,0.17,22.58,26.86,-62.81,-6.35,-19.06,-42.22,3.0
-0.92,0.42,0.2,1.71,36.32,-67.81,-2.78,-19.27,-43.91,3.0
-0.95,0.4,0.22,-10.8,44.74,-71.47,-2.78,-19.27,-43.91,3.0
-0.95,0.4,0.22,-10.8,44.74,-71.47,-2.78,-19.27,-43.91,3.0
-0.96,0.38,0.22,-20.51,51.7,-73.67,-2.78,-19.27,-43.91,3.0
-0.95,0.39,0.19,-26.06,54.5,-74.46,5.11,-17.54,-47.47,3.0
-0.93,0.44,0.16,-36.32,58.41,-76.66,5.11,-17.54,-47.47,3.0
-0.93,0.5,0.13,-42.6,60.79,-80.08,5.11,-17.54,-47.47,3.0
-0.93,0.5,0.13,-42.6,60.79,-80.08,5.11,-17.54,-47.47,3.0
-0.95,0.51,0.12,-44.56,61.83,-83.68,16.26,-8.2,-50.29,3.0
-1.01,0.52,0.12,-43.52,61.89,-85.94,16.26,-8.2,-50.29,3.0
-1.01,0.52,0.12,-43.52,61.89,-85.94,16.26,-8.2,-50.29,3.0
-1.08,0.53,0.13,-38.51,61.71,-90.52,16.26,-8.2,-50.29,3.0
-1.12,0.52,0.13,-35.16,61.28,-93.63,16.26,-8.2,-50.29,3.0
-1.12,0.52,0.13,-35.16,61.28,-93.63,16.26,-8.2,-50.29,3.0
-1.15,0.5,0.14,-29.42,59.81,-100.4,11.77,11.82,-44.21,3.0
-1.17,0.47,0.17,-24.96,58.47,-107.12,11.77,11.82,-44.21,3.0
-1.21,0.43,0.21,-20.75,57.8,-111.51,11.77,11.82,-44.21,3.0
-1.21,0.43,0.21,-20.75,57.8,-111.51,11.77,11.82,-44.21,3.0
-1.23,0.41,0.22,-19.29,56.4,-113.1,-10.0,10.61,-38.48,3.0
-1.25,0.38,0.24,-19.59,55.3,-113.04,-10.0,10.61,-38.48,3.0
-1.23,0.37,0.24,-21.36,52.61,-111.15,-10.0,10.61,-38.48,3.0
-1.23,0.37,0.24,-21.36,52.61,-111.15,-10.0,10.61,-38.48,3.0
-1.2,0.4,0.24,-22.28,50.17,-111.15,-16.5,-1.31,-37.32,3.0
-1.19,0.4,0.24,-17.7,49.01,-114.44,-16.5,-1.31,-37.32,3.0
-1.15,0.39,0.24,-13.37,49.13,-116.52,-16.5,-1.31,-37.32,3.0
-1.15,0.39,0.24,-13.37,49.13,-116.52,-16.5,-1.31,-37.32,3.0
-1.14,0.25,0.24,-4.58,49.87,-117.98,-16.5,-1.31,-37.32,3.0
-1.13,0.19,0.24,-2.44,50.6,-113.28,-16.82,-8.03,-37.81,3.0
-1.13,0.19,0.24,-2.44,50.6,-113.28,-16.82,-8.03,-37.81,3.0
-1.12,0.17,0.25,-3.42,51.15,-94.24,-16.82,-8.03,-37.81,3.0
-1.01,0.16,0.19,-33.2,41.5,-78.43,-15.98,-11.12,-38.7,3.0
-1.01,0.16,0.19,-33.2,41.5,-78.43,-15.98,-11.12,-38.7,3.0
-0.94,0.15,0.16,-35.71,38.51,-73.18,-15.98,-11.12,-38.7,3.0
-0.86,0.15,0.14,-34.73,32.78,-63.72,-15.98,-11.12,-38.7,3.0
-0.77,0.14,0.12,-27.83,26.86,-53.83,-15.32,-11.55,-39.0,3.0
-0.73,0.1,0.1,-18.25,20.94,-41.81,-15.32,-11.55,-39.0,3.0
-0.73,0.1,0.1,-18.25,20.94,-41.81,-15.32,-11.55,-39.0,3.0
-0.66,0.06,0.06,-13.98,17.7,-34.73,-15.32,-11.55,-39.0,3.0
-0.66,0.06,0.06,-13.98,17.7,-34.73,-15.32,-11.55,-39.0,3.0
-0.66,0.06,0.06,-13.98,17.7,-34.73,-15.32,-11.55,-39.0,3.0
-0.64,0.05,0.04,-8.36,10.86,-19.29,-14.72,-12.21,-39.03,3.0
-0.65,0.09,0.04,-5.98,3.3,-2.99,-14.72,-12.21,-39.03,3.0
-0.65,0.14,0.07,-2.08,-4.64,12.88,-14.72,-12.21,-39.03,3.0
-0.65,0.14,0.07,-2.08,-4.64,12.88,-14.72,-12.21,-39.03,3.0
-0.69,0.14,0.08,5.62,-11.9,27.59,-14.72,-12.21,-39.03,3.0
-0.74,0.13,0.09,10.13,-15.56,34.67,-15.71,-12.57,-38.49,3.0
-0.79,0.17,0.1,19.29,-22.58,48.77,-15.71,-12.57,-38.49,3.0
-0.85,0.2,0.11,27.47,-28.99,60.55,-15.71,-12.57,-38.49,3.0
-0.87,0.2,0.11,30.21,-36.01,72.33,-15.41,-10.64,-37.44,3.0
-0.91,0.23,0.13,30.46,-38.94,83.86,-15.41,-10.64,-37.44,3.0
-0.91,0.23,0.13,30.46,-38.94,83.86,-15.41,-10.64,-37.44,3.0
-0.94,0.23,0.15,30.64,-44.19,88.68,-15.41,-10.64,-37.44,3.0
-0.94,0.23,0.15,30.64,-44.19,88.68,-15.41,-10.64,-37.44,3.0
-0.96,0.26,0.15,29.24,-48.22,97.53,-16.66,-6.42,-38.72,3.0
-0.96,0.26,0.15,29.24,-48.22,97.53,-16.66,-6.42,-38.72,3.0
-0.96,0.25,0.15,27.22,-51.88,104.74,-16.66,-6.42,-38.72,3.0
-0.97,0.28,0.16,25.88,-53.59,108.4,-16.66,-6.42,-38.72,3.0
-0.97,0.28,0.16,25.88,-53.59,108.4,-16.66,-6.42,-38.72,3.0
-0.98,0.3,0.16,23.13,-56.58,112.61,-16.66,-6.42,-38.72,3.0
-1.03,0.33,0.16,21.12,-58.23,114.38,-15.84,-0.71,-37.94,3.0
-1.09,0.38,0.2,17.88,-61.71,116.94,-15.84,-0.71,-37.94,3.0
-1.17,0.43,0.25,20.2,-64.45,117.74,-15.84,-0.71,-37.94,3.0
-1.21,0.49,0.28,29.36,-66.71,116.33,-4.75,10.74,-39.69,3.0
-1.25,0.5,0.3,43.46,-68.18,114.01,-4.75,10.74,-39.69,3.0
-1.25,0.5,0.3,43.46,-68.18,114.01,-4.75,10.74,-39.69,3.0
-1.27,0.51,0.33,51.82,-68.36,112.79,-4.75,10.74,-39.69,3.0
-1.27,0.51,0.33,51.82,-68.36,112.79,-4.75,10.74,-39.69,3.0
-1.28,0.5,0.32,67.14,-68.42,110.53,-4.75,10.74,-39.69,3.0
-1.23,0.46,0.28,75.62,-68.3,109.38,14.84,4.42,-46.73,3.0
-1.23,0.46,0.28,75.62,-68.3,109.38,14.84,4.42,-46.73,3.0
-1.1,0.41,0.23,72.02,-68.66,109.56,14.84,4.42,-46.73,3.0
-1.04,0.38,0.22,65.49,-68.3,109.99,14.84,4.42,-46.73,3.0
-0.94,0.37,0.18,45.47,-64.94,110.17,12.1,-12.93,-48.97,3.0
-0.93,0.45,0.16,-6.84,-53.53,109.74,12.1,-12.93,-48.97,3.0
-0.93,0.45,0.16,-6.84,-53.53,109.74,12.1,-12.93,-48.97,3.0
-1.01,0.56,0.16,-16.48,-50.66,108.83,1.94,-19.34,-45.97,3.0
-1.11,0.67,0.18,-28.08,-46.02,105.1,1.94,-19.34,-45.97,3.0
-1.11,0.67,0.18,-28.08,-46.02,105.1,1.94,-19.34,-45.97,3.0
-1.14,0.73,0.19,-25.39,-42.66,96.31,1.94,-19.34,-45.97,3.0
-1.16,0.81,0.21,-12.27,-40.59,81.97,1.94,-19.34,-45.97,3.0
-1.16,0.81,0.21,-12.27,-40.59,81.97,1.94,-19.34,-45.97,3.0
